Symbol,Date,Open,High,Low,Close,Volume
AEDAUD,23-Nov-16,0.3674,0.3686,0.367,0.3686,0
AEDCAD,23-Nov-16,0.3656,0.3672,0.3656,0.3672,0
AEDCHF,23-Nov-16,0.2751,0.2768,0.2751,0.2768,0
AEDDKK,23-Nov-16,1.9037,1.9185,1.9037,1.9185,0
AEDEUR,23-Nov-16,0.2559,0.2579,0.2559,0.2579,0
AEDGBP,23-Nov-16,0.2191,0.2193,0.2188,0.2188,0
AEDINR,23-Nov-16,18.616,18.726,18.616,18.726,0
AEDJPY,23-Nov-16,30.216,30.633,30.216,30.63,0
AEDNOK,23-Nov-16,2.3173,2.3445,2.3172,2.3445,0
AEDNZD,23-Nov-16,0.3851,0.3884,0.3851,0.3884,0
AEDPKR,23-Nov-16,28.519,28.519,28.515,28.515,0
AEDSAR,23-Nov-16,1.0205,1.0208,1.0204,1.0207,0
AEDSEK,23-Nov-16,2.5063,2.5257,2.5063,2.5257,0
AEDUSD,23-Nov-16,0.2722,0.2722,0.2722,0.2722,0
AEDZAR,23-Nov-16,3.8222,3.8899,3.8141,3.8445,0
ALLGBP,23-Nov-16,0.0062,0.0062,0.0061,0.0061,0
ARSAUD,23-Nov-16,0.0874,0.0875,0.087,0.0872,0
ARSBRL,23-Nov-16,0.218,0.2208,0.2172,0.2208,0
ARSCAD,23-Nov-16,0.087,0.0872,0.0866,0.0868,0
ARSCHF,23-Nov-16,0.0655,0.0656,0.0653,0.0654,0
ARSEUR,23-Nov-16,0.0609,0.0612,0.0609,0.061,0
ARSGBP,23-Nov-16,0.0521,0.0523,0.0516,0.0517,0
ARSHKD,23-Nov-16,0.5023,0.5023,0.4983,0.4988,0
ARSHUF,23-Nov-16,18.787,18.959,18.784,18.926,0
ARSJPY,23-Nov-16,7.19,7.265,7.187,7.244,0
ARSMXN,23-Nov-16,1.3349,1.3386,1.3268,1.3283,0
ARSSGD,23-Nov-16,0.0922,0.0925,0.0921,0.0921,0
ARSUSD,23-Nov-16,0.0648,0.0648,0.0643,0.0643,0
ARSZAR,23-Nov-16,0.9119,0.9203,0.909,0.9096,0
AUDAED,23-Nov-16,2.72,2.72,2.72,2.72,0
AUDARS,23-Nov-16,11.432,11.4837,11.4235,11.4669,0
AUDBRL,23-Nov-16,2.4892,2.5238,2.4888,2.5238,0
AUDCAD,23-Nov-16,0.995,0.9999,0.9943,0.9958,0
AUDCHF,23-Nov-16,0.7489,0.7532,0.7479,0.7505,0
AUDCNH,23-Nov-16,5.1174,5.1507,5.1139,5.1262,0
AUDCNY,23-Nov-16,5.0977,5.1223,5.0772,5.098,0
AUDCZK,23-Nov-16,18.824,18.979,18.81,18.901,0
AUDDKK,23-Nov-16,5.1826,5.2236,5.1778,5.2027,0
AUDEUR,23-Nov-16,0.6965,0.7021,0.696,0.6994,0
AUDFJD,23-Nov-16,1.5479,1.5479,1.5361,1.5397,0
AUDGBP,23-Nov-16,0.5961,0.6004,0.5926,0.5933,0
AUDHKD,23-Nov-16,5.7452,5.773,5.716,5.7202,0
AUDHUF,23-Nov-16,214.91,217.48,214.79,216.98,0
AUDIDR,23-Nov-16,9796.7,9952.7,9791.6,9858.6,0
AUDILS,23-Nov-16,2.8637,2.8736,2.859,2.8593,0
AUDINR,23-Nov-16,50.619,50.914,50.574,50.704,0
AUDJPY,23-Nov-16,82.208,83.474,82.208,83.023,0
AUDKRW,23-Nov-16,864.98,873.68,864.98,871.04,0
AUDMXN,23-Nov-16,15.2593,15.3237,15.2241,15.2316,0
AUDMYR,23-Nov-16,3.2725,3.2822,3.244,3.244,0
AUDNOK,23-Nov-16,6.3069,6.3707,6.2995,6.358,0
AUDNZD,23-Nov-16,1.0479,1.0561,1.047,1.0538,0
AUDPHP,23-Nov-16,36.822,36.944,36.755,36.755,0
AUDPKR,23-Nov-16,77.527,77.527,77.478,77.478,0
AUDPLN,23-Nov-16,3.0743,3.1069,3.0727,3.097,0
AUDSEK,23-Nov-16,6.8224,6.8674,6.8167,6.8459,0
AUDSGD,23-Nov-16,1.0542,1.0611,1.0537,1.0563,0
AUDTHB,23-Nov-16,26.27,26.391,26.24,26.302,0
AUDTRY,23-Nov-16,2.5036,2.523,2.5014,2.5053,0
AUDTWD,23-Nov-16,22.887,23.029,22.887,23.029,0
AUDUSD,23-Nov-16,0.7408,0.7444,0.737,0.7376,0
AUDZAR,23-Nov-16,10.424,10.5513,10.3932,10.4102,0
AWGUSD,23-Nov-16,0.5525,0.5525,0.5525,0.5525,0
BDTGBP,23-Nov-16,0.0099,0.0099,0.0099,0.0099,0
BDTJPY,23-Nov-16,1.3722,1.3786,1.3722,1.3786,0
BGNCNY,23-Nov-16,3.7405,3.7453,3.7219,3.725,0
BGNDKK,23-Nov-16,3.7893,3.7894,3.7875,3.7888,0
BGNPLN,23-Nov-16,2.2573,2.2686,2.2528,2.2659,0
BGNUSD,23-Nov-16,0.5412,0.5416,0.5375,0.5375,0
BHDEUR,23-Nov-16,2.4786,2.4947,2.4759,2.4947,0
BHDPKR,23-Nov-16,277.83,277.83,277.79,277.79,0
BHDUSD,23-Nov-16,2.6328,2.6339,2.6322,2.6325,0
BNDGBP,23-Nov-16,0.5558,0.5558,0.5508,0.5508,0
BRLARS,23-Nov-16,4.5859,4.5984,4.5268,4.5283,0
BRLAUD,23-Nov-16,0.4009,0.4012,0.3943,0.3947,0
BRLCAD,23-Nov-16,0.3987,0.4001,0.3939,0.3939,0
BRLCHF,23-Nov-16,0.3002,0.3016,0.2961,0.2963,0
BRLEUR,23-Nov-16,0.2793,0.2809,0.276,0.2761,0
BRLHKD,23-Nov-16,2.3023,2.3085,2.2627,2.2627,0
BRLJPY,23-Nov-16,32.973,33.234,32.756,32.787,0
BRLKRW,23-Nov-16,347.07,350.66,343.971,343.971,0
BRLMXN,23-Nov-16,6.1222,6.1434,6.0142,6.0161,0
BRLRUB,23-Nov-16,18.93,19.161,18.778,18.778,0
BRLSEK,23-Nov-16,2.7345,2.7435,2.7089,2.7089,0
BRLSGD,23-Nov-16,0.4225,0.4244,0.418,0.418,0
BRLUSD,23-Nov-16,0.297,0.2978,0.2913,0.2913,0
BRLZAR,23-Nov-16,4.1788,4.1958,4.1281,4.1281,0
BWPCHF,23-Nov-16,0.092,0.0921,0.092,0.0921,0
BWPEUR,23-Nov-16,0.0856,0.0858,0.0856,0.0858,0
BWPGBP,23-Nov-16,0.0733,0.0734,0.0728,0.0729,0
BWPUSD,23-Nov-16,0.091,0.091,0.0906,0.0906,0
BWPZAR,23-Nov-16,1.299,1.3121,1.2912,1.296,0
CADAED,23-Nov-16,2.7343,2.7355,2.7172,2.7198,0
CADARS,23-Nov-16,11.486,11.528,11.4644,11.5114,0
CADAUD,23-Nov-16,1.0049,1.0055,0.9999,1.0043,0
CADBRL,23-Nov-16,2.5024,2.5332,2.4923,2.5332,0
CADCHF,23-Nov-16,0.7525,0.7551,0.7503,0.7534,0
CADCNH,23-Nov-16,5.138,5.138,5.138,5.138,0
CADCNY,23-Nov-16,5.1227,5.1286,5.103,5.1178,0
CADEUR,23-Nov-16,0.6999,0.7045,0.6989,0.7022,0
CADGBP,23-Nov-16,0.5992,0.6012,0.5949,0.5957,0
CADHKD,23-Nov-16,5.773,5.7756,5.7369,5.7429,0
CADIDR,23-Nov-16,9844.9,9977.4,9835.1,9898.3,0
CADILS,23-Nov-16,2.8775,2.8779,2.8673,2.8705,0
CADINR,23-Nov-16,50.868,51.065,50.84,50.904,0
CADISK,23-Nov-16,84.29,84.29,83.96,84.2625,0
CADJPY,23-Nov-16,82.615,83.741,82.52,83.366,0
CADKRW,23-Nov-16,869.11,877.01,869.11,874.32,0
CADKWD,23-Nov-16,0.2266,0.2266,0.2255,0.2255,0
CADMXN,23-Nov-16,15.335,15.388,15.268,15.292,0
CADMYR,23-Nov-16,3.2882,3.2955,3.257,3.257,0
CADNOK,23-Nov-16,6.338,6.393,6.3152,6.3845,0
CADNZD,23-Nov-16,1.0527,1.0595,1.0518,1.058,0
CADPKR,23-Nov-16,77.869,77.869,77.789,77.789,0
CADPLN,23-Nov-16,3.0902,3.1197,3.0829,3.1111,0
CADRUB,23-Nov-16,47.449,47.948,47.423,47.64,0
CADSEK,23-Nov-16,6.8557,6.8902,6.8435,6.8752,0
CADSGD,23-Nov-16,1.0595,1.0647,1.0592,1.0608,0
CADTHB,23-Nov-16,26.399,26.466,26.366,26.408,0
CADTRY,23-Nov-16,2.5159,2.5298,2.5071,2.5139,0
CADTWD,23-Nov-16,23.001,23.109,23.001,23.109,0
CADUAH,23-Nov-16,19.634,19.634,19.634,19.634,0
CADUSD,23-Nov-16,0.7442,0.7447,0.7398,0.7405,0
CADZAR,23-Nov-16,10.475,10.5859,10.4228,10.4442,0
CDFUSD,23-Nov-16,0.001,0.001,0.001,0.001,0
CHFAED,23-Nov-16,3.6325,3.6325,3.6112,3.6113,0
CHFARS,23-Nov-16,15.263,15.2918,15.2445,15.2734,0
CHFAUD,23-Nov-16,1.335,1.3363,1.327,1.3325,0
CHFBGN,23-Nov-16,1.7914,1.7914,1.7914,1.7914,0
CHFBRL,23-Nov-16,3.3255,3.3592,3.3147,3.3592,0
CHFBWP,23-Nov-16,10.569,10.569,10.558,10.558,0
CHFCAD,23-Nov-16,1.3286,1.3324,1.3244,1.3268,0
CHFCNH,23-Nov-16,6.832,6.833,6.832,6.833,0
CHFCNY,23-Nov-16,6.8066,6.8231,6.7791,6.7902,0
CHFCZK,23-Nov-16,25.137,25.22,25.132,25.188,0
CHFDKK,23-Nov-16,6.9216,6.9429,6.8994,6.9337,0
CHFEUR,23-Nov-16,0.9304,0.9334,0.9298,0.9321,0
CHFGBP,23-Nov-16,0.7962,0.7998,0.7892,0.7904,0
CHFHKD,23-Nov-16,7.6709,7.6847,7.6177,7.6224,0
CHFHUF,23-Nov-16,287.04,289.465,287.007,289.223,0
CHFIDR,23-Nov-16,13081,13234.5,13080.8,13133.8,0
CHFILS,23-Nov-16,3.824,3.8267,3.808,3.809,0
CHFINR,23-Nov-16,67.589,67.926,67.518,67.547,0
CHFISK,23-Nov-16,111.6,111.79,110.85,110.88,0
CHFJPY,23-Nov-16,109.81,111.009,109.655,110.631,0
CHFKRW,23-Nov-16,1154.9,1163.45,1154.9,1160.13,0
CHFLVL,23-Nov-16,0.5671,0.5671,0.5671,0.5671,0
CHFMXN,23-Nov-16,20.379,20.463,20.262,20.296,0
CHFMYR,23-Nov-16,4.3699,4.3719,4.3217,4.3218,0
CHFNOK,23-Nov-16,8.4256,8.4799,8.3818,8.4736,0
CHFNZD,23-Nov-16,1.3989,1.4047,1.3982,1.4039,0
CHFPKR,23-Nov-16,103.66,103.889,102.983,103.79,0
CHFPLN,23-Nov-16,4.1062,4.1352,4.0959,4.1289,0
CHFRON,23-Nov-16,4.1978,4.2063,4.1921,4.1982,0
CHFRUB,23-Nov-16,63.046,63.899,63.021,63.218,0
CHFSEK,23-Nov-16,9.1097,9.1343,9.096,9.1232,0
CHFSGD,23-Nov-16,1.4078,1.4142,1.4061,1.4077,0
CHFSZL,23-Nov-16,13.745,13.745,13.729,13.729,0
CHFTHB,23-Nov-16,35.075,35.158,35.032,35.044,0
CHFTRY,23-Nov-16,3.3437,3.3642,3.3335,3.3392,0
CHFTWD,23-Nov-16,30.575,30.656,30.575,30.656,0
CHFUSD,23-Nov-16,0.9892,0.9907,0.9821,0.9827,0
CHFUZS,23-Nov-16,3122.5,3132.3,3122.2,3128.1,0
CHFZAR,23-Nov-16,13.919,14.0608,13.8537,13.8629,0
CLPEUR,23-Nov-16,0.0014,0.0014,0.0014,0.0014,0
CLPGBP,23-Nov-16,0.0012,0.0012,0.0012,0.0012,0
CLPUSD,23-Nov-16,0.0015,0.0015,0.0015,0.0015,0
CNHHKD,23-Nov-16,1.122,1.122,1.1148,1.1154,0
CNHIDR,23-Nov-16,1930,1932,1930,1932,0
CNHINR,23-Nov-16,9.905,9.905,9.902,9.902,0
CNHJPY,23-Nov-16,16.0605,16.2262,16.0073,16.1961,0
CNHKRW,23-Nov-16,169.8,170,169.8,170,0
CNHPHP,23-Nov-16,7.2045,7.2045,7.2039,7.2039,0
CNHTHB,23-Nov-16,5.14,5.141,5.14,5.141,0
CNHTWD,23-Nov-16,4.606,4.607,4.606,4.607,0
CNYAUD,23-Nov-16,0.1959,0.1962,0.195,0.1954,0
CNYBGN,23-Nov-16,0.2666,0.268,0.266,0.2677,0
CNYCAD,23-Nov-16,0.1949,0.1951,0.1947,0.1947,0
CNYCHF,23-Nov-16,0.1467,0.1469,0.1465,0.1468,0
CNYDKK,23-Nov-16,1.0142,1.0192,1.0118,1.0181,0
CNYEUR,23-Nov-16,0.1363,0.137,0.136,0.1369,0
CNYGBP,23-Nov-16,0.1168,0.117,0.1161,0.1161,0
CNYHKD,23-Nov-16,1.1255,1.1274,1.1178,1.1206,0
CNYJPY,23-Nov-16,16.088,16.277,16.057,16.255,0
CNYKRW,23-Nov-16,169.43,170.93,169.43,170.57,0
CNYMYR,23-Nov-16,0.5718,0.5718,0.5718,0.5718,0
CNYNZD,23-Nov-16,0.2053,0.2059,0.2051,0.2059,0
CNYPLN,23-Nov-16,0.6027,0.6074,0.6013,0.6074,0
CNYUSD,23-Nov-16,0.1451,0.1454,0.1441,0.1445,0
CNYZAR,23-Nov-16,2.0377,2.0656,2.031,2.0402,0
COPDKK,23-Nov-16,0.0022,0.0022,0.0022,0.0022,0
COPPLN,23-Nov-16,0.0013,0.0013,0.0013,0.0013,0
CRCGBP,23-Nov-16,0.0015,0.0015,0.0014,0.0014,0
CYPZAR,23-Nov-16,25.53,25.757,25.407,25.444,0
CZKCHF,23-Nov-16,0.0397,0.0398,0.0396,0.0397,0
CZKDKK,23-Nov-16,0.2752,0.2752,0.2751,0.2752,0
CZKEUR,23-Nov-16,0.037,0.037,0.037,0.037,0
CZKJPY,23-Nov-16,4.365,4.4005,4.349,4.3896,0
CZKMXN,23-Nov-16,0.8105,0.8111,0.8054,0.8056,0
CZKNOK,23-Nov-16,0.3355,0.3355,0.3355,0.3355,0
CZKPLN,23-Nov-16,0.1633,0.1641,0.1628,0.1639,0
CZKSEK,23-Nov-16,0.3623,0.3626,0.3614,0.3621,0
CZKUSD,23-Nov-16,0.0393,0.0394,0.0389,0.039,0
DJFGBP,23-Nov-16,0.0044,0.0044,0.0044,0.0044,0
DKKAED,23-Nov-16,0.5246,0.5246,0.5206,0.5206,0
DKKAUD,23-Nov-16,0.1929,0.193,0.1914,0.1922,0
DKKBGN,23-Nov-16,0.2619,0.2619,0.2618,0.2619,0
DKKCAD,23-Nov-16,0.192,0.1923,0.1907,0.1913,0
DKKCHF,23-Nov-16,14.397,14.423,14.35,14.37,0
DKKCNY,23-Nov-16,0.9834,0.9842,0.9788,0.9794,0
DKKCOP,23-Nov-16,443.03,443.35,443.03,443.35,0
DKKCZK,23-Nov-16,3.628,3.628,3.625,3.628,0
DKKEUR,23-Nov-16,0.1344,0.1344,0.1344,0.1344,0
DKKGBP,23-Nov-16,0.115,0.1155,0.1138,0.114,0
DKKHKD,23-Nov-16,1.1083,1.1092,1.0974,1.0986,0
DKKHUF,23-Nov-16,41.468,41.722,41.444,41.7,0
DKKINR,23-Nov-16,9.7653,9.8074,9.7449,9.7555,0
DKKISK,23-Nov-16,16.136,16.136,16.123,16.134,0
DKKJPY,23-Nov-16,15.8609,15.9917,15.8254,15.9735,0
DKKLVL,23-Nov-16,0.0941,0.0941,0.0941,0.0941,0
DKKMXN,23-Nov-16,2.9441,2.9481,2.9265,2.9265,0
DKKMYR,23-Nov-16,0.6313,0.6313,0.6233,0.6233,0
DKKNOK,23-Nov-16,1.217,1.222,1.2154,1.2218,0
DKKNZD,23-Nov-16,0.202,0.2025,0.2019,0.2025,0
DKKPHP,23-Nov-16,7.1057,7.1066,7.0623,7.0623,0
DKKPKR,23-Nov-16,14.977,14.999,14.836,14.846,0
DKKPLN,23-Nov-16,0.5932,0.5964,0.592,0.5956,0
DKKSEK,23-Nov-16,1.3163,1.3176,1.313,1.3156,0
DKKSGD,23-Nov-16,0.2032,0.2036,0.2028,0.2028,0
DKKTHB,23-Nov-16,5.0719,5.085,5.0521,5.0568,0
DKKTRY,23-Nov-16,0.4831,0.4853,0.481,0.4813,0
DKKTWD,23-Nov-16,4.4161,4.4223,4.4161,4.4223,0
DKKUAH,23-Nov-16,3.6212,3.6212,3.6179,3.6179,0
DKKUSD,23-Nov-16,0.1429,0.143,0.1415,0.1417,0
DKKZAR,23-Nov-16,2.007,2.024,1.9973,1.9973,0
DZDEUR,23-Nov-16,0.0085,0.0085,0.0085,0.0085,0
DZDUSD,23-Nov-16,0.009,0.009,0.009,0.009,0
EGPEUR,23-Nov-16,0.0532,0.0543,0.0532,0.0542,0
EGPJPY,23-Nov-16,6.28,6.432,6.28,6.43,0
EGPPKR,23-Nov-16,5.934,5.951,5.934,5.951,0
EGPUSD,23-Nov-16,0.0566,0.0573,0.0566,0.0571,0
ETBGBP,23-Nov-16,0.0357,0.0357,0.0354,0.0354,0
EURAED,23-Nov-16,3.903,3.903,3.868,3.872,0
EURAFN,23-Nov-16,69.91,69.91,69.88,69.88,0
EURALL,23-Nov-16,133.35,133.42,133.35,133.42,0
EURAMD,23-Nov-16,479.2,479.2,478.82,478.82,0
EURARS,23-Nov-16,16.4057,16.4235,16.3161,16.3836,0
EURAUD,23-Nov-16,1.4352,1.4365,1.4234,1.4295,0
EURBAM,23-Nov-16,1.9458,1.9458,1.9458,1.9458,0
EURBBD,23-Nov-16,2.0814,2.0814,2.0798,2.0798,0
EURBDT,23-Nov-16,82.447,82.469,82.447,82.469,0
EURBGN,23-Nov-16,1.9484,1.9486,1.9478,1.9482,0
EURBHD,23-Nov-16,0.3979,0.3979,0.3947,0.3947,0
EURBIF,23-Nov-16,1754.19,1754.19,1748.11,1748.11,0
EURBND,23-Nov-16,1.489,1.4913,1.489,1.4913,0
EURBOB,23-Nov-16,7.167,7.167,7.1615,7.1615,0
EURBRL,23-Nov-16,3.5741,3.6051,3.5595,3.6051,0
EURBSD,23-Nov-16,1.0561,1.0561,1.0553,1.0553,0
EURBWP,23-Nov-16,11.3574,11.3574,11.3301,11.3301,0
EURBYR,23-Nov-16,16849,16849,16849,16849,0
EURBZD,23-Nov-16,2.0867,2.0867,2.0851,2.0851,0
EURCAD,23-Nov-16,1.4281,1.4305,1.4186,1.4234,0
EURCHF,23-Nov-16,1.0746,1.0752,1.0711,1.0729,0
EURCLP,23-Nov-16,700.21,707.17,700.21,707.17,0
EURCNH,23-Nov-16,7.3457,7.3722,7.3171,7.3251,0
EURCNY,23-Nov-16,7.3161,7.3179,7.2776,7.2915,0
EURCOP,23-Nov-16,3296,3298,3296,3298,0
EURCRC,23-Nov-16,572.28,574.13,572.28,574.13,0
EURCUP,23-Nov-16,1.033,1.033,1.032,1.032,0
EURCVE,23-Nov-16,110.27,110.27,110.27,110.27,0
EURCZK,23-Nov-16,27.0234,27.0327,26.991,27.0256,0
EURDJF,23-Nov-16,185.47,185.47,185.33,185.33,0
EURDKK,23-Nov-16,7.4398,7.441,7.4358,7.4386,0
EURDOP,23-Nov-16,48.526,48.526,48.51,48.51,0
EURDZD,23-Nov-16,117.258,117.258,116.698,116.746,0
EUREGP,23-Nov-16,18.742,18.742,18.37,18.41,0
EURETB,23-Nov-16,23.4774,23.4774,23.4597,23.4597,0
EURFJD,23-Nov-16,2.2216,2.2216,2.1841,2.2005,0
EURGBP,23-Nov-16,0.8558,0.8594,0.8465,0.8482,0
EURGHS,23-Nov-16,4.2113,4.3304,4.2113,4.3304,0
EURGNF,23-Nov-16,9695.4,9695.4,9688.1,9688.1,0
EURGTQ,23-Nov-16,7.781,7.781,7.774,7.774,0
EURHKD,23-Nov-16,8.2463,8.2542,8.1643,8.1739,0
EURHNL,23-Nov-16,24.046,24.046,24.038,24.038,0
EURHRK,23-Nov-16,7.527,7.5272,7.5241,7.5261,0
EURHTG,23-Nov-16,67.48,67.48,67.43,67.43,0
EURHUF,23-Nov-16,308.468,310.462,308.412,310.361,0
EURIDR,23-Nov-16,14060.12,14091.92,14060.12,14091.92,0
EURILS,23-Nov-16,4.1004,4.1111,4.0574,4.0677,0
EURINR,23-Nov-16,72.648,72.8935,72.446,72.446,0
EURIQD,23-Nov-16,1198.89,1207.53,1198.89,1207.53,0
EURISK,23-Nov-16,120.06,120.06,119.96,120.051,0
EURJMD,23-Nov-16,135.547,135.547,135.444,135.444,0
EURJOD,23-Nov-16,0.7458,0.7458,0.7398,0.7398,0
EURJPY,23-Nov-16,117.999,118.985,117.711,118.838,0
EURKES,23-Nov-16,106.35,106.35,105.51,105.51,0
EURKHR,23-Nov-16,4210.7,4210.7,4207.5,4207.5,0
EURKRW,23-Nov-16,1241.4,1249.2,1241.4,1244.8,0
EURKWD,23-Nov-16,0.3232,0.3232,0.3211,0.3212,0
EURKYD,23-Nov-16,0.8659,0.8659,0.8653,0.8653,0
EURKZT,23-Nov-16,353.16,353.74,353.16,353.74,0
EURLAK,23-Nov-16,8438.3,8442.5,8438.3,8442.5,0
EURLBP,23-Nov-16,1563.3,1565.6,1562,1562,0
EURLKR,23-Nov-16,154.36,154.36,154.03,154.03,0
EURLSL,23-Nov-16,14.7064,14.7843,14.7064,14.7843,0
EURLTL,23-Nov-16,3.4528,3.4528,3.4528,3.4528,0
EURLVL,23-Nov-16,0.7016,0.7016,0.7016,0.7016,0
EURLYD,23-Nov-16,1.4883,1.4883,1.4843,1.4843,0
EURMAD,23-Nov-16,10.392,10.404,10.361,10.369,0
EURMDL,23-Nov-16,21.2,21.206,21.2,21.206,0
EURMKD,23-Nov-16,61.133,61.133,61.062,61.073,0
EURMMK,23-Nov-16,1370.071,1373.81,1370.071,1373.81,0
EURMOP,23-Nov-16,8.2912,8.2912,8.286,8.286,0
EURMRO,23-Nov-16,374.19,374.19,373.91,373.91,0
EURMUR,23-Nov-16,36.78,36.78,36.26,36.26,0
EURMVR,23-Nov-16,16.114,16.114,16.0808,16.0808,0
EURMWK,23-Nov-16,763.149,763.149,762.24,762.24,0
EURMXN,23-Nov-16,21.907,21.968,21.728,21.771,0
EURMYR,23-Nov-16,4.6198,4.6391,4.6198,4.6391,0
EURNAD,23-Nov-16,14.7064,14.7843,14.7064,14.7843,0
EURNGN,23-Nov-16,332.1,332.1,331.9,331.9,0
EURNIO,23-Nov-16,30.54,30.54,30.52,30.52,0
EURNOK,23-Nov-16,9.0527,9.0981,9.0465,9.0896,0
EURNPR,23-Nov-16,114.336,114.991,114.336,114.991,0
EURNZD,23-Nov-16,1.504,1.5075,1.5013,1.5074,0
EUROMR,23-Nov-16,0.4079,0.4079,0.4042,0.4045,0
EURPAB,23-Nov-16,1.0381,1.0381,1.0373,1.0373,0
EURPEN,23-Nov-16,3.5546,3.5546,3.5502,3.5502,0
EURPGK,23-Nov-16,3.2913,3.2913,3.2888,3.2888,0
EURPHP,23-Nov-16,52.866,52.874,52.539,52.539,0
EURPKR,23-Nov-16,111.33,111.33,109.751,109.751,0
EURPLN,23-Nov-16,4.4132,4.4383,4.4024,4.4319,0
EURPYG,23-Nov-16,6038.7,6038.7,6032.6,6032.6,0
EURQAR,23-Nov-16,3.8678,3.8678,3.8373,3.8374,0
EURRON,23-Nov-16,4.5137,4.5153,4.5045,4.5108,0
EURRSD,23-Nov-16,123.436,123.436,123.122,123.211,0
EURRUB,23-Nov-16,67.4964,68.5076,67.3286,67.6548,0
EURRWF,23-Nov-16,848.01,868.38,848.01,868.38,0
EURSAR,23-Nov-16,3.9834,3.984,3.9473,3.9518,0
EURSCR,23-Nov-16,13.206,13.251,12.971,12.995,0
EURSEK,23-Nov-16,9.7931,9.8035,9.7679,9.7883,0
EURSGD,23-Nov-16,1.5132,1.5175,1.509,1.5104,0
EURSOS,23-Nov-16,572.9,572.9,572.4,572.4,0
EURSTD,23-Nov-16,24500,24500,24500,24500,0
EURSVC,23-Nov-16,9.06,9.06,9.06,9.06,0
EURSZL,23-Nov-16,14.7678,14.7678,14.7306,14.7306,0
EURTHB,23-Nov-16,37.7,37.817,37.576,37.61,0
EURTND,23-Nov-16,2.4285,2.4373,2.4247,2.4253,0
EURTRY,23-Nov-16,3.5937,3.612,3.5782,3.5811,0
EURTTD,23-Nov-16,6.9937,6.9937,6.9884,6.9884,0
EURTWD,23-Nov-16,32.855,32.899,32.855,32.899,0
EURTZS,23-Nov-16,2266.4,2266.4,2265.73,2265.73,0
EURUAH,23-Nov-16,26.9408,26.9408,26.9151,26.9151,0
EURUGX,23-Nov-16,3792.6,3795.1,3792.6,3795.1,0
EURUSD,23-Nov-16,1.0632,1.0643,1.0526,1.054,0
EURUYU,23-Nov-16,30.323,30.323,30.264,30.264,0
EURUZS,23-Nov-16,3321.6,3321.74,3321.6,3321.74,0
EURVEF,23-Nov-16,10.5875,10.5997,10.5846,10.5876,0
EURVND,23-Nov-16,23567,23650,23567,23650,0
EURXAF,23-Nov-16,655.957,655.957,655.957,655.957,0
EURXOF,23-Nov-16,655.957,655.957,655.957,655.957,0
EURXPF,23-Nov-16,119.26,119.26,119.26,119.26,0
EURYER,23-Nov-16,265.5,265.92,263.29,263.6,0
EURZAR,23-Nov-16,14.9609,15.0796,14.8687,14.8787,0
FJDGBP,23-Nov-16,0.3813,0.3831,0.3796,0.3815,0
FJDUSD,23-Nov-16,0.4736,0.4769,0.4723,0.4743,0
GBPAED,23-Nov-16,4.5627,4.568,4.5575,4.5673,0
GBPALL,23-Nov-16,155.97,157.18,155.94,157.18,0
GBPARS,23-Nov-16,19.166,19.3763,19.0864,19.3102,0
GBPAUD,23-Nov-16,1.6767,1.6872,1.6646,1.6859,0
GBPBDT,23-Nov-16,96.38,97.15,96.37,97.15,0
GBPBGN,23-Nov-16,2.2764,2.2964,2.2761,2.2955,0
GBPBHD,23-Nov-16,0.4649,0.4656,0.4638,0.4653,0
GBPBIF,23-Nov-16,2050.6,2059.4,2049.7,2059.4,0
GBPBMD,23-Nov-16,1.2421,1.2461,1.2371,1.2423,0
GBPBND,23-Nov-16,1.7406,1.7566,1.7406,1.7566,0
GBPBRL,23-Nov-16,4.1789,4.2612,4.152,4.2612,0
GBPBWP,23-Nov-16,13.275,13.348,13.27,13.348,0
GBPCAD,23-Nov-16,1.6685,1.6808,1.6624,1.6788,0
GBPCHF,23-Nov-16,1.2556,1.2675,1.2485,1.265,0
GBPCLP,23-Nov-16,834.39,851.23,832.03,845.43,0
GBPCNH,23-Nov-16,8.584,8.662,8.573,8.638,0
GBPCNY,23-Nov-16,8.548,8.609,8.511,8.589,0
GBPCOP,23-Nov-16,3852.9,3885.6,3852.6,3885.6,0
GBPCRC,23-Nov-16,685.27,693.58,682.9,692.54,0
GBPCZK,23-Nov-16,31.561,31.902,31.444,31.845,0
GBPDJF,23-Nov-16,216.81,218.33,216.76,218.33,0
GBPDKK,23-Nov-16,8.69,8.787,8.657,8.772,0
GBPDOP,23-Nov-16,57.814,58.16,57.456,58.068,0
GBPDZD,23-Nov-16,137,137.65,136.87,137.59,0
GBPEGP,23-Nov-16,21.897,21.8987,21.5714,21.6884,0
GBPETB,23-Nov-16,27.461,27.637,27.454,27.637,0
GBPEUR,23-Nov-16,1.168,1.1809,1.1634,1.1789,0
GBPFJD,23-Nov-16,2.5955,2.6065,2.5833,2.5946,0
GBPGTQ,23-Nov-16,9.329,9.405,9.291,9.391,0
GBPHKD,23-Nov-16,9.633,9.671,9.589,9.638,0
GBPHNL,23-Nov-16,28.718,28.946,28.583,28.891,0
GBPHRK,23-Nov-16,8.7943,8.8828,8.7785,8.8624,0
GBPHTG,23-Nov-16,80.04,80.688,79.766,80.567,0
GBPHUF,23-Nov-16,360.2,366.5,359.4,365.6,0
GBPIDR,23-Nov-16,16427,16937,16426,16614,0
GBPILS,23-Nov-16,4.8021,4.8311,4.7757,4.8158,0
GBPINR,23-Nov-16,84.881,85.8039,84.7315,85.4992,0
GBPIQD,23-Nov-16,1401.5,1422.5,1401.5,1422.5,0
GBPISK,23-Nov-16,140.5,140.5,139.68,139.68,0
GBPJMD,23-Nov-16,158.54,159.54,158.5,159.54,0
GBPJOD,23-Nov-16,0.8772,0.8779,0.8769,0.8772,0
GBPJPY,23-Nov-16,137.859,140.335,137.267,140.113,0
GBPKES,23-Nov-16,124.3,124.5,123.8,124.3,0
GBPKRW,23-Nov-16,1450.2,1472,1450.2,1466.8,0
GBPKWD,23-Nov-16,0.3776,0.3786,0.3768,0.3784,0
GBPKZT,23-Nov-16,412.84,416.73,412.84,416.73,0
GBPLBP,23-Nov-16,1827.5,1840.1,1827.1,1840.1,0
GBPLKR,23-Nov-16,180.79,181.46,180.7,181.46,0
GBPLTL,23-Nov-16,4.4496,4.4496,4.4496,4.4496,0
GBPLVL,23-Nov-16,0.8482,0.8482,0.8482,0.8482,0
GBPMAD,23-Nov-16,12.139,12.226,12.123,12.218,0
GBPMUR,23-Nov-16,42.972,42.972,42.704,42.786,0
GBPMVR,23-Nov-16,18.83,18.83,18.8212,18.8212,0
GBPMWK,23-Nov-16,892.6,898,892.4,898,0
GBPMXN,23-Nov-16,25.588,25.818,25.434,25.671,0
GBPMYR,23-Nov-16,5.4869,5.5316,5.448,5.4642,0
GBPNGN,23-Nov-16,393.75,394.93,392.28,393.84,0
GBPNIO,23-Nov-16,36.282,36.574,36,36.508,0
GBPNOK,23-Nov-16,10.577,10.7307,10.5506,10.7175,0
GBPNZD,23-Nov-16,1.7571,1.7785,1.7521,1.777,0
GBPOMR,23-Nov-16,0.4766,0.4774,0.4751,0.4768,0
GBPPEN,23-Nov-16,4.2456,4.2821,4.2295,4.254,0
GBPPGK,23-Nov-16,3.8477,3.8728,3.8469,3.8728,0
GBPPHP,23-Nov-16,61.767,61.996,61.678,61.919,0
GBPPKR,23-Nov-16,130.1,130.1,129.9,130,0
GBPPLN,23-Nov-16,5.1571,5.2379,5.136,5.2228,0
GBPQAR,23-Nov-16,4.522,4.5244,4.5184,4.5239,0
GBPRON,23-Nov-16,5.2674,5.3265,5.2568,5.3173,0
GBPRSD,23-Nov-16,144.22,145.54,143.48,145.29,0
GBPRUB,23-Nov-16,79.144,80.375,79.011,79.903,0
GBPSAR,23-Nov-16,4.654,4.6646,4.6389,4.6549,0
GBPSCR,23-Nov-16,15.429,15.617,15.29,15.328,0
GBPSEK,23-Nov-16,11.4398,11.5646,11.3884,11.5425,0
GBPSGD,23-Nov-16,1.7679,1.7857,1.7634,1.781,0
GBPSZL,23-Nov-16,17.273,17.354,17.266,17.354,0
GBPTHB,23-Nov-16,44,44.4,44,44.4,0
GBPTND,23-Nov-16,2.8374,2.8735,2.8336,2.8631,0
GBPTRY,23-Nov-16,4.1991,4.2443,4.1783,4.2214,0
GBPTTD,23-Nov-16,8.191,8.233,8.188,8.233,0
GBPTWD,23-Nov-16,39.666,39.8,39.435,39.644,0
GBPTZS,23-Nov-16,2651,2669,2650,2669,0
GBPUAH,23-Nov-16,31.512,31.708,31.504,31.708,0
GBPUGX,23-Nov-16,4434,4471,4432,4471,0
GBPUSD,23-Nov-16,1.2421,1.2468,1.236,1.2429,0
GBPVND,23-Nov-16,27549,27858,27549,27858,0
GBPXAF,23-Nov-16,767.25,772.67,767.11,772.67,0
GBPXCD,23-Nov-16,3.3394,3.3495,3.3266,3.3402,0
GBPXPF,23-Nov-16,139.4,140.99,138.89,140.44,0
GBPZAR,23-Nov-16,17.4644,17.7528,17.3426,17.5326,0
GHSEUR,23-Nov-16,0.2347,0.2347,0.2283,0.2283,0
GHSUSD,23-Nov-16,0.2494,0.2494,0.2409,0.2409,0
GTQGBP,23-Nov-16,0.1072,0.1077,0.1063,0.1065,0
HKDARS,23-Nov-16,1.9896,2.0037,1.9893,2.0036,0
HKDAUD,23-Nov-16,0.174,0.1748,0.1733,0.1748,0
HKDBRL,23-Nov-16,0.4334,0.4409,0.4322,0.4409,0
HKDCAD,23-Nov-16,0.1732,0.1741,0.1731,0.174,0
HKDCHF,23-Nov-16,0.1303,0.1312,0.1301,0.1312,0
HKDCNY,23-Nov-16,0.8871,0.8911,0.884,0.891,0
HKDDKK,23-Nov-16,0.9021,0.9107,0.9011,0.9096,0
HKDEUR,23-Nov-16,0.1213,0.1224,0.1211,0.1223,0
HKDGBP,23-Nov-16,0.1038,0.1042,0.1035,0.1038,0
HKDIDR,23-Nov-16,1704.9,1756.5,1704.8,1723.4,0
HKDINR,23-Nov-16,8.8094,8.8712,8.8089,8.861,0
HKDJPY,23-Nov-16,14.307,14.563,14.293,14.527,0
HKDKRW,23-Nov-16,150.54,152.54,150.54,152.17,0
HKDMXN,23-Nov-16,2.6561,2.672,2.6507,2.6623,0
HKDMYR,23-Nov-16,0.5696,0.5724,0.5669,0.5669,0
HKDNZD,23-Nov-16,0.1823,0.1842,0.1822,0.1842,0
HKDPKR,23-Nov-16,13.506,13.506,13.503,13.503,0
HKDPLN,23-Nov-16,0.5353,0.5418,0.5346,0.5418,0
HKDSEK,23-Nov-16,1.1875,1.1983,1.1864,1.1968,0
HKDSGD,23-Nov-16,0.1835,0.185,0.1834,0.1846,0
HKDTHB,23-Nov-16,4.5718,4.599,4.5694,4.5985,0
HKDTWD,23-Nov-16,3.9862,4.0191,3.9862,4.0191,0
HKDUSD,23-Nov-16,0.1289,0.129,0.1289,0.1289,0
HKDZAR,23-Nov-16,1.8142,1.8421,1.8063,1.8194,0
HNLGBP,23-Nov-16,0.0348,0.035,0.0345,0.0346,0
HRKEUR,23-Nov-16,0.1328,0.1328,0.1328,0.1328,0
HRKPLN,23-Nov-16,0.5862,0.5893,0.5855,0.5887,0
HRKUSD,23-Nov-16,0.1412,0.1413,0.1399,0.14,0
HTGGBP,23-Nov-16,0.0125,0.0125,0.0124,0.0124,0
HUFARS,23-Nov-16,0.0532,0.0532,0.0527,0.0528,0
HUFCHF,23-Nov-16,0.0035,0.0035,0.0035,0.0035,0
HUFDKK,23-Nov-16,0.0241,0.0241,0.0239,0.024,0
HUFEUR,23-Nov-16,0.0032,0.0032,0.0032,0.0032,0
HUFPLN,23-Nov-16,0.0143,0.0143,0.0142,0.0143,0
HUFUSD,23-Nov-16,0.0034,0.0035,0.0034,0.0034,0
IDRAUD,23-Nov-16,0.01,0.01,0.01,0.01,0
IDRCAD,23-Nov-16,0.9994,1.0006,0.992,0.9938,0
IDRCHF,23-Nov-16,0.0075,0.0075,0.0075,0.0075,0
IDRCNY,23-Nov-16,0.0512,0.0512,0.0509,0.0509,0
IDREUR,23-Nov-16,0.0069,0.007,0.0069,0.0069,0
IDRGBP,23-Nov-16,0.006,0.006,0.0059,0.0059,0
IDRHKD,23-Nov-16,0.0006,0.0006,0.0006,0.0006,0
IDRINR,23-Nov-16,0.0051,0.0051,0.0051,0.0051,0
IDRJPY,23-Nov-16,0.8258,0.8335,0.8244,0.829,0
IDRKRW,23-Nov-16,8.687,8.75,8.68,8.692,0
IDRMYR,23-Nov-16,0.0329,0.0329,0.0323,0.0323,0
IDRNZD,23-Nov-16,0.0105,0.0106,0.0105,0.0105,0
IDRSGD,23-Nov-16,0.0106,0.0106,0.0105,0.0106,0
IDRTHB,23-Nov-16,0.2638,0.2642,0.2621,0.2625,0
IDRTWD,23-Nov-16,0.2299,0.231,0.2297,0.2297,0
IDRUSD,23-Nov-16,0.0074,0.0074,0.0073,0.0074,0
IDRZAR,23-Nov-16,0.1045,0.1053,0.1039,0.1039,0
ILSAUD,23-Nov-16,0.3489,0.3495,0.3478,0.3495,0
ILSCAD,23-Nov-16,0.3473,0.3484,0.3472,0.3481,0
ILSCHF,23-Nov-16,0.2613,0.2624,0.2611,0.2624,0
ILSJOD,23-Nov-16,0.1832,0.1838,0.1826,0.1829,0
ILSJPY,23-Nov-16,28.687,29.08,28.687,29.035,0
ILSPLN,23-Nov-16,1.0742,1.085,1.074,1.0842,0
ILSSEK,23-Nov-16,2.3824,2.3985,2.3804,2.383,0
ILSUSD,23-Nov-16,0.2585,0.2593,0.2576,0.2578,0
INRAUD,23-Nov-16,0.0197,0.0197,0.0196,0.0197,0
INRCAD,23-Nov-16,0.0196,0.0196,0.0196,0.0196,0
INRCHF,23-Nov-16,0.0148,0.0148,0.0147,0.0148,0
INRCNY,23-Nov-16,0.1006,0.1007,0.1001,0.1004,0
INREUR,23-Nov-16,0.0137,0.0138,0.0137,0.0138,0
INRGBP,23-Nov-16,0.0118,0.0118,0.0117,0.0117,0
INRHKD,23-Nov-16,0.1134,0.1134,0.1125,0.1127,0
INRJPY,23-Nov-16,1.623,1.638,1.619,1.637,0
INRKRW,23-Nov-16,17.071,17.179,17.071,17.155,0
INRMYR,23-Nov-16,0.0646,0.0646,0.0639,0.0639,0
INRNZD,23-Nov-16,0.0207,0.0208,0.0206,0.0208,0
INRPKR,23-Nov-16,1.531,1.531,1.5282,1.5282,0
INRSEK,23-Nov-16,0.1347,0.135,0.1341,0.1349,0
INRTHB,23-Nov-16,0.5184,0.5186,0.517,0.5184,0
INRTWD,23-Nov-16,0.4522,0.4532,0.4521,0.4532,0
INRUSD,23-Nov-16,0.0146,0.0146,0.0145,0.0145,0
INRZAR,23-Nov-16,0.2054,0.2077,0.2045,0.2054,0
IQDGBP,23-Nov-16,0.0007,0.0007,0.0007,0.0007,0
ISKCHF,23-Nov-16,0.0089,0.0089,0.0089,0.0089,0
ISKDKK,23-Nov-16,0.0615,0.0615,0.0615,0.0615,0
ISKGBP,23-Nov-16,0.0071,0.0071,0.0071,0.0071,0
ISKNOK,23-Nov-16,0.0749,0.0749,0.0749,0.0749,0
ISKSEK,23-Nov-16,6.2955,6.2955,6.2955,6.2955,0
JMDGBP,23-Nov-16,0.0061,0.0061,0.0061,0.0061,0
JODAED,23-Nov-16,5.1813,5.1843,5.174,5.1821,0
JODEUR,23-Nov-16,1.2503,1.2503,1.2503,1.2503,0
JODILS,23-Nov-16,5.4554,5.4712,5.4375,5.465,0
JODUSD,23-Nov-16,1.4065,1.4073,1.4062,1.4073,0
JPYAED,23-Nov-16,0.0331,0.0331,0.0326,0.0326,0
JPYARS,23-Nov-16,0.139,0.1391,0.1375,0.138,0
JPYAUD,23-Nov-16,0.0122,0.0122,0.012,0.012,0
JPYBRL,23-Nov-16,0.0303,0.0305,0.0301,0.0304,0
JPYCAD,23-Nov-16,0.0121,0.0121,0.012,0.012,0
JPYCHF,23-Nov-16,0.9107,0.9116,0.9007,0.9027,0
JPYCLP,23-Nov-16,6.0946,6.0947,6.0817,6.0817,0
JPYCNY,23-Nov-16,0.062,0.062,0.0613,0.0614,0
JPYCZK,23-Nov-16,0.229,0.2295,0.2269,0.2274,0
JPYDKK,23-Nov-16,0.063,0.0632,0.0626,0.0626,0
JPYEUR,23-Nov-16,0.0085,0.0085,0.0084,0.0084,0
JPYGBP,23-Nov-16,0.0073,0.0073,0.0071,0.0071,0
JPYHKD,23-Nov-16,0.0699,0.07,0.0687,0.0688,0
JPYIDR,23-Nov-16,119.13,119.71,118.53,118.64,0
JPYILS,23-Nov-16,0.0348,0.0348,0.0343,0.0344,0
JPYINR,23-Nov-16,0.6156,0.6173,0.6093,0.6099,0
JPYISK,23-Nov-16,1.019,1.019,1.0164,1.0188,0
JPYKRW,23-Nov-16,10.519,10.5857,10.4842,10.4845,0
JPYLVL,23-Nov-16,0.4912,0.4912,0.4912,0.4912,0
JPYMXN,23-Nov-16,0.1856,0.1858,0.1833,0.1833,0
JPYMYR,23-Nov-16,0.0398,0.0398,0.039,0.039,0
JPYNOK,23-Nov-16,0.0767,0.0769,0.0763,0.0765,0
JPYNZD,23-Nov-16,0.0127,0.0128,0.0127,0.0127,0
JPYPKR,23-Nov-16,0.9433,0.9433,0.9416,0.9416,0
JPYPLN,23-Nov-16,0.0374,0.0375,0.0372,0.0373,0
JPYRUB,23-Nov-16,0.5736,0.5801,0.5713,0.5716,0
JPYSEK,23-Nov-16,8.2809,8.296,8.2036,8.2187,0
JPYTHB,23-Nov-16,0.3195,0.3199,0.3159,0.3167,0
JPYTWD,23-Nov-16,0.2782,0.2782,0.2773,0.2773,0
JPYUSD,23-Nov-16,0.009,0.009,0.0089,0.0089,0
JPYZAR,23-Nov-16,0.1265,0.1274,0.1253,0.1253,0
KESEUR,23-Nov-16,0.0091,0.0091,0.0091,0.0091,0
KESUSD,23-Nov-16,0.0096,0.0096,0.0096,0.0096,0
KESZAR,23-Nov-16,0.1357,0.137,0.1355,0.1364,0
KMFUSD,23-Nov-16,0.0022,0.0022,0.0022,0.0022,0
KRWBRL,23-Nov-16,0.0029,0.0029,0.0029,0.0029,0
KRWCAD,23-Nov-16,0.1149,0.1149,0.1139,0.1142,0
KRWCHF,23-Nov-16,0.0865,0.0865,0.0857,0.0861,0
KRWCNY,23-Nov-16,0.5886,0.5886,0.5836,0.5847,0
KRWEUR,23-Nov-16,0.0804,0.0804,0.0799,0.0801,0
KRWGBP,23-Nov-16,0.0689,0.0689,0.0679,0.0681,0
KRWHKD,23-Nov-16,0.6634,0.6634,0.655,0.6561,0
KRWIDR,23-Nov-16,11.312,11.378,11.2448,11.3071,0
KRWINR,23-Nov-16,5.8501,5.8501,5.8149,5.8209,0
KRWJPY,23-Nov-16,9.494,9.529,9.434,9.527,0
KRWMYR,23-Nov-16,0.3779,0.3779,0.3721,0.3721,0
KRWNZD,23-Nov-16,0.121,0.121,0.1202,0.1209,0
KRWRUB,23-Nov-16,0.0545,0.0549,0.0542,0.0544,0
KRWSEK,23-Nov-16,0.0079,0.0079,0.0078,0.0079,0
KRWSGD,23-Nov-16,0.0012,0.0012,0.0012,0.0012,0
KRWTHB,23-Nov-16,3.0332,3.0332,3.0079,3.0176,0
KRWTWD,23-Nov-16,2.6433,2.6433,2.6272,2.64,0
KRWUSD,23-Nov-16,0.0855,0.0855,0.0843,0.0845,0
KRWZAR,23-Nov-16,1.2016,1.2055,1.1938,1.1943,0
KWDAED,23-Nov-16,12.038,12.05,12.023,12.023,0
KWDGBP,23-Nov-16,2.6318,2.6384,2.6247,2.6264,0
KWDPKR,23-Nov-16,343.61,343.61,343.51,343.51,0
KWDUSD,23-Nov-16,3.2698,3.2704,3.265,3.2653,0
KZTGBP,23-Nov-16,0.0024,0.0024,0.0024,0.0024,0
LBPUSD,23-Nov-16,0.0007,0.0007,0.0006,0.0006,0
LKRUSD,23-Nov-16,0.0066,0.0066,0.0066,0.0066,0
LRDUSD,23-Nov-16,0.0104,0.0104,0.0104,0.0104,0
LTLEUR,23-Nov-16,0.2893,0.2893,0.2893,0.2893,0
LTLLVL,23-Nov-16,0.2032,0.2032,0.2032,0.2032,0
LTLUSD,23-Nov-16,0.3409,0.3409,0.3409,0.3409,0
MADGBP,23-Nov-16,0.0779,0.078,0.0772,0.0773,0
MADUSD,23-Nov-16,0.0967,0.0967,0.0961,0.0962,0
MDLEUR,23-Nov-16,0.0467,0.0469,0.0463,0.0469,0
MDLUSD,23-Nov-16,0.0497,0.0497,0.0484,0.0488,0
MKDUSD,23-Nov-16,0.0171,0.0172,0.017,0.017,0
MUREUR,23-Nov-16,0.0248,0.0248,0.0248,0.0248,0
MURGBP,23-Nov-16,0.0215,0.0217,0.0215,0.0216,0
MURUSD,23-Nov-16,0.0269,0.0269,0.0269,0.0269,0
MURZAR,23-Nov-16,0.3763,0.3811,0.3759,0.38,0
MVRUSD,23-Nov-16,0.0635,0.0636,0.0635,0.0636,0
MWKGBP,23-Nov-16,0.0011,0.0011,0.0011,0.0011,0
MXNARS,23-Nov-16,0.7487,0.7531,0.7471,0.7524,0
MXNAUD,23-Nov-16,0.0655,0.0656,0.0652,0.0656,0
MXNBRL,23-Nov-16,0.1631,0.1655,0.1628,0.1655,0
MXNCAD,23-Nov-16,0.0652,0.0653,0.065,0.0653,0
MXNCHF,23-Nov-16,0.0491,0.0494,0.0489,0.0492,0
MXNCZK,23-Nov-16,1.2333,1.2412,1.2312,1.2407,0
MXNDKK,23-Nov-16,0.3395,0.3414,0.3389,0.3414,0
MXNEUR,23-Nov-16,0.0456,0.0459,0.0455,0.0459,0
MXNGBP,23-Nov-16,0.0391,0.0393,0.0387,0.0389,0
MXNHKD,23-Nov-16,0.3763,0.3769,0.374,0.3752,0
MXNJPY,23-Nov-16,5.383,5.461,5.374,5.453,0
MXNSGD,23-Nov-16,0.0691,0.0694,0.0691,0.0693,0
MXNUSD,23-Nov-16,0.0485,0.0486,0.0482,0.0484,0
MXNZAR,23-Nov-16,0.6817,0.6903,0.6809,0.6835,0
MYRAUD,23-Nov-16,0.3054,0.3055,0.3021,0.3028,0
MYRCAD,23-Nov-16,0.3039,0.3042,0.3011,0.3016,0
MYRCHF,23-Nov-16,0.2287,0.2288,0.227,0.2273,0
MYRCNH,23-Nov-16,1.568,1.569,1.568,1.569,0
MYRCNY,23-Nov-16,1.5567,1.5586,1.5424,1.544,0
MYRDKK,23-Nov-16,1.5822,1.603,1.5822,1.6029,0
MYREUR,23-Nov-16,0.2127,0.2154,0.2127,0.2148,0
MYRGBP,23-Nov-16,0.1821,0.1826,0.1795,0.1798,0
MYRHKD,23-Nov-16,1.7546,1.756,1.7299,1.7327,0
MYRIDR,23-Nov-16,2991.6,3011.9,2986.1,2986.1,0
MYRINR,23-Nov-16,15.458,15.512,15.345,15.357,0
MYRJPY,23-Nov-16,25.109,25.192,25.016,25.166,0
MYRKRW,23-Nov-16,264.15,265.77,263.49,263.76,0
MYRNZD,23-Nov-16,0.32,0.3247,0.3199,0.3247,0
MYRPKR,23-Nov-16,23.76,23.769,23.759,23.769,0
MYRSGD,23-Nov-16,0.322,0.3228,0.3199,0.32,0
MYRTHB,23-Nov-16,8.0218,8.0287,7.9563,7.9683,0
MYRTWD,23-Nov-16,6.9906,6.9906,6.9715,6.9715,0
MYRUSD,23-Nov-16,0.2261,0.2271,0.225,0.2271,0
MYRZAR,23-Nov-16,3.1782,3.201,3.1536,3.1552,0
NGNGBP,23-Nov-16,0.0025,0.0025,0.0025,0.0025,0
NGNJPY,23-Nov-16,0.3502,0.3556,0.3499,0.3552,0
NIOGBP,23-Nov-16,0.0276,0.0278,0.0273,0.0274,0
NOKCHF,23-Nov-16,11.838,11.874,11.77,11.77,0
NOKCNH,23-Nov-16,0.81,0.81,0.81,0.81,0
NOKDKK,23-Nov-16,0.821,0.8217,0.8173,0.8176,0
NOKEUR,23-Nov-16,0.1104,0.1105,0.1099,0.11,0
NOKGBP,23-Nov-16,0.0945,0.0947,0.0932,0.0933,0
NOKINR,23-Nov-16,8.0214,8.0456,7.9844,7.9846,0
NOKISK,23-Nov-16,13.267,13.267,13.221,13.2632,0
NOKJPY,23-Nov-16,13.0261,13.107,12.986,13.0599,0
NOKLVL,23-Nov-16,0.0833,0.0833,0.0833,0.0833,0
NOKPLN,23-Nov-16,0.4877,0.4884,0.4855,0.4875,0
NOKSEK,23-Nov-16,1.0812,1.0823,1.0754,1.0765,0
NOKUSD,23-Nov-16,0.1174,0.1175,0.1159,0.1159,0
NOKZAR,23-Nov-16,1.6518,1.6602,1.6388,1.6394,0
NZDAED,23-Nov-16,2.594,2.594,2.572,2.572,0
NZDAUD,23-Nov-16,0.9538,0.9545,0.947,0.9484,0
NZDCAD,23-Nov-16,0.9493,0.9506,0.9433,0.9448,0
NZDCHF,23-Nov-16,0.7144,0.7153,0.7112,0.7118,0
NZDCNH,23-Nov-16,0.872,0.872,0.872,0.872,0
NZDCNY,23-Nov-16,4.864,4.8699,4.836,4.836,0
NZDCZK,23-Nov-16,17.949,17.973,17.912,17.918,0
NZDDKK,23-Nov-16,4.9438,4.9509,4.9328,4.9342,0
NZDEUR,23-Nov-16,0.6645,0.6655,0.6634,0.6634,0
NZDGBP,23-Nov-16,0.5688,0.5704,0.5624,0.5627,0
NZDHKD,23-Nov-16,5.4812,5.489,5.4218,5.4254,0
NZDHUF,23-Nov-16,204.98,206.1,204.88,205.74,0
NZDIDR,23-Nov-16,9347.6,9434.6,9336.8,9353.3,0
NZDINR,23-Nov-16,48.299,48.416,48.069,48.082,0
NZDKRW,23-Nov-16,825.25,830.24,825.25,826.27,0
NZDMXN,23-Nov-16,14.5591,14.5737,14.4472,14.4478,0
NZDMYR,23-Nov-16,3.1225,3.1235,3.0773,3.0773,0
NZDNOK,23-Nov-16,6.0179,6.0376,6.0078,6.0293,0
NZDPHP,23-Nov-16,35.135,35.153,34.887,34.887,0
NZDPKR,23-Nov-16,73.955,73.955,73.825,73.825,0
NZDPLN,23-Nov-16,2.9334,2.947,2.9257,2.9383,0
NZDSEK,23-Nov-16,6.5101,6.5196,6.4829,6.4957,0
NZDSGD,23-Nov-16,1.0059,1.0086,1.0013,1.0022,0
NZDTHB,23-Nov-16,25.064,25.087,24.943,24.953,0
NZDTRY,23-Nov-16,2.3889,2.397,2.3751,2.3761,0
NZDTWD,23-Nov-16,21.836,21.86,21.836,21.86,0
NZDUSD,23-Nov-16,0.7068,0.7079,0.6991,0.6996,0
NZDZAR,23-Nov-16,9.9482,10.0077,9.8706,9.8731,0
OMRAED,23-Nov-16,9.5342,9.5353,9.5325,9.5333,0
OMRGBP,23-Nov-16,2.0831,2.0897,2.0795,2.0824,0
OMRPKR,23-Nov-16,272.04,272.04,271.99,271.99,0
OMRUSD,23-Nov-16,2.5881,2.5882,2.5869,2.5874,0
OMRZAR,23-Nov-16,36.4967,37.1106,36.3742,36.6855,0
PENGBP,23-Nov-16,0.2355,0.2364,0.2335,0.235,0
PGKGBP,23-Nov-16,0.2479,0.2479,0.2462,0.2462,0
PHPAUD,23-Nov-16,0.027,0.0271,0.0269,0.0271,0
PHPDKK,23-Nov-16,0.1399,0.1408,0.1399,0.1408,0
PHPGBP,23-Nov-16,0.0161,0.0161,0.016,0.0161,0
PHPJPY,23-Nov-16,2.2197,2.2473,2.2185,2.2473,0
PHPNZD,23-Nov-16,0.0283,0.0285,0.0283,0.0285,0
PHPUSD,23-Nov-16,0.0201,0.0201,0.02,0.0201,0
PKRGBP,23-Nov-16,0.0077,0.0077,0.0077,0.0077,0
PKRJPY,23-Nov-16,1.0586,1.0616,1.0586,1.0616,0
PKRZAR,23-Nov-16,0.134,0.1361,0.1335,0.1338,0
PLNCHF,23-Nov-16,0.243,0.2439,0.2416,0.2419,0
PLNCOP,23-Nov-16,756.7,758.69,754.4,754.93,0
PLNCZK,23-Nov-16,6.113,6.129,6.093,6.094,0
PLNDKK,23-Nov-16,1.6821,1.6883,1.6754,1.6776,0
PLNEUR,23-Nov-16,0.2261,0.2268,0.2253,0.2255,0
PLNGBP,23-Nov-16,0.1935,0.1944,0.1908,0.1911,0
PLNHUF,23-Nov-16,69.807,70.24,69.783,70.007,0
PLNILS,23-Nov-16,0.9303,0.9318,0.9213,0.922,0
PLNJPY,23-Nov-16,26.653,26.854,26.644,26.743,0
PLNNOK,23-Nov-16,2.0482,2.0589,2.0462,2.0503,0
PLNRUB,23-Nov-16,15.3344,15.515,15.2911,15.2976,0
PLNSEK,23-Nov-16,2.2148,2.2239,2.2039,2.2081,0
PLNUSD,23-Nov-16,0.2405,0.2412,0.2378,0.2378,0
QARAED,23-Nov-16,1.0081,1.0084,1.0079,1.0081,0
QARGBP,23-Nov-16,0.2209,0.2211,0.2207,0.2207,0
QARPKR,23-Nov-16,28.77,28.77,28.77,28.77,0
QARUSD,23-Nov-16,0.2745,0.2745,0.2745,0.2745,0
QARZAR,23-Nov-16,3.8574,3.924,3.8491,3.8799,0
RONCHF,23-Nov-16,0.2375,0.238,0.2371,0.2374,0
RONGBP,23-Nov-16,0.1896,0.1901,0.1875,0.1878,0
RONPLN,23-Nov-16,0.9776,0.9832,0.9765,0.9823,0
RONUSD,23-Nov-16,0.2354,0.2355,0.2331,0.2334,0
RSDUSD,23-Nov-16,0.0086,0.0086,0.0086,0.0086,0
RUBCHF,23-Nov-16,0.0159,0.0159,0.0157,0.0158,0
RUBGBP,23-Nov-16,0.0126,0.0126,0.0124,0.0125,0
RUBJPY,23-Nov-16,1.7416,1.7489,1.7218,1.7481,0
RUBKRW,23-Nov-16,18.332,18.462,18.204,18.362,0
RUBLVL,23-Nov-16,0.016,0.016,0.016,0.016,0
RUBPLN,23-Nov-16,0.0652,0.0654,0.0645,0.0653,0
RUBUSD,23-Nov-16,0.0157,0.0157,0.0154,0.0155,0
SAREUR,23-Nov-16,0.2504,0.2525,0.2504,0.2524,0
SARPKR,23-Nov-16,27.926,27.927,27.925,27.925,0
SARUSD,23-Nov-16,0.2663,0.2663,0.266,0.2662,0
SCRGBP,23-Nov-16,0.0563,0.0567,0.0556,0.0566,0
SCRUSD,23-Nov-16,0.0699,0.0705,0.0692,0.0704,0
SEKAUD,23-Nov-16,0.1465,0.1466,0.1456,0.1459,0
SEKCAD,23-Nov-16,0.1458,0.146,0.1451,0.1454,0
SEKCHF,23-Nov-16,10.92,10.97,10.9,10.91,0
SEKCNH,23-Nov-16,0.749,0.749,0.749,0.749,0
SEKCZK,23-Nov-16,2.7588,2.7658,2.7561,2.7599,0
SEKDKK,23-Nov-16,0.7592,0.7611,0.7589,0.7595,0
SEKEUR,23-Nov-16,0.1021,0.1023,0.102,0.1021,0
SEKGBP,23-Nov-16,0.0873,0.0876,0.0865,0.0866,0
SEKILS,23-Nov-16,0.4196,0.4196,0.4172,0.4174,0
SEKINR,23-Nov-16,7.4176,7.4505,7.4088,7.4117,0
SEKISK,23-Nov-16,12.245,12.248,12.245,12.246,0
SEKJPY,23-Nov-16,12.0429,12.1613,12.022,12.1239,0
SEKLVL,23-Nov-16,0.0786,0.0786,0.0786,0.0786,0
SEKNOK,23-Nov-16,0.9238,0.9286,0.923,0.9281,0
SEKPLN,23-Nov-16,0.4505,0.4535,0.4495,0.4526,0
SEKUSD,23-Nov-16,0.1085,0.1086,0.1076,0.1077,0
SEKZAR,23-Nov-16,1.5275,1.54,1.521,1.5224,0
SGDAED,23-Nov-16,2.579,2.579,2.56,2.563,0
SGDARS,23-Nov-16,10.84,10.854,10.8065,10.8491,0
SGDAUD,23-Nov-16,0.9483,0.9484,0.9431,0.946,0
SGDBRL,23-Nov-16,2.3616,2.3866,2.351,2.3866,0
SGDCAD,23-Nov-16,0.9436,0.9436,0.9403,0.9423,0
SGDCHF,23-Nov-16,0.7099,0.7104,0.707,0.7102,0
SGDCNH,23-Nov-16,4.854,4.854,4.852,4.852,0
SGDCNY,23-Nov-16,4.8339,4.8342,4.8129,4.8239,0
SGDDKK,23-Nov-16,4.9149,4.9257,4.9003,4.923,0
SGDEUR,23-Nov-16,0.6603,0.6621,0.6585,0.6617,0
SGDGBP,23-Nov-16,0.5653,0.5663,0.5601,0.5615,0
SGDHKD,23-Nov-16,5.4476,5.4494,5.4031,5.4132,0
SGDIDR,23-Nov-16,9289.9,9391.6,9270.2,9329.1,0
SGDINR,23-Nov-16,48,48.078,47.886,47.976,0
SGDJPY,23-Nov-16,77.975,78.754,77.781,78.609,0
SGDKRW,23-Nov-16,820.24,824.84,820.24,824.12,0
SGDMXN,23-Nov-16,14.474,14.474,14.4073,14.4154,0
SGDMYR,23-Nov-16,3.1035,3.1037,3.0699,3.0699,0
SGDNZD,23-Nov-16,0.9935,0.9973,0.9918,0.9973,0
SGDPKR,23-Nov-16,73.594,73.594,73.452,73.452,0
SGDPLN,23-Nov-16,2.9167,2.935,2.9092,2.9341,0
SGDSEK,23-Nov-16,6.4705,6.4825,6.4552,6.4792,0
SGDTHB,23-Nov-16,24.911,24.911,24.836,24.903,0
SGDTWD,23-Nov-16,22.356,22.434,22.305,22.434,0
SGDUSD,23-Nov-16,0.7024,0.7027,0.6968,0.698,0
SGDZAR,23-Nov-16,9.871,9.9729,9.8246,9.8572,0
SHPUSD,23-Nov-16,0.5434,0.545,0.5411,0.5434,0
SLLUSD,23-Nov-16,0.0002,0.0002,0.0002,0.0002,0
SZLCHF,23-Nov-16,0.0708,0.0709,0.0708,0.0709,0
SZLEUR,23-Nov-16,0.0659,0.0661,0.0659,0.0661,0
SZLGBP,23-Nov-16,0.0564,0.0564,0.0561,0.0561,0
SZLUSD,23-Nov-16,0.0701,0.0701,0.0697,0.0697,0
THBAUD,23-Nov-16,0.038,0.0381,0.0378,0.038,0
THBCAD,23-Nov-16,0.0378,0.0379,0.0377,0.0378,0
THBCHF,23-Nov-16,0.0285,0.0285,0.0284,0.0285,0
THBCNY,23-Nov-16,0.1939,0.194,0.1931,0.1935,0
THBEUR,23-Nov-16,0.0265,0.0265,0.0264,0.0265,0
THBGBP,23-Nov-16,0.0227,0.0227,0.0225,0.0225,0
THBHKD,23-Nov-16,0.2186,0.2187,0.217,0.2173,0
THBIDR,23-Nov-16,372.59,377.274,371.896,374.396,0
THBINR,23-Nov-16,1.9259,1.9312,1.9242,1.9271,0
THBJPY,23-Nov-16,3.1272,3.1589,3.1197,3.1545,0
THBKRW,23-Nov-16,32.898,33.141,32.898,33.067,0
THBMYR,23-Nov-16,0.1245,0.1245,0.1232,0.1232,0
THBNZD,23-Nov-16,0.0398,0.04,0.0398,0.04,0
THBPKR,23-Nov-16,2.9499,2.9499,2.9454,2.9454,0
THBSGD,23-Nov-16,0.0401,0.0402,0.04,0.0401,0
THBTWD,23-Nov-16,0.8711,0.8734,0.871,0.8734,0
THBUSD,23-Nov-16,0.0282,0.0282,0.028,0.028,0
THBZAR,23-Nov-16,0.3959,0.4003,0.3939,0.3957,0
TNDGBP,23-Nov-16,0.351,0.3514,0.3466,0.3481,0
TNDUSD,23-Nov-16,0.4347,0.4357,0.4312,0.4328,0
TRYCHF,23-Nov-16,0.2985,0.2999,0.2971,0.2991,0
TRYDKK,23-Nov-16,2.0662,2.0765,2.0593,2.074,0
TRYJPY,23-Nov-16,32.752,33.142,32.643,33.088,0
TRYPLN,23-Nov-16,1.2273,1.2375,1.2241,1.2365,0
TRYUSD,23-Nov-16,0.2953,0.2967,0.2927,0.2944,0
TRYZAR,23-Nov-16,4.1489,4.198,4.1365,4.157,0
TTDGBP,23-Nov-16,0.1171,0.1171,0.1165,0.1165,0
TWDAUD,23-Nov-16,0.0424,0.0424,0.042,0.0422,0
TWDCHF,23-Nov-16,0.0318,0.0318,0.0316,0.0317,0
TWDCNY,23-Nov-16,0.2161,0.2164,0.2147,0.2149,0
TWDDKK,23-Nov-16,0.2135,0.2135,0.2132,0.2132,0
TWDGBP,23-Nov-16,0.0253,0.0254,0.025,0.025,0
TWDHKD,23-Nov-16,0.2435,0.2438,0.2408,0.2412,0
TWDIDR,23-Nov-16,415.31,419.26,415.31,415.7,0
TWDINR,23-Nov-16,2.1396,2.1584,2.1396,2.1582,0
TWDJPY,23-Nov-16,3.486,3.508,3.478,3.503,0
TWDKRW,23-Nov-16,36.669,36.891,36.669,36.721,0
TWDMYR,23-Nov-16,0.1383,0.1391,0.1376,0.1379,0
TWDNZD,23-Nov-16,0.0443,0.0448,0.0443,0.0448,0
TWDPKR,23-Nov-16,3.2929,3.2929,3.2894,3.2894,0
TWDSEK,23-Nov-16,0.2893,0.2895,0.2883,0.2887,0
TWDSGD,23-Nov-16,0.0447,0.0448,0.0445,0.0445,0
TWDTHB,23-Nov-16,1.1136,1.1149,1.1073,1.109,0
TWDUSD,23-Nov-16,0.0313,0.0314,0.0313,0.0314,0
TWDZAR,23-Nov-16,0.4412,0.4447,0.439,0.4393,0
TZSZAR,23-Nov-16,0.0065,0.0066,0.0064,0.0064,0
UAHDKK,23-Nov-16,0.2701,0.2704,0.2701,0.2704,0
UAHEUR,23-Nov-16,0.0363,0.0363,0.0363,0.0363,0
UAHPLN,23-Nov-16,0.1621,0.163,0.1618,0.1628,0
UAHUSD,23-Nov-16,0.0386,0.0386,0.0384,0.0384,0
USDAED,23-Nov-16,3.6721,3.6724,3.672,3.672,0
USDAFN,23-Nov-16,66.575,66.575,66.228,66.228,0
USDALL,23-Nov-16,125.49,126.45,125.49,126.45,0
USDAMD,23-Nov-16,479.32,479.32,479.32,479.32,0
USDARS,23-Nov-16,15.429,15.5784,15.4274,15.542,0
USDAUD,23-Nov-16,1.3498,1.3565,1.343,1.3554,0
USDAWG,23-Nov-16,1.791,1.791,1.791,1.791,0
USDBDT,23-Nov-16,77.584,78.162,77.584,78.162,0
USDBGN,23-Nov-16,1.8295,1.845,1.8295,1.8439,0
USDBHD,23-Nov-16,0.3742,0.3746,0.3741,0.3742,0
USDBIF,23-Nov-16,1650.7,1656.7,1650.3,1656.7,0
USDBMD,23-Nov-16,1,1,1,1,0
USDBND,23-Nov-16,1.4012,1.4132,1.4012,1.4132,0
USDBOB,23-Nov-16,6.7443,6.7874,6.7441,6.7874,0
USDBRL,23-Nov-16,3.3636,3.4304,3.3544,3.4303,0
USDBWP,23-Nov-16,10.687,10.737,10.6853,10.737,0
USDBZD,23-Nov-16,1.9637,1.9762,1.9637,1.9762,0
USDCAD,23-Nov-16,1.3432,1.3516,1.3424,1.35,0
USDCDF,23-Nov-16,1055,1055,1054.5,1054.5,0
USDCHF,23-Nov-16,1.0108,1.0182,1.0091,1.0174,0
USDCLP,23-Nov-16,676.9,677.47,675.16,675.32,0
USDCNH,23-Nov-16,6.9098,6.9557,6.9097,6.95,0
USDCNY,23-Nov-16,6.8889,6.9365,6.8768,6.9162,0
USDCOP,23-Nov-16,3150.8,3150.8,3138.5,3143.8,0
USDCRC,23-Nov-16,538.52,544.12,538.52,544.12,0
USDCUP,23-Nov-16,0.9721,0.978,0.972,0.978,0
USDCVE,23-Nov-16,103.76,104.49,103.76,104.49,0
USDCZK,23-Nov-16,25.4172,25.6726,25.3922,25.6297,0
USDDJF,23-Nov-16,177.72,177.79,177.72,177.79,0
USDDKK,23-Nov-16,6.996,7.0666,6.9898,7.0547,0
USDDOP,23-Nov-16,46.5,46.5,45.976,45.976,0
USDDZD,23-Nov-16,110.248,110.685,110.248,110.644,0
USDEGP,23-Nov-16,17.6205,17.6251,17.3398,17.4489,0
USDETB,23-Nov-16,22.093,22.234,22.093,22.234,0
USDEUR,23-Nov-16,0.9403,0.9496,0.9394,0.9482,0
USDFJD,23-Nov-16,2.0894,2.0951,2.0781,2.0885,0
USDGBP,23-Nov-16,0.8049,0.8087,0.802,0.8043,0
USDGEL,23-Nov-16,2.486,2.488,2.485,2.488,0
USDGHS,23-Nov-16,3.9629,3.9972,3.9629,3.9972,0
USDGMD,23-Nov-16,42.2,42.21,42.2,42.21,0
USDGNF,23-Nov-16,8895,8953.3,8895,8953.3,0
USDGTQ,23-Nov-16,7.3224,7.3674,7.3221,7.3674,0
USDHKD,23-Nov-16,7.7557,7.7571,7.7541,7.7557,0
USDHNL,23-Nov-16,23.01,23.01,22.782,22.782,0
USDHRK,23-Nov-16,7.0791,7.1475,7.0741,7.1369,0
USDHTG,23-Nov-16,63.497,63.897,63.495,63.897,0
USDHUF,23-Nov-16,290.174,294.529,289.799,294.337,0
USDIDR,23-Nov-16,13435,13630,13240,13588,0
USDINR,23-Nov-16,68.33,68.8804,68.33,68.7987,0
USDIQD,23-Nov-16,1128.2,1144.3,1128.2,1144.3,0
USDISK,23-Nov-16,112.81,112.89,112.81,112.883,0
USDJOD,23-Nov-16,0.706,0.7061,0.7056,0.7056,0
USDJPY,23-Nov-16,110.975,112.97,110.854,112.609,0
USDKES,23-Nov-16,100.01,100.012,99.981,100.003,0
USDKHR,23-Nov-16,4000,4000,3987.6,3987.6,0
USDKMF,23-Nov-16,463.1,464,463.1,464,0
USDKRW,23-Nov-16,1167.92,1184.85,1167.92,1180.73,0
USDKWD,23-Nov-16,0.3044,0.3048,0.3044,0.3048,0
USDKZT,23-Nov-16,332.32,335.25,332.32,335.25,0
USDLAK,23-Nov-16,8191,8191,8155.21,8158.16,0
USDLBP,23-Nov-16,1507,1507,1501.3,1502.4,0
USDLKR,23-Nov-16,145.26,145.97,145.24,145.97,0
USDLRD,23-Nov-16,91,91,90.84,90.84,0
USDLSL,23-Nov-16,14.05,14.055,14.0389,14.0473,0
USDLYD,23-Nov-16,1.4005,1.4067,1.4003,1.4067,0
USDMAD,23-Nov-16,10.031,10.0943,9.9554,10.0637,0
USDMDL,23-Nov-16,19.95,20.095,19.95,20.095,0
USDMKD,23-Nov-16,57.57,58.06,57.447,58.002,0
USDMMK,23-Nov-16,1289.1999,1302,1289.1999,1302,0
USDMOP,23-Nov-16,7.802,7.853,7.802,7.853,0
USDMRO,23-Nov-16,352.12,354.33,352.12,354.33,0
USDMUR,23-Nov-16,34.587,34.595,34.401,34.413,0
USDMVR,23-Nov-16,15.16,15.16,15.15,15.15,0
USDMWK,23-Nov-16,718.16,722.4,718.11,722.4,0
USDMXN,23-Nov-16,20.6013,20.7722,20.5524,20.6493,0
USDMYR,23-Nov-16,4.4175,4.4175,4.4115,4.4115,0
USDNAD,23-Nov-16,14.05,14.055,14.0389,14.0482,0
USDNGN,23-Nov-16,315,315,314.5,314.5,0
USDNIO,23-Nov-16,28.739,28.924,28.7383,28.924,0
USDNOK,23-Nov-16,8.5164,8.6249,8.5011,8.6199,0
USDNPR,23-Nov-16,107.59,108.98,107.59,108.98,0
USDNZD,23-Nov-16,1.4145,1.4288,1.4128,1.4286,0
USDOMR,23-Nov-16,0.384,0.384,0.3835,0.3837,0
USDPAB,23-Nov-16,0.9769,0.9831,0.9768,0.9831,0
USDPEN,23-Nov-16,3.416,3.416,3.3773,3.3811,0
USDPGK,23-Nov-16,3.1705,3.1705,3.1169,3.1169,0
USDPHP,23-Nov-16,49.7589,50.0153,49.7589,49.8033,0
USDPKR,23-Nov-16,104.75,104.75,104.477,104.4957,0
USDPLN,23-Nov-16,4.1512,4.2073,4.1416,4.203,0
USDPYG,23-Nov-16,5682.4,5717.3,5682.1,5717.3,0
USDQAR,23-Nov-16,3.6393,3.6406,3.6369,3.6379,0
USDRON,23-Nov-16,4.239,4.2816,4.2379,4.2772,0
USDRSD,23-Nov-16,115.7,116.909,115.691,116.74,0
USDRUB,23-Nov-16,63.711,64.782,63.686,64.297,0
USDRWF,23-Nov-16,798.01,803.33,798.01,803.33,0
USDSAR,23-Nov-16,3.7459,3.7504,3.745,3.746,0
USDSCR,23-Nov-16,12.419,12.5539,12.2925,12.344,0
USDSDD,23-Nov-16,645.01,649.14,644.92,649.14,0
USDSEK,23-Nov-16,9.2113,9.2959,9.2026,9.2835,0
USDSGD,23-Nov-16,1.4232,1.4348,1.4225,1.4323,0
USDSHP,23-Nov-16,1.84,1.8477,1.8347,1.8396,0
USDSKK,23-Nov-16,21.242,21.242,21.242,21.242,0
USDSLL,23-Nov-16,5500,5555,5500,5555,0
USDSOS,23-Nov-16,545,545,510,510,0
USDSTD,23-Nov-16,22575,23220,22575,23220,0
USDSVC,23-Nov-16,8.5274,8.582,8.5272,8.582,0
USDSZL,23-Nov-16,14.04,14.14,14.0143,14.1251,0
USDTHB,23-Nov-16,35.46,35.7132,35.4473,35.665,0
USDTND,23-Nov-16,2.2904,2.309,2.2853,2.2999,0
USDTRY,23-Nov-16,3.3797,3.416,3.3695,3.3957,0
USDTWD,23-Nov-16,31.929,31.9859,31.8242,31.8671,0
USDTZS,23-Nov-16,2132.8,2147.3,2132.8,2147.3,0
USDUAH,23-Nov-16,25.352,25.508,25.351,25.508,0
USDUYU,23-Nov-16,28.534,28.679,28.53,28.679,0
USDUZS,23-Nov-16,3125.6,3147.8,3125.6,3147.8,0
USDVEF,23-Nov-16,9.98,9.9809,9.98,9.9809,0
USDVND,23-Nov-16,22177,22415,22177,22415,0
USDXAF,23-Nov-16,617.28,621.7,617.28,621.7,0
USDXOF,23-Nov-16,610,621.67,610,621.67,0
USDXPF,23-Nov-16,112.22,113.03,112.22,113.03,0
USDYER,23-Nov-16,249.7,249.75,249.7,249.75,0
USDZAR,23-Nov-16,14.0623,14.2926,14.0092,14.1215,0
UYUEUR,23-Nov-16,0.0319,0.0322,0.0319,0.0321,0
UYUUSD,23-Nov-16,0.0338,0.0338,0.0335,0.0337,0
UZSCHF,23-Nov-16,0.0003,0.0003,0.0003,0.0003,0
VEFEUR,23-Nov-16,0.0944,0.0944,0.0943,0.0943,0
VEFUSD,23-Nov-16,0.1,0.1,0.1,0.1,0
VNDJPY,23-Nov-16,0.0049,0.0049,0.0048,0.0049,0
VNDXAF,23-Nov-16,0.0274,0.0274,0.0273,0.0273,0
XAGAUD,23-Nov-16,22.51,22.52,21.88,22.15,0
XAGBRL,23-Nov-16,56.14,56.3,55.22,56.16,0
XAGCAD,23-Nov-16,22.4123,22.4799,21.8439,22.0866,0
XAGCNY,23-Nov-16,114.96,115.3,112.05,113.22,0
XAGEUR,23-Nov-16,15.69,15.74,15.35,15.51,0
XAGGBP,23-Nov-16,13.4,13.45,13.05,13.13,0
XAGHKD,23-Nov-16,129.2497,129.6278,125.4944,126.7896,0
XAGINR,23-Nov-16,1138.94,1142.32,1113.63,1123.46,0
XAGJPY,23-Nov-16,1849.71,1854.3,1820.1,1839.9,0
XAGKRW,23-Nov-16,195.02,196.52,191.16,193.41,0
XAGMXN,23-Nov-16,343.9,344.16,335.21,337.99,0
XAGRUB,23-Nov-16,1063.65,1073.49,1047.12,1052.28,0
XAGSAR,23-Nov-16,62.57,62.74,60.75,61.38,0
XAGTRY,23-Nov-16,56.4552,56.6035,55.1967,55.575,0
XAGUSD,23-Nov-16,16.679,16.73,16.171,16.355,0
XAGZAR,23-Nov-16,234.09,235.03,230.44,231.04,0
XAUAUD,23-Nov-16,1637,1638.1,1598,1612.7,0
XAUBRL,23-Nov-16,4081.5,4098.7,4025,4083.1,0
XAUCAD,23-Nov-16,1629.54,1632.42,1594.95,1605.98,0
XAUCNY,23-Nov-16,8357.7,8374.5,8186.8,8225,0
XAUEUR,23-Nov-16,1140.94,1143.2,1118.93,1128.1,0
XAUGBP,23-Nov-16,975.6,979.4,953.3,956,0
XAUHKD,23-Nov-16,9406.355,9418.429,9156.769,9224.111,0
XAUIDR,23-Nov-16,162980.9,164333.5,160790.4,161890.2,0
XAUINR,23-Nov-16,82889.9,83127.8,81424.1,81710.6,0
XAUJPY,23-Nov-16,134647.7,134848,132824,133909.2,0
XAUKRW,23-Nov-16,14184.76,14282.84,13972.96,14055.72,0
XAUMXN,23-Nov-16,24993.79,25033.94,24490.69,24566.22,0
XAUPLN,23-Nov-16,5041.7,5050.1,4968.9,5001.7,0
XAURUB,23-Nov-16,77295.45,78098.47,76373.14,76457.57,0
XAUSAR,23-Nov-16,4549.5,4556.2,4437.6,4461.2,0
XAUTHB,23-Nov-16,42971,43133,42169,42414,0
XAUTRY,23-Nov-16,4099.08,4116.27,4017.48,4040.39,0
XAUUSD,23-Nov-16,1213.14,1214.73,1181.95,1189.68,0
XAUZAR,23-Nov-16,17032.4,17127.5,16779.3,16799.1,0
XCDGBP,23-Nov-16,0.2963,0.2975,0.2954,0.2962,0
XPDEUR,23-Nov-16,694.89,697.92,683.45,693,0
XPDGBP,23-Nov-16,594.37,598.36,583.03,588,0
XPDUSD,23-Nov-16,717.5,741.29,717.5,730.98,0
XPFGBP,23-Nov-16,0.0072,0.0072,0.0072,0.0072,0
XPTEUR,23-Nov-16,881.95,887.38,870.29,882.41,0
XPTGBP,23-Nov-16,754.96,759.37,740.03,748.38,0
XPTUSD,23-Nov-16,936,943.18,916.55,930.56,0
YERUSD,23-Nov-16,0.004,0.004,0.004,0.004,0
ZARAED,23-Nov-16,0.2609,0.262,0.2568,0.2593,0
ZARARS,23-Nov-16,1.096,1.0995,1.0862,1.099,0
ZARAUD,23-Nov-16,0.0961,0.0961,0.0949,0.0958,0
ZARBRL,23-Nov-16,0.2388,0.2416,0.2378,0.2416,0
ZARBWP,23-Nov-16,0.7703,0.7739,0.7617,0.7697,0
ZARCAD,23-Nov-16,0.0956,0.0957,0.0946,0.0954,0
ZARCHF,23-Nov-16,0.0718,0.0721,0.0711,0.072,0
ZARCNY,23-Nov-16,0.4889,0.4904,0.4844,0.4885,0
ZARCYP,23-Nov-16,0.0391,0.0393,0.0388,0.0392,0
ZARDKK,23-Nov-16,0.4971,0.4999,0.4934,0.498,0
ZAREUR,23-Nov-16,0.0669,0.0672,0.0663,0.067,0
ZARGBP,23-Nov-16,0.0572,0.0575,0.0564,0.0569,0
ZARHKD,23-Nov-16,0.5512,0.5531,0.5424,0.5482,0
ZARIDR,23-Nov-16,939.7,946.3,935.7,944.9,0
ZARINR,23-Nov-16,4.8539,4.8846,4.817,4.8633,0
ZARKES,23-Nov-16,7.103,7.113,7.032,7.066,0
ZARKRW,23-Nov-16,82.933,83.6327,82.8807,83.4658,0
ZARMUR,23-Nov-16,2.4569,2.4596,2.4235,2.4304,0
ZARMXN,23-Nov-16,1.4627,1.467,1.4486,1.4578,0
ZARMYR,23-Nov-16,0.31,0.31,0.31,0.31,0
ZARNOK,23-Nov-16,0.605,0.609,0.6024,0.6086,0
ZARNZD,23-Nov-16,0.1005,0.101,0.1,0.101,0
ZAROMR,23-Nov-16,0.0273,0.0275,0.0269,0.0272,0
ZARPHP,23-Nov-16,3.5456,3.5588,3.4939,3.5282,0
ZARPKR,23-Nov-16,7.451,7.486,7.348,7.459,0
ZARPLN,23-Nov-16,0.2951,0.2972,0.2938,0.2972,0
ZARSEK,23-Nov-16,0.6546,0.6569,0.6497,0.6554,0
ZARSGD,23-Nov-16,0.1011,0.1017,0.1003,0.1012,0
ZARTHB,23-Nov-16,2.5194,2.527,2.4967,2.5217,0
ZARTRY,23-Nov-16,0.2403,0.2416,0.2385,0.2398,0
ZARTWD,23-Nov-16,2.1941,2.2046,2.1926,2.2046,0
ZARUSD,23-Nov-16,0.0709,0.0713,0.0699,0.0706,0
ZMKZAR,23-Nov-16,0.0026,0.0026,0.0026,0.0026,0