,date,open,high,low,close,volume
0,"Nov 1, 2016",6.75,6.90,6.75,6.85,144221
1,"Oct 31, 2016",6.70,6.80,6.67,6.75,99711
2,"Oct 28, 2016",7.01,7.02,6.70,6.77,129514
3,"Oct 27, 2016",7.09,7.19,7.02,7.03,120636
4,"Oct 26, 2016",7.13,7.27,7.02,7.07,109558
5,"Oct 25, 2016",7.33,7.39,7.21,7.22,59628
6,"Oct 24, 2016",7.45,7.58,7.20,7.33,111896
7,"Oct 21, 2016",7.52,7.57,7.42,7.48,53893
8,"Oct 20, 2016",7.64,7.73,7.49,7.57,59213
9,"Oct 19, 2016",7.73,7.86,7.65,7.68,178833
10,"Oct 18, 2016",7.77,7.84,7.65,7.65,118753
11,"Oct 17, 2016",7.80,7.88,7.66,7.69,151855
12,"Oct 14, 2016",7.60,7.82,7.55,7.75,373049
13,"Oct 13, 2016",7.25,7.58,7.25,7.44,219815
14,"Oct 12, 2016",7.29,7.33,7.21,7.25,41609
15,"Oct 11, 2016",7.27,7.45,7.26,7.35,148162
16,"Oct 10, 2016",7.31,7.41,7.18,7.21,75559
17,"Oct 7, 2016",7.45,7.45,7.11,7.23,125755
18,"Oct 6, 2016",7.30,7.47,7.12,7.45,147245
19,"Oct 5, 2016",7.05,7.31,7.03,7.27,83614
20,"Oct 4, 2016",7.17,7.23,6.96,6.98,86084
21,"Oct 3, 2016",7.05,7.27,6.98,7.25,115032
22,"Sep 30, 2016",6.97,7.07,6.96,7.03,61834
23,"Sep 29, 2016",6.99,7.11,6.91,6.93,79941
24,"Sep 28, 2016",6.71,7.02,6.66,6.98,94873
25,"Sep 27, 2016",6.71,6.71,6.61,6.67,48917
26,"Sep 26, 2016",6.76,6.85,6.73,6.73,61262
27,"Sep 23, 2016",6.84,6.89,6.68,6.73,48117
28,"Sep 22, 2016",7.05,7.12,6.85,6.91,184516
29,"Sep 21, 2016",6.80,7.00,6.76,6.97,114234
30,"Sep 20, 2016",6.50,6.71,6.50,6.70,65020
31,"Sep 19, 2016",6.64,6.64,6.50,6.53,45275
32,"Sep 16, 2016",6.67,6.69,6.55,6.55,42688
33,"Sep 15, 2016",6.58,6.85,6.58,6.73,68015
34,"Sep 14, 2016",6.65,6.82,6.56,6.61,74732
35,"Sep 13, 2016",6.84,6.85,6.66,6.66,68060
36,"Sep 12, 2016",6.86,6.96,6.77,6.92,68636
37,"Sep 9, 2016",7.20,7.20,6.88,6.95,107647
38,"Sep 8, 2016",7.11,7.40,7.04,7.31,95371
39,"Sep 7, 2016",7.17,7.17,7.02,7.05,55883
40,"Sep 6, 2016",6.99,7.13,6.97,7.11,63202
41,"Sep 2, 2016",6.93,7.00,6.86,6.95,77331
42,"Sep 1, 2016",6.75,6.89,6.75,6.85,57787
43,"Aug 31, 2016",6.86,6.88,6.68,6.83,104449
44,"Aug 30, 2016",7.05,7.10,6.85,6.87,39847
45,"Aug 29, 2016",7.05,7.08,6.93,7.04,61060
46,"Aug 26, 2016",7.07,7.22,7.06,7.07,146407
47,"Aug 25, 2016",6.99,7.10,6.91,7.06,68214
48,"Aug 24, 2016",7.11,7.16,6.99,7.01,136485
49,"Aug 23, 2016",7.02,7.21,7.02,7.14,68399
50,"Aug 22, 2016",7.22,7.22,7.04,7.07,120734
51,"Aug 19, 2016",7.39,7.39,7.21,7.25,58029
52,"Aug 18, 2016",7.21,7.43,7.16,7.42,145724
53,"Aug 17, 2016",7.23,7.23,7.06,7.11,123354
54,"Aug 16, 2016",7.00,7.27,6.99,7.22,220657
55,"Aug 15, 2016",6.94,7.00,6.88,7.00,120923
56,"Aug 12, 2016",6.79,6.92,6.78,6.87,120590
57,"Aug 11, 2016",6.68,6.86,6.68,6.77,144380
58,"Aug 10, 2016",6.74,6.85,6.64,6.65,97567
59,"Aug 9, 2016",6.71,6.86,6.69,6.73,61815
60,"Aug 8, 2016",6.70,6.85,6.70,6.72,110657
61,"Aug 5, 2016",6.50,6.82,6.50,6.67,253799
62,"Aug 4, 2016",6.36,6.50,6.36,6.45,74479
63,"Aug 3, 2016",6.23,6.39,6.21,6.37,83925
64,"Aug 2, 2016",6.18,6.29,6.13,6.24,73458
65,"Aug 1, 2016",6.25,6.28,6.11,6.11,72468
66,"Jul 29, 2016",6.25,6.36,6.21,6.35,52893
67,"Jul 28, 2016",6.29,6.33,6.21,6.24,66189
68,"Jul 27, 2016",6.38,6.48,6.17,6.32,78432
69,"Jul 26, 2016",6.17,6.41,6.17,6.38,63224
70,"Jul 25, 2016",6.49,6.50,6.22,6.23,92011
71,"Jul 22, 2016",6.45,6.58,6.42,6.56,174066
72,"Jul 21, 2016",6.44,6.59,6.35,6.43,102122
73,"Jul 20, 2016",6.20,6.51,6.19,6.49,154589
74,"Jul 19, 2016",6.46,6.49,6.23,6.28,118108
75,"Jul 18, 2016",6.29,6.49,6.26,6.48,214688
76,"Jul 15, 2016",6.13,6.33,6.08,6.29,168268
77,"Jul 14, 2016",5.85,6.13,5.85,6.09,120014
78,"Jul 13, 2016",5.86,5.97,5.75,5.82,64559
79,"Jul 12, 2016",5.78,5.93,5.75,5.85,82090
80,"Jul 11, 2016",5.83,5.86,5.70,5.73,83064
81,"Jul 8, 2016",5.85,5.90,5.80,5.81,92287
82,"Jul 7, 2016",5.92,6.04,5.75,5.80,157198
83,"Jul 6, 2016",5.38,5.74,5.38,5.72,88947
84,"Jul 5, 2016",5.45,5.47,5.38,5.42,52696
85,"Jul 1, 2016",5.57,5.68,5.57,5.64,15295
86,"Jun 30, 2016",5.66,5.72,5.54,5.59,52500
87,"Jun 29, 2016",5.49,5.70,5.43,5.69,119420
88,"Jun 28, 2016",5.39,5.48,5.37,5.42,153881
89,"Jun 27, 2016",5.31,5.43,5.25,5.33,69158
90,"Jun 24, 2016",5.30,5.46,5.29,5.36,63221
91,"Jun 23, 2016",5.59,5.61,5.50,5.54,52706
92,"Jun 22, 2016",5.68,5.68,5.46,5.50,60570
93,"Jun 21, 2016",5.68,5.70,5.60,5.63,40137
94,"Jun 20, 2016",5.69,5.82,5.62,5.70,86121
95,"Jun 17, 2016",5.52,5.64,5.50,5.61,108856
96,"Jun 16, 2016",5.49,5.51,5.38,5.41,61627
97,"Jun 15, 2016",5.62,5.73,5.53,5.53,67031
98,"Jun 14, 2016",5.62,5.79,5.62,5.64,61781
99,"Jun 13, 2016",5.76,5.87,5.64,5.69,88825
100,"Jun 10, 2016",5.93,5.93,5.71,5.81,137095
101,"Jun 9, 2016",5.94,6.09,5.93,5.95,134310
102,"Jun 8, 2016",6.23,6.31,5.99,6.00,258464
103,"Jun 7, 2016",6.16,6.20,6.13,6.15,100128
104,"Jun 6, 2016",6.00,6.17,6.00,6.09,76345
105,"Jun 3, 2016",5.98,6.05,5.89,5.94,54478
106,"Jun 2, 2016",5.85,5.99,5.84,5.91,67009
107,"Jun 1, 2016",5.79,5.93,5.78,5.92,33793
108,"May 31, 2016",5.80,5.93,5.77,5.89,48845
109,"May 27, 2016",5.83,5.94,5.75,5.86,59584
110,"May 26, 2016",5.97,6.03,5.79,5.86,95101
111,"May 25, 2016",5.77,5.95,5.77,5.93,47051
112,"May 24, 2016",5.77,5.80,5.70,5.74,49409
113,"May 23, 2016",5.77,5.77,5.63,5.70,25635
114,"May 20, 2016",5.71,5.79,5.65,5.75,26929
115,"May 19, 2016",5.57,5.73,5.49,5.71,60623
116,"May 18, 2016",5.83,5.85,5.62,5.63,42129
117,"May 17, 2016",5.89,5.93,5.85,5.86,62109
118,"May 16, 2016",5.75,5.91,5.75,5.89,132362
119,"May 13, 2016",5.70,5.77,5.66,5.72,36127
120,"May 12, 2016",5.61,5.78,5.57,5.77,79100
121,"May 11, 2016",5.42,5.60,5.37,5.55,69633
122,"May 10, 2016",5.24,5.42,5.24,5.40,47039
123,"May 9, 2016",5.25,5.28,5.10,5.19,63846
124,"May 6, 2016",5.34,5.37,5.24,5.31,88254
125,"May 5, 2016",5.40,5.47,5.26,5.29,96941
126,"May 4, 2016",5.25,5.34,5.13,5.33,97671
127,"May 3, 2016",5.54,5.54,5.27,5.30,92934
128,"May 2, 2016",5.68,5.70,5.56,5.61,110759
129,"Apr 29, 2016",5.60,5.75,5.54,5.72,50459
130,"Apr 28, 2016",5.53,5.63,5.49,5.53,72285
131,"Apr 27, 2016",5.53,5.64,5.41,5.54,56862
132,"Apr 26, 2016",5.44,5.56,5.42,5.48,92874
133,"Apr 25, 2016",5.47,5.51,5.40,5.41,55806
134,"Apr 22, 2016",5.47,5.70,5.47,5.52,83165
135,"Apr 21, 2016",5.50,5.54,5.43,5.45,39508
136,"Apr 20, 2016",5.38,5.64,5.37,5.49,76638
137,"Apr 19, 2016",5.36,5.47,5.35,5.45,85910
138,"Apr 18, 2016",5.04,5.35,4.97,5.30,67590
139,"Apr 15, 2016",5.22,5.22,5.13,5.16,173508
140,"Apr 14, 2016",5.46,5.49,5.17,5.27,79251
141,"Apr 13, 2016",5.54,5.64,5.43,5.43,75881
142,"Apr 12, 2016",5.35,5.59,5.23,5.55,128168
143,"Apr 11, 2016",5.22,5.36,5.22,5.31,49819
144,"Apr 8, 2016",5.33,5.33,5.16,5.23,54813
145,"Apr 7, 2016",5.20,5.24,5.10,5.14,34515
146,"Apr 6, 2016",5.18,5.23,5.09,5.21,72851
147,"Apr 5, 2016",5.02,5.14,4.99,5.12,55613
148,"Apr 4, 2016",5.16,5.26,5.09,5.09,72287
149,"Apr 1, 2016",5.37,5.41,5.17,5.19,45597
150,"Mar 31, 2016",5.47,5.54,5.36,5.49,61550
151,"Mar 30, 2016",5.33,5.52,5.29,5.49,206517
152,"Mar 29, 2016",5.14,5.28,5.10,5.23,67209
153,"Mar 28, 2016",5.13,5.20,5.02,5.18,48988
154,"Mar 24, 2016",5.05,5.19,5.05,5.13,47516
155,"Mar 23, 2016",5.31,5.31,5.09,5.15,50478
156,"Mar 22, 2016",5.39,5.47,5.32,5.36,59587
157,"Mar 21, 2016",5.45,5.53,5.36,5.40,100057
158,"Mar 18, 2016",5.67,5.70,5.43,5.45,100810
159,"Mar 17, 2016",5.55,5.68,5.55,5.62,107029
160,"Mar 16, 2016",5.32,5.49,5.29,5.46,169365
161,"Mar 15, 2016",5.40,5.42,5.29,5.33,101445
162,"Mar 14, 2016",5.54,5.59,5.39,5.47,98906
163,"Mar 11, 2016",5.63,5.74,5.57,5.58,119683
164,"Mar 10, 2016",5.42,5.56,5.34,5.53,258081
165,"Mar 9, 2016",5.25,5.46,5.19,5.42,161187
166,"Mar 8, 2016",5.00,5.22,4.82,5.22,128349
167,"Mar 7, 2016",5.14,5.25,4.99,5.01,129238
168,"Mar 4, 2016",5.21,5.28,5.07,5.14,116823
169,"Mar 3, 2016",5.23,5.37,5.19,5.22,68650
170,"Mar 2, 2016",5.08,5.27,5.05,5.27,142406
171,"Mar 1, 2016",5.12,5.13,5.03,5.12,231797
172,"Feb 29, 2016",4.99,5.09,4.95,5.07,100330
173,"Feb 26, 2016",5.16,5.18,4.89,4.97,144572
174,"Feb 25, 2016",5.10,5.15,4.99,5.08,68110
175,"Feb 24, 2016",4.99,5.10,4.96,5.06,51124
176,"Feb 23, 2016",5.28,5.28,5.03,5.07,57543
177,"Feb 22, 2016",5.32,5.41,5.29,5.31,86313
178,"Feb 19, 2016",5.14,5.33,5.05,5.26,51233
179,"Feb 18, 2016",5.52,5.53,5.13,5.19,210188
180,"Feb 17, 2016",5.53,5.82,5.52,5.67,216424
181,"Feb 16, 2016",5.54,5.58,5.29,5.44,105715
182,"Feb 12, 2016",5.45,5.52,5.31,5.40,64761
183,"Feb 11, 2016",5.31,5.39,5.15,5.36,78285
184,"Feb 10, 2016",5.38,5.61,5.26,5.38,78430
185,"Feb 9, 2016",5.69,5.69,5.35,5.36,69724
186,"Feb 8, 2016",5.47,5.85,5.45,5.69,204502
187,"Feb 5, 2016",5.57,5.68,5.47,5.53,120553
188,"Feb 4, 2016",5.56,5.66,5.43,5.61,212978
189,"Feb 3, 2016",5.40,5.51,5.23,5.50,380862
190,"Feb 2, 2016",5.24,5.30,5.10,5.28,308663
191,"Feb 1, 2016",5.44,5.45,5.24,5.36,255338
192,"Jan 29, 2016",5.50,5.62,5.30,5.46,628379
193,"Jan 28, 2016",5.42,5.51,5.30,5.46,232284
194,"Jan 27, 2016",5.30,5.45,5.18,5.24,246484
195,"Jan 26, 2016",5.10,5.36,5.04,5.34,144367
196,"Jan 25, 2016",5.13,5.17,4.98,4.98,154147
197,"Jan 22, 2016",5.30,5.44,5.19,5.23,271854
198,"Jan 21, 2016",4.85,5.25,4.76,5.10,166773
199,"Jan 20, 2016",4.19,5.35,4.16,4.93,450401
200,"Jan 19, 2016",4.60,4.61,4.28,4.32,74870
201,"Jan 15, 2016",4.51,4.72,4.48,4.70,88316
202,"Jan 14, 2016",4.49,4.77,4.46,4.73,100540
203,"Jan 13, 2016",4.74,4.86,4.51,4.55,126891
204,"Jan 12, 2016",4.70,4.74,4.50,4.69,94817
205,"Jan 11, 2016",4.81,4.81,4.50,4.62,106665
206,"Jan 8, 2016",4.74,4.86,4.73,4.78,148614
207,"Jan 7, 2016",4.58,4.84,4.58,4.74,262116
208,"Jan 6, 2016",4.76,4.88,4.74,4.77,44057
209,"Jan 5, 2016",4.95,4.99,4.88,4.99,28376
210,"Jan 4, 2016",5.00,5.10,4.92,4.95,56097
211,"Dec 31, 2015",4.89,5.10,4.89,5.08,33214
212,"Dec 30, 2015",5.04,5.07,4.91,4.93,42979
213,"Dec 29, 2015",4.99,5.12,4.92,5.09,128688
214,"Dec 28, 2015",4.93,4.98,4.85,4.94,31670
215,"Dec 24, 2015",4.97,5.00,4.91,4.93,17358
216,"Dec 23, 2015",4.80,4.99,4.80,4.97,83224
217,"Dec 22, 2015",4.67,4.74,4.65,4.72,197794
218,"Dec 21, 2015",4.66,4.77,4.58,4.68,59267
219,"Dec 18, 2015",4.50,4.67,4.47,4.65,75705
220,"Dec 17, 2015",4.76,4.76,4.51,4.51,102161
221,"Dec 16, 2015",4.41,4.74,4.41,4.60,110147
222,"Dec 15, 2015",4.44,4.59,4.44,4.45,198513
223,"Dec 14, 2015",4.50,4.50,4.35,4.37,89145
224,"Dec 11, 2015",4.55,4.56,4.50,4.52,71505
225,"Dec 10, 2015",4.58,4.68,4.52,4.62,81085
226,"Dec 9, 2015",4.57,4.71,4.51,4.59,64192
227,"Dec 8, 2015",4.34,4.61,4.30,4.57,136820
228,"Dec 7, 2015",4.69,4.75,4.40,4.45,222089
229,"Dec 4, 2015",4.96,4.99,4.81,4.81,81766
230,"Dec 3, 2015",5.16,5.20,4.93,4.99,71552
231,"Dec 2, 2015",5.30,5.30,5.10,5.13,125967
232,"Dec 1, 2015",5.22,5.35,5.21,5.35,60966
233,"Nov 30, 2015",5.32,5.46,5.26,5.26,39478
234,"Nov 27, 2015",5.33,5.38,5.26,5.29,14361
235,"Nov 25, 2015",5.40,5.48,5.30,5.43,31380
236,"Nov 24, 2015",5.29,5.48,5.29,5.44,45835
237,"Nov 23, 2015",5.20,5.34,5.20,5.23,48670
238,"Nov 20, 2015",5.46,5.48,5.21,5.22,76317
239,"Nov 19, 2015",5.53,5.61,5.46,5.48,49294
240,"Nov 18, 2015",5.63,5.68,5.49,5.55,65836
241,"Nov 17, 2015",5.55,5.70,5.50,5.60,162124
242,"Nov 16, 2015",5.49,5.68,5.43,5.68,59995
243,"Nov 13, 2015",5.32,5.58,5.31,5.50,115863
244,"Nov 12, 2015",5.42,5.50,5.30,5.36,143524
245,"Nov 11, 2015",5.80,5.80,5.46,5.48,58856
246,"Nov 10, 2015",5.78,5.84,5.71,5.81,90602
247,"Nov 9, 2015",5.86,5.90,5.75,5.80,82920
248,"Nov 6, 2015",5.76,6.02,5.76,5.85,73763
249,"Nov 5, 2015",5.87,5.94,5.77,5.85,97747
250,"Nov 4, 2015",5.92,6.13,5.88,5.90,261420
251,"Nov 3, 2015",5.58,5.93,5.58,5.89,111668
252,"Nov 2, 2015",5.50,5.62,5.50,5.52,36856
253,"Oct 30, 2015",5.52,5.66,5.44,5.57,45926
254,"Oct 29, 2015",5.45,5.57,5.41,5.53,77551
255,"Oct 28, 2015",5.41,5.59,5.36,5.43,272751
256,"Oct 27, 2015",5.44,5.46,5.31,5.37,82855
257,"Oct 26, 2015",5.80,5.80,5.47,5.52,60645
258,"Oct 23, 2015",5.91,5.93,5.76,5.81,156865
259,"Oct 22, 2015",5.85,6.00,5.85,5.91,54438
260,"Oct 21, 2015",6.00,6.01,5.76,5.80,155282
261,"Oct 20, 2015",5.89,6.07,5.89,6.02,62753
262,"Oct 19, 2015",6.10,6.10,5.87,5.90,87111
263,"Oct 16, 2015",6.29,6.29,6.12,6.16,53933
264,"Oct 15, 2015",6.09,6.30,6.09,6.25,182650
265,"Oct 14, 2015",6.10,6.20,6.09,6.17,73383
266,"Oct 13, 2015",6.10,6.24,6.09,6.09,289325
267,"Oct 12, 2015",6.24,6.25,6.11,6.19,37700
268,"Oct 9, 2015",6.34,6.45,6.21,6.25,215727
269,"Oct 8, 2015",6.18,6.32,6.18,6.26,209208
270,"Oct 7, 2015",6.19,6.37,6.12,6.18,236028
271,"Oct 6, 2015",5.92,6.18,5.91,6.12,174697
272,"Oct 5, 2015",5.70,5.93,5.69,5.90,139010
273,"Oct 2, 2015",5.39,5.69,5.35,5.63,91163
274,"Oct 1, 2015",5.32,5.51,5.32,5.39,116692
275,"Sep 30, 2015",5.17,5.25,5.08,5.21,161306
276,"Sep 29, 2015",5.31,5.31,5.06,5.07,144969
277,"Sep 28, 2015",5.29,5.35,5.23,5.23,59532
278,"Sep 25, 2015",5.51,5.51,5.26,5.29,69615
279,"Sep 24, 2015",5.40,5.45,5.27,5.40,83807
280,"Sep 23, 2015",5.56,5.61,5.37,5.39,81493
281,"Sep 22, 2015",5.40,5.57,5.39,5.54,63186
282,"Sep 21, 2015",5.38,5.61,5.38,5.48,65699
283,"Sep 18, 2015",5.43,5.52,5.33,5.42,62572
284,"Sep 17, 2015",5.56,5.69,5.48,5.52,93110
285,"Sep 16, 2015",5.41,5.61,5.37,5.55,72317
286,"Sep 15, 2015",5.34,5.46,5.29,5.33,113016
287,"Sep 14, 2015",5.20,5.43,5.14,5.31,83805
288,"Sep 11, 2015",5.44,5.49,5.12,5.21,215680
289,"Sep 10, 2015",5.29,5.50,5.29,5.47,64244
290,"Sep 9, 2015",5.50,5.56,5.25,5.26,122835
291,"Sep 8, 2015",5.36,5.59,5.32,5.44,122524
292,"Sep 4, 2015",5.30,5.39,5.24,5.25,53307
293,"Sep 3, 2015",5.30,5.49,5.28,5.40,60702
294,"Sep 2, 2015",5.37,5.39,5.17,5.31,77279
295,"Sep 1, 2015",5.41,5.54,5.27,5.33,260897
296,"Aug 31, 2015",5.26,5.60,5.21,5.58,221444
297,"Aug 28, 2015",5.23,5.56,5.23,5.39,112154
298,"Aug 27, 2015",5.21,5.62,5.15,5.33,196552
299,"Aug 26, 2015",4.86,5.06,4.81,5.04,189916
300,"Aug 25, 2015",4.97,4.99,4.83,4.85,89457
301,"Aug 24, 2015",4.68,4.91,4.63,4.75,208807
302,"Aug 21, 2015",5.08,5.14,4.98,5.01,185178
303,"Aug 20, 2015",5.24,5.28,5.12,5.13,144946
304,"Aug 19, 2015",5.31,5.35,5.20,5.27,70839
305,"Aug 18, 2015",5.30,5.38,5.19,5.36,105708
306,"Aug 17, 2015",5.42,5.42,5.30,5.33,74309
307,"Aug 14, 2015",5.48,5.64,5.39,5.47,61041
308,"Aug 13, 2015",5.41,5.53,5.37,5.49,96514
309,"Aug 12, 2015",5.63,5.72,5.43,5.54,128790
310,"Aug 11, 2015",5.47,5.64,5.36,5.63,61539
311,"Aug 10, 2015",5.41,5.61,5.28,5.61,84937
312,"Aug 7, 2015",5.69,5.69,5.40,5.43,333260
313,"Aug 6, 2015",5.61,5.76,5.48,5.75,101170
314,"Aug 5, 2015",5.68,5.92,5.60,5.61,70136
315,"Aug 4, 2015",5.36,5.71,5.36,5.64,63104
316,"Aug 3, 2015",5.42,5.48,5.25,5.32,55224
317,"Jul 31, 2015",5.55,5.61,5.43,5.46,89109
318,"Jul 30, 2015",5.60,5.70,5.53,5.57,37538
319,"Jul 29, 2015",5.50,5.70,5.38,5.64,55558
320,"Jul 28, 2015",5.33,5.63,5.33,5.51,103968
321,"Jul 27, 2015",5.41,5.45,5.28,5.33,114310
322,"Jul 24, 2015",5.51,5.56,5.46,5.53,55811
323,"Jul 23, 2015",5.80,5.82,5.47,5.54,114961
324,"Jul 22, 2015",5.73,5.91,5.67,5.76,45478
325,"Jul 21, 2015",5.61,5.85,5.61,5.81,97665
326,"Jul 20, 2015",5.67,5.71,5.53,5.61,98551
327,"Jul 17, 2015",5.98,5.98,5.71,5.73,99993
328,"Jul 16, 2015",6.07,6.12,5.97,6.00,62522
329,"Jul 15, 2015",6.21,6.26,6.00,6.07,105175
330,"Jul 14, 2015",6.23,6.35,6.22,6.24,61175
331,"Jul 13, 2015",6.21,6.28,6.07,6.21,62651
332,"Jul 10, 2015",6.25,6.25,6.15,6.21,57864
333,"Jul 9, 2015",6.30,6.34,6.14,6.21,74305
334,"Jul 8, 2015",6.25,6.39,6.17,6.19,162281
335,"Jul 7, 2015",6.41,6.41,6.15,6.32,88884
336,"Jul 6, 2015",6.26,6.58,6.18,6.45,173953
337,"Jul 2, 2015",6.24,6.44,6.18,6.26,100362
338,"Jul 1, 2015",6.29,6.29,6.08,6.13,70032
339,"Jun 30, 2015",6.36,6.40,6.31,6.32,45276
340,"Jun 29, 2015",6.31,6.39,6.24,6.36,53414
341,"Jun 26, 2015",6.43,6.43,6.31,6.40,56886
342,"Jun 25, 2015",6.47,6.47,6.37,6.45,58897
343,"Jun 24, 2015",6.39,6.56,6.39,6.44,61174
344,"Jun 23, 2015",6.38,6.48,6.34,6.42,66794
345,"Jun 22, 2015",6.32,6.47,6.22,6.44,75134
346,"Jun 19, 2015",6.24,6.29,6.18,6.29,60483
347,"Jun 18, 2015",6.30,6.37,6.20,6.26,43382
348,"Jun 17, 2015",6.28,6.39,6.11,6.28,64408
349,"Jun 16, 2015",6.37,6.42,6.20,6.25,50541
350,"Jun 15, 2015",6.21,6.44,6.21,6.39,75731
351,"Jun 12, 2015",6.22,6.34,6.19,6.31,73119
352,"Jun 11, 2015",6.41,6.43,6.24,6.34,58161
353,"Jun 10, 2015",6.33,6.48,6.27,6.43,145538
354,"Jun 9, 2015",6.18,6.25,6.13,6.20,99692
355,"Jun 8, 2015",6.10,6.15,6.09,6.12,36897
356,"Jun 5, 2015",5.96,6.16,5.93,6.12,67694
357,"Jun 4, 2015",5.99,6.06,5.96,5.98,61853
358,"Jun 3, 2015",6.12,6.12,5.99,6.02,46720
359,"Jun 2, 2015",6.02,6.21,6.02,6.17,40055
360,"Jun 1, 2015",6.07,6.07,5.90,5.99,67043
361,"May 29, 2015",6.10,6.13,6.00,6.06,48911
362,"May 28, 2015",5.98,6.12,5.88,6.12,114427
363,"May 27, 2015",5.99,6.04,5.95,6.00,120331
364,"May 26, 2015",6.10,6.14,5.95,6.03,77895
365,"May 22, 2015",6.25,6.30,6.13,6.19,75101
366,"May 21, 2015",6.19,6.40,6.19,6.30,103645
367,"May 20, 2015",6.06,6.22,6.04,6.19,98752
368,"May 19, 2015",5.93,6.07,5.91,6.06,215227
369,"May 18, 2015",6.11,6.15,5.80,5.81,261891
370,"May 15, 2015",6.16,6.25,6.01,6.18,101476
371,"May 14, 2015",6.36,6.36,6.18,6.20,70420
372,"May 13, 2015",6.46,6.59,6.28,6.32,299989
373,"May 12, 2015",6.29,6.54,6.25,6.45,143399
374,"May 11, 2015",6.08,6.41,6.05,6.29,208845
375,"May 8, 2015",5.88,6.11,5.78,6.09,160508
376,"May 7, 2015",5.85,5.85,5.73,5.78,52663
377,"May 6, 2015",5.97,6.00,5.79,5.88,162811
378,"May 5, 2015",6.14,6.23,5.93,5.97,97947
379,"May 4, 2015",6.15,6.20,6.07,6.09,69086
380,"May 1, 2015",6.17,6.25,6.08,6.14,89036
381,"Apr 30, 2015",6.15,6.20,6.07,6.19,85772
382,"Apr 29, 2015",5.98,6.28,5.98,6.16,112758
383,"Apr 28, 2015",5.94,6.02,5.94,6.01,67370
384,"Apr 27, 2015",5.93,6.03,5.93,5.95,56790
385,"Apr 24, 2015",6.01,6.02,5.89,5.97,188403
386,"Apr 23, 2015",5.98,6.09,5.98,5.99,164962
387,"Apr 22, 2015",6.07,6.17,5.94,5.98,54370
388,"Apr 21, 2015",6.13,6.15,6.01,6.06,187682
389,"Apr 20, 2015",6.11,6.14,6.02,6.11,98828
390,"Apr 17, 2015",5.90,6.11,5.88,6.04,168814
391,"Apr 16, 2015",5.88,5.97,5.87,5.92,90018
392,"Apr 15, 2015",5.80,5.94,5.77,5.87,95472
393,"Apr 14, 2015",5.71,5.78,5.69,5.78,87888
394,"Apr 13, 2015",5.61,5.68,5.58,5.63,73818
395,"Apr 10, 2015",5.65,5.65,5.57,5.61,80545
396,"Apr 9, 2015",5.45,5.69,5.45,5.63,88171
397,"Apr 8, 2015",5.72,5.72,5.41,5.43,115585
398,"Apr 7, 2015",5.73,5.86,5.66,5.67,94417
399,"Apr 6, 2015",5.63,5.84,5.62,5.74,162151
400,"Apr 2, 2015",5.50,5.62,5.44,5.60,268576
401,"Apr 1, 2015",5.35,5.57,5.35,5.48,183773
402,"Mar 31, 2015",5.21,5.38,5.20,5.36,221532
403,"Mar 30, 2015",5.41,5.42,5.22,5.27,80773
404,"Mar 27, 2015",5.27,5.47,5.25,5.42,285763
405,"Mar 26, 2015",5.39,5.45,5.28,5.31,184689
406,"Mar 25, 2015",5.24,5.37,5.24,5.33,159570
407,"Mar 24, 2015",5.24,5.27,5.22,5.27,554270
408,"Mar 23, 2015",5.30,5.39,5.22,5.24,114793
409,"Mar 20, 2015",5.33,5.38,5.27,5.29,227774
410,"Mar 19, 2015",5.30,5.35,5.24,5.25,148398
411,"Mar 18, 2015",5.11,5.45,5.10,5.42,180194
412,"Mar 17, 2015",5.00,5.21,5.00,5.17,152208
413,"Mar 16, 2015",4.87,5.05,4.72,5.04,183703
414,"Mar 13, 2015",4.95,4.98,4.87,4.89,84261
415,"Mar 12, 2015",5.13,5.16,4.98,5.03,182644
416,"Mar 11, 2015",5.11,5.13,5.02,5.09,208868
417,"Mar 10, 2015",5.07,5.20,5.00,5.12,126328
418,"Mar 9, 2015",5.29,5.32,5.11,5.13,143036
419,"Mar 6, 2015",5.35,5.35,5.21,5.29,88660
420,"Mar 5, 2015",5.41,5.44,5.36,5.36,76726
421,"Mar 4, 2015",5.42,5.49,5.32,5.47,69890
422,"Mar 3, 2015",5.20,5.44,5.20,5.41,136025
423,"Mar 2, 2015",5.16,5.28,5.16,5.20,81572
424,"Feb 27, 2015",5.32,5.33,5.18,5.21,109714
425,"Feb 26, 2015",5.25,5.36,5.20,5.31,138840
426,"Feb 25, 2015",5.30,5.36,5.25,5.34,50657
427,"Feb 24, 2015",5.25,5.33,5.11,5.30,185932
428,"Feb 23, 2015",5.35,5.35,5.08,5.26,125556
429,"Feb 20, 2015",5.47,5.53,5.37,5.39,164013
430,"Feb 19, 2015",5.21,5.49,5.14,5.47,177729
431,"Feb 18, 2015",5.16,5.83,5.10,5.36,508671
432,"Feb 17, 2015",4.93,5.17,4.79,5.13,241353
433,"Feb 13, 2015",5.00,5.00,4.81,4.90,97876
434,"Feb 12, 2015",4.76,4.97,4.67,4.96,160496
435,"Feb 11, 2015",4.52,4.67,4.43,4.65,96408
436,"Feb 10, 2015",4.62,4.62,4.40,4.58,166535
437,"Feb 9, 2015",4.48,4.63,4.44,4.60,112390
438,"Feb 6, 2015",4.48,4.63,4.38,4.43,102221
439,"Feb 5, 2015",4.41,4.64,4.41,4.52,123304
440,"Feb 4, 2015",4.38,4.56,4.27,4.39,197649
441,"Feb 3, 2015",4.23,4.56,4.23,4.45,202613
442,"Feb 2, 2015",4.28,4.28,4.12,4.19,106326
443,"Jan 30, 2015",3.99,4.19,3.89,4.18,126374
444,"Jan 29, 2015",4.03,4.07,3.96,3.99,134061
445,"Jan 28, 2015",4.27,4.27,3.95,4.01,167050
446,"Jan 27, 2015",4.09,4.34,4.06,4.28,132041
447,"Jan 26, 2015",4.16,4.31,4.12,4.18,124844
448,"Jan 23, 2015",4.13,4.26,4.13,4.18,192590
449,"Jan 22, 2015",4.18,4.24,4.08,4.15,218475
450,"Jan 21, 2015",4.40,4.41,4.12,4.15,304774
451,"Jan 20, 2015",4.68,4.68,4.33,4.33,186786
452,"Jan 16, 2015",4.37,4.76,4.36,4.76,177352
453,"Jan 15, 2015",4.63,4.68,4.37,4.42,169883
454,"Jan 14, 2015",4.38,4.58,4.31,4.54,157481
455,"Jan 13, 2015",4.43,4.52,4.33,4.42,190592
456,"Jan 12, 2015",4.46,4.48,4.35,4.42,244456
457,"Jan 9, 2015",4.51,4.61,4.44,4.59,178572
458,"Jan 8, 2015",4.50,4.64,4.48,4.51,164463
459,"Jan 7, 2015",4.55,4.79,4.46,4.47,160182
460,"Jan 6, 2015",4.52,4.62,4.33,4.53,322907
461,"Jan 5, 2015",4.59,4.74,4.54,4.59,137438
462,"Jan 2, 2015",4.71,4.77,4.56,4.67,117428
463,"Dec 31, 2014",4.62,4.82,4.54,4.79,249562
464,"Dec 30, 2014",4.64,4.70,4.56,4.65,223455
465,"Dec 29, 2014",4.62,4.82,4.58,4.67,267772
466,"Dec 26, 2014",4.69,4.75,4.57,4.60,48541
467,"Dec 24, 2014",4.65,4.77,4.54,4.68,88496
468,"Dec 23, 2014",4.69,4.79,4.51,4.69,290613
469,"Dec 22, 2014",5.07,5.10,4.63,4.76,609723
470,"Dec 19, 2014",4.98,5.17,4.90,5.13,456068
471,"Dec 18, 2014",5.22,5.36,4.82,4.91,348139
472,"Dec 17, 2014",4.84,5.24,4.78,5.15,497561
473,"Dec 16, 2014",4.58,5.03,4.56,4.81,518609
474,"Dec 15, 2014",4.58,4.84,4.58,4.62,244333
475,"Dec 12, 2014",4.40,4.67,4.36,4.62,248576
476,"Dec 11, 2014",4.43,4.72,4.40,4.46,252226
477,"Dec 10, 2014",4.45,4.54,4.36,4.44,311689
478,"Dec 9, 2014",4.37,4.66,4.35,4.52,234477
479,"Dec 8, 2014",4.47,4.47,4.29,4.41,269397
480,"Dec 5, 2014",4.30,4.62,4.30,4.60,159189
481,"Dec 4, 2014",4.43,4.44,3.95,4.34,341490
482,"Dec 3, 2014",4.44,4.66,4.42,4.55,155491
483,"Dec 2, 2014",4.40,4.61,4.32,4.41,293106
484,"Dec 1, 2014",4.43,4.54,4.26,4.46,323862
485,"Nov 28, 2014",4.41,4.54,4.35,4.48,283787
486,"Nov 26, 2014",4.96,5.04,4.87,4.88,185793
487,"Nov 25, 2014",4.97,5.11,4.90,4.98,275338
488,"Nov 24, 2014",5.13,5.14,4.84,4.91,264637
489,"Nov 21, 2014",5.07,5.21,5.04,5.16,362391
490,"Nov 20, 2014",4.83,5.03,4.81,4.99,232094
491,"Nov 19, 2014",4.87,4.93,4.71,4.84,211035
492,"Nov 18, 2014",5.05,5.06,4.79,4.80,217039
493,"Nov 17, 2014",4.81,5.12,4.80,5.04,388314
494,"Nov 14, 2014",4.61,4.88,4.58,4.81,451059
495,"Nov 13, 2014",4.75,4.75,4.52,4.60,189688
496,"Nov 12, 2014",4.60,4.88,4.57,4.74,158794
497,"Nov 11, 2014",4.61,4.78,4.51,4.67,169887
498,"Nov 10, 2014",4.87,5.01,4.58,4.60,299495
499,"Nov 7, 2014",4.57,4.80,4.57,4.77,244864
500,"Nov 6, 2014",4.22,4.59,4.11,4.56,466805
501,"Nov 5, 2014",4.08,4.28,4.06,4.27,181708
502,"Nov 4, 2014",4.15,4.17,3.97,4.04,481157
503,"Nov 3, 2014",4.32,4.36,4.19,4.21,300674
504,"Oct 31, 2014",4.21,4.28,4.12,4.27,222786
505,"Oct 30, 2014",4.27,4.27,4.12,4.19,545803
506,"Oct 29, 2014",4.28,4.35,4.17,4.30,303710
507,"Oct 28, 2014",4.21,4.27,4.13,4.24,353773
508,"Oct 27, 2014",4.16,4.20,4.04,4.19,169881
509,"Oct 24, 2014",4.34,4.35,4.17,4.21,214330
510,"Oct 23, 2014",4.40,4.47,4.33,4.35,109175
511,"Oct 22, 2014",4.62,4.70,4.27,4.30,200332
512,"Oct 21, 2014",4.56,4.69,4.52,4.61,150745
513,"Oct 20, 2014",4.57,4.60,4.36,4.48,269514
514,"Oct 17, 2014",4.50,4.78,4.49,4.58,308695
515,"Oct 16, 2014",4.19,4.51,4.18,4.42,443832
516,"Oct 15, 2014",4.25,4.38,4.08,4.35,638217
517,"Oct 14, 2014",4.40,4.54,4.28,4.35,677603
518,"Oct 13, 2014",4.36,4.46,4.33,4.38,300415
519,"Oct 10, 2014",4.51,4.56,4.23,4.38,343142
520,"Oct 9, 2014",4.77,4.80,4.51,4.53,313970
521,"Oct 8, 2014",4.78,4.82,4.53,4.78,426791
522,"Oct 7, 2014",4.81,4.91,4.70,4.80,293927
523,"Oct 6, 2014",4.87,4.98,4.77,4.85,182600
524,"Oct 3, 2014",4.97,5.07,4.86,4.87,242353
525,"Oct 2, 2014",4.99,5.00,4.83,4.97,434433
526,"Oct 1, 2014",5.11,5.16,4.99,5.02,318936
527,"Sep 30, 2014",5.24,5.31,5.04,5.09,467829
528,"Sep 29, 2014",5.05,5.26,5.03,5.22,298308
529,"Sep 26, 2014",5.06,5.14,5.01,5.07,196556
530,"Sep 25, 2014",5.22,5.26,4.97,5.09,426791
531,"Sep 24, 2014",4.96,5.33,4.91,5.26,520534
532,"Sep 23, 2014",5.03,5.23,4.95,4.98,680484
533,"Sep 22, 2014",5.30,5.30,5.07,5.13,901313
534,"Sep 19, 2014",5.50,5.51,5.26,5.32,416187
535,"Sep 18, 2014",5.52,5.56,5.34,5.46,687897
536,"Sep 17, 2014",5.62,5.64,5.48,5.53,506942
537,"Sep 16, 2014",5.58,5.70,5.58,5.62,656553
538,"Sep 15, 2014",5.53,5.64,5.44,5.60,307510
539,"Sep 12, 2014",5.66,5.69,5.54,5.55,239414
540,"Sep 11, 2014",5.74,5.74,5.57,5.66,260130
541,"Sep 10, 2014",5.72,5.78,5.61,5.76,249523
542,"Sep 9, 2014",5.61,5.78,5.61,5.73,351715
543,"Sep 8, 2014",5.66,5.73,5.54,5.63,253708
544,"Sep 5, 2014",5.66,5.76,5.59,5.73,385933
545,"Sep 4, 2014",5.94,6.03,5.62,5.69,544951
546,"Sep 3, 2014",6.04,6.06,5.93,5.94,409432
547,"Sep 2, 2014",6.17,6.17,5.90,5.99,215450
548,"Aug 29, 2014",6.14,6.18,6.11,6.17,317404
549,"Aug 28, 2014",6.10,6.19,6.07,6.12,193405
550,"Aug 27, 2014",6.23,6.32,6.11,6.13,447373
551,"Aug 26, 2014",5.98,6.33,5.98,6.23,427257
552,"Aug 25, 2014",5.89,6.00,5.83,5.98,285942
553,"Aug 22, 2014",5.96,6.06,5.87,5.89,308315
554,"Aug 21, 2014",5.77,5.99,5.68,5.99,489103
555,"Aug 20, 2014",5.71,5.76,5.60,5.73,419683
556,"Aug 19, 2014",5.59,5.76,5.58,5.73,504100
557,"Aug 18, 2014",5.72,5.74,5.47,5.62,649269
558,"Aug 15, 2014",5.43,5.74,5.43,5.65,900660
559,"Aug 14, 2014",5.40,5.46,5.30,5.36,154078
560,"Aug 13, 2014",5.33,5.40,5.30,5.38,131709
561,"Aug 12, 2014",5.46,5.55,5.30,5.30,345907
562,"Aug 11, 2014",5.55,5.63,5.43,5.50,458961
563,"Aug 8, 2014",5.35,5.59,5.28,5.52,315147
564,"Aug 7, 2014",5.40,5.41,5.24,5.35,434798
565,"Aug 6, 2014",5.28,5.45,5.26,5.39,286471
566,"Aug 5, 2014",5.32,5.36,5.21,5.29,455832
567,"Aug 4, 2014",5.31,5.38,5.28,5.36,126182
568,"Aug 1, 2014",5.34,5.36,5.23,5.31,550900
569,"Jul 31, 2014",5.38,5.43,5.28,5.34,597036
570,"Jul 30, 2014",5.42,5.43,5.32,5.38,340111
571,"Jul 29, 2014",5.43,5.43,5.31,5.40,283557
572,"Jul 28, 2014",5.39,5.50,5.36,5.40,264710
573,"Jul 25, 2014",5.49,5.52,5.41,5.47,308884
574,"Jul 24, 2014",5.59,5.66,5.49,5.50,268034
575,"Jul 23, 2014",5.42,5.65,5.40,5.56,686693
576,"Jul 22, 2014",5.31,5.50,5.31,5.44,433078
577,"Jul 21, 2014",5.50,5.50,5.27,5.33,243323
578,"Jul 18, 2014",5.44,5.55,5.43,5.51,170151
579,"Jul 17, 2014",5.63,5.72,5.41,5.45,382598
580,"Jul 16, 2014",5.74,5.77,5.57,5.66,372660
581,"Jul 15, 2014",5.90,5.90,5.62,5.71,558226
582,"Jul 14, 2014",5.89,5.99,5.86,5.90,348934
583,"Jul 11, 2014",6.16,6.18,5.92,5.95,678869
584,"Jul 10, 2014",6.16,6.26,6.10,6.19,454947
585,"Jul 9, 2014",6.30,6.35,6.26,6.33,296558
586,"Jul 8, 2014",6.46,6.46,6.15,6.30,706565
587,"Jul 7, 2014",6.60,6.62,6.34,6.47,718233
588,"Jul 3, 2014",6.65,6.71,6.55,6.66,89793
589,"Jul 2, 2014",6.60,6.73,6.60,6.67,290204
590,"Jul 1, 2014",6.70,6.72,6.60,6.62,186260
591,"Jun 30, 2014",6.65,6.74,6.64,6.72,178326
592,"Jun 27, 2014",6.75,6.84,6.65,6.69,189709
593,"Jun 26, 2014",6.75,6.75,6.55,6.75,407805
594,"Jun 25, 2014",6.63,6.79,6.61,6.72,188170
595,"Jun 24, 2014",6.86,6.88,6.58,6.64,371866
596,"Jun 23, 2014",6.92,6.92,6.76,6.86,305711
597,"Jun 20, 2014",7.00,7.01,6.83,6.92,361952
598,"Jun 19, 2014",7.07,7.10,6.92,6.94,437692
599,"Jun 18, 2014",7.11,7.17,6.98,7.05,558384
600,"Jun 17, 2014",6.96,7.14,6.88,7.08,338041
601,"Jun 16, 2014",6.98,7.23,6.95,7.01,717230
602,"Jun 13, 2014",6.79,6.96,6.70,6.96,349804
603,"Jun 12, 2014",6.66,6.82,6.65,6.76,336472
604,"Jun 11, 2014",6.69,6.71,6.50,6.66,523822
605,"Jun 10, 2014",6.79,6.83,6.68,6.76,355858
606,"Jun 9, 2014",6.75,6.98,6.74,6.78,511672
607,"Jun 6, 2014",6.81,6.85,6.66,6.74,457198
608,"Jun 5, 2014",6.45,6.87,6.40,6.78,993725
609,"Jun 4, 2014",6.32,6.44,6.20,6.38,1284724
610,"Jun 3, 2014",6.19,6.32,6.15,6.29,354624
611,"Jun 2, 2014",6.29,6.37,6.11,6.19,780353
612,"May 30, 2014",5.79,6.06,5.79,6.01,513958
613,"May 29, 2014",5.79,5.86,5.71,5.83,202980
614,"May 28, 2014",5.64,5.79,5.56,5.74,205660
615,"May 27, 2014",5.80,5.82,5.63,5.66,209644
616,"May 23, 2014",5.71,5.78,5.66,5.78,184705
617,"May 22, 2014",5.76,5.78,5.60,5.68,271759
618,"May 21, 2014",5.70,5.79,5.68,5.75,351866
619,"May 20, 2014",5.72,5.78,5.64,5.71,222768
620,"May 19, 2014",5.75,5.83,5.69,5.76,247900
621,"May 16, 2014",5.84,5.84,5.67,5.76,171367
622,"May 15, 2014",5.81,5.86,5.58,5.86,789474
623,"May 14, 2014",5.99,6.15,5.82,5.83,656353
624,"May 13, 2014",5.86,5.95,5.80,5.93,289051
625,"May 12, 2014",5.92,6.12,5.79,5.86,702820
626,"May 9, 2014",6.08,6.10,5.72,5.93,810799
627,"May 8, 2014",6.30,6.42,6.04,6.10,694895
628,"May 7, 2014",6.37,6.40,6.26,6.32,316175
629,"May 6, 2014",6.41,6.45,6.31,6.38,329341
630,"May 5, 2014",6.28,6.44,6.18,6.38,511361
631,"May 2, 2014",6.28,6.35,6.24,6.30,269160
632,"May 1, 2014",6.33,6.35,6.18,6.30,482054
633,"Apr 30, 2014",6.31,6.36,6.21,6.33,524366
634,"Apr 29, 2014",6.15,6.37,6.11,6.35,1816464
635,"Apr 28, 2014",5.94,6.23,5.81,6.09,927312
636,"Apr 25, 2014",5.85,5.94,5.73,5.89,417568
637,"Apr 24, 2014",5.95,5.99,5.88,5.90,647322
638,"Apr 23, 2014",5.90,5.96,5.80,5.91,478556
639,"Apr 22, 2014",5.73,5.92,5.70,5.88,1080886
640,"Apr 21, 2014",5.75,5.86,5.67,5.71,394041
641,"Apr 17, 2014",5.65,5.75,5.55,5.73,489208
642,"Apr 16, 2014",5.48,5.67,5.45,5.61,372879
643,"Apr 15, 2014",5.48,5.61,5.40,5.45,436389
644,"Apr 14, 2014",5.40,5.51,5.38,5.46,713465
645,"Apr 11, 2014",5.39,5.46,5.36,5.40,447884
646,"Apr 10, 2014",5.22,5.49,5.21,5.45,447906
647,"Apr 9, 2014",5.14,5.37,5.11,5.21,384446
648,"Apr 8, 2014",5.13,5.19,5.11,5.14,303780
649,"Apr 7, 2014",5.25,5.25,5.03,5.15,307077
650,"Apr 4, 2014",5.21,5.27,5.18,5.24,217120
651,"Apr 3, 2014",5.02,5.23,5.02,5.15,745435
652,"Apr 2, 2014",4.99,5.10,4.97,5.02,578820
653,"Apr 1, 2014",4.96,5.05,4.95,5.03,258408
654,"Mar 31, 2014",4.95,5.10,4.87,4.93,541400
655,"Mar 28, 2014",4.70,4.95,4.66,4.87,523935
656,"Mar 27, 2014",4.52,4.67,4.49,4.67,1109783
657,"Mar 26, 2014",4.44,4.55,4.43,4.50,766082
658,"Mar 25, 2014",4.40,4.45,4.32,4.41,137824
659,"Mar 24, 2014",4.35,4.41,4.30,4.39,150381
660,"Mar 21, 2014",4.30,4.40,4.26,4.37,231134
661,"Mar 20, 2014",4.20,4.27,4.14,4.25,109412
662,"Mar 19, 2014",4.19,4.27,4.19,4.22,143584
663,"Mar 18, 2014",4.20,4.30,4.14,4.23,353963
664,"Mar 17, 2014",4.05,4.20,4.00,4.15,263582
665,"Mar 14, 2014",3.91,4.04,3.87,4.02,126655
666,"Mar 13, 2014",3.92,3.98,3.88,3.93,223796
667,"Mar 12, 2014",3.94,3.96,3.85,3.90,169747
668,"Mar 11, 2014",4.00,4.04,3.95,3.96,155585
669,"Mar 10, 2014",4.10,4.13,4.00,4.01,121353
670,"Mar 7, 2014",4.15,4.19,4.11,4.12,92134
671,"Mar 6, 2014",4.05,4.19,4.05,4.16,254100
672,"Mar 5, 2014",4.04,4.08,4.01,4.05,199714
673,"Mar 4, 2014",4.09,4.09,3.99,4.01,122756
674,"Mar 3, 2014",4.08,4.09,4.05,4.07,137335
675,"Feb 28, 2014",3.97,4.13,3.97,4.09,137312
676,"Feb 27, 2014",4.03,4.08,3.97,3.99,104167
677,"Feb 26, 2014",4.06,4.08,4.00,4.04,207572
678,"Feb 25, 2014",4.10,4.11,4.05,4.08,136421
679,"Feb 24, 2014",4.06,4.18,4.02,4.14,258543
680,"Feb 21, 2014",4.00,4.06,4.00,4.02,98878
681,"Feb 20, 2014",3.98,4.06,3.97,4.01,87573
682,"Feb 19, 2014",3.93,4.02,3.93,3.96,65335
683,"Feb 18, 2014",3.90,3.96,3.85,3.92,105946
684,"Feb 14, 2014",3.92,3.95,3.85,3.88,85623
685,"Feb 13, 2014",3.86,3.97,3.84,3.93,144796
686,"Feb 12, 2014",3.93,4.00,3.85,3.88,128426
687,"Feb 11, 2014",3.89,4.04,3.86,3.93,156393
688,"Feb 10, 2014",3.99,4.06,3.85,3.86,103415
689,"Feb 7, 2014",3.84,3.98,3.84,3.97,222604
690,"Feb 6, 2014",3.71,3.88,3.71,3.85,138505
691,"Feb 5, 2014",3.52,3.82,3.47,3.72,508839
692,"Feb 4, 2014",3.95,4.00,3.95,3.96,82971
693,"Feb 3, 2014",4.06,4.07,3.91,3.95,114638
694,"Jan 31, 2014",4.07,4.09,4.02,4.07,58403
695,"Jan 30, 2014",4.13,4.16,4.07,4.10,137819
696,"Jan 29, 2014",4.18,4.18,4.07,4.11,116547
697,"Jan 28, 2014",4.17,4.20,4.08,4.19,112903
698,"Jan 27, 2014",4.28,4.29,4.06,4.15,129410
699,"Jan 24, 2014",4.25,4.32,4.19,4.31,76259
700,"Jan 23, 2014",4.27,4.30,4.24,4.28,147103
701,"Jan 22, 2014",4.31,4.41,4.27,4.29,110514
702,"Jan 21, 2014",4.29,4.37,4.27,4.31,67071
703,"Jan 17, 2014",4.19,4.35,4.19,4.33,84905
704,"Jan 16, 2014",4.05,4.26,4.05,4.22,85456
705,"Jan 15, 2014",4.09,4.12,4.03,4.07,89154
706,"Jan 14, 2014",4.18,4.22,4.07,4.08,126417
707,"Jan 13, 2014",4.34,4.34,4.18,4.19,85143
708,"Jan 10, 2014",4.24,4.36,4.20,4.36,129611
709,"Jan 9, 2014",4.50,4.50,4.22,4.27,167848
710,"Jan 8, 2014",4.56,4.56,4.40,4.51,176194
711,"Jan 7, 2014",4.35,4.57,4.34,4.55,163955
712,"Jan 6, 2014",4.33,4.39,4.31,4.35,50932
713,"Jan 3, 2014",4.36,4.40,4.33,4.36,96120
714,"Jan 2, 2014",4.35,4.40,4.32,4.32,88567
715,"Dec 31, 2013",4.32,4.42,4.31,4.34,113785
716,"Dec 30, 2013",4.29,4.36,4.27,4.33,124285
717,"Dec 27, 2013",4.36,4.38,4.29,4.34,114795
718,"Dec 26, 2013",4.39,4.43,4.32,4.36,69965
719,"Dec 24, 2013",4.31,4.42,4.31,4.42,76315
720,"Dec 23, 2013",4.42,4.42,4.33,4.35,87443
721,"Dec 20, 2013",4.33,4.47,4.31,4.40,193820
722,"Dec 19, 2013",4.30,4.37,4.27,4.33,106941
723,"Dec 18, 2013",4.25,4.38,4.24,4.34,124752
724,"Dec 17, 2013",4.23,4.25,4.23,4.24,61627
725,"Dec 16, 2013",4.40,4.40,4.24,4.25,144206
726,"Dec 13, 2013",4.21,4.40,4.17,4.38,170939
727,"Dec 12, 2013",4.14,4.25,4.10,4.18,60657
728,"Dec 11, 2013",4.30,4.31,4.14,4.17,171994
729,"Dec 10, 2013",4.30,4.35,4.26,4.32,103572
730,"Dec 9, 2013",4.21,4.30,4.16,4.23,86192
731,"Dec 6, 2013",4.28,4.33,4.14,4.21,176628
732,"Dec 5, 2013",4.00,4.28,4.00,4.27,375618
733,"Dec 4, 2013",4.02,4.07,3.99,4.06,163624
734,"Dec 3, 2013",4.00,4.09,3.99,4.03,99497
735,"Dec 2, 2013",4.03,4.07,3.99,4.02,103597
736,"Nov 29, 2013",4.00,4.08,3.99,4.06,86286
737,"Nov 27, 2013",4.02,4.03,3.97,4.00,103558
738,"Nov 26, 2013",3.94,4.04,3.94,4.04,150487
739,"Nov 25, 2013",3.97,4.03,3.94,3.98,186656
740,"Nov 22, 2013",4.00,4.00,3.96,3.97,61888
741,"Nov 21, 2013",3.89,4.01,3.89,3.99,137477
742,"Nov 20, 2013",3.92,3.94,3.88,3.90,82195
743,"Nov 19, 2013",3.90,3.93,3.87,3.91,133027
744,"Nov 18, 2013",4.05,4.11,3.92,3.93,148929
745,"Nov 15, 2013",3.95,4.11,3.95,4.11,378982
746,"Nov 14, 2013",3.84,4.00,3.82,3.98,135593
747,"Nov 13, 2013",3.81,3.89,3.81,3.86,148461
748,"Nov 12, 2013",3.92,3.95,3.85,3.85,117016
749,"Nov 11, 2013",3.97,3.98,3.86,3.91,100825
750,"Nov 8, 2013",3.74,3.99,3.74,3.95,373430
751,"Nov 7, 2013",3.81,3.89,3.72,3.77,159399
752,"Nov 6, 2013",3.91,3.92,3.79,3.80,251748
753,"Nov 5, 2013",3.86,3.92,3.86,3.91,177378
754,"Nov 4, 2013",4.01,4.04,3.88,3.90,410809
755,"Nov 1, 2013",4.06,4.08,4.00,4.03,394349
756,"Oct 31, 2013",3.95,4.10,3.95,4.09,278257
757,"Oct 30, 2013",3.96,4.00,3.94,3.97,185097
758,"Oct 29, 2013",3.97,4.02,3.96,3.96,84368
759,"Oct 28, 2013",4.05,4.05,3.97,3.98,106633
760,"Oct 25, 2013",4.02,4.06,3.98,4.06,182918
761,"Oct 24, 2013",3.94,4.02,3.91,4.00,79416
762,"Oct 23, 2013",4.00,4.00,3.86,3.92,148193
763,"Oct 22, 2013",4.01,4.07,3.97,4.00,116537
764,"Oct 21, 2013",4.09,4.11,3.98,4.00,80392
765,"Oct 18, 2013",3.98,4.13,3.97,4.09,349228
766,"Oct 17, 2013",3.80,3.97,3.80,3.96,201698
767,"Oct 16, 2013",3.80,3.87,3.80,3.81,73217
768,"Oct 15, 2013",3.83,3.87,3.78,3.80,97501
769,"Oct 14, 2013",3.84,3.90,3.83,3.87,55274
770,"Oct 11, 2013",3.71,3.90,3.71,3.86,135731
771,"Oct 10, 2013",3.75,3.78,3.74,3.76,93623
772,"Oct 9, 2013",3.77,3.79,3.71,3.73,121279
773,"Oct 8, 2013",3.86,3.88,3.77,3.77,79698
774,"Oct 7, 2013",3.90,3.93,3.86,3.86,76960
775,"Oct 4, 2013",3.90,4.00,3.88,3.93,148118
776,"Oct 3, 2013",3.87,3.92,3.85,3.90,151981
777,"Oct 2, 2013",3.87,3.94,3.86,3.87,90519
778,"Oct 1, 2013",3.84,3.92,3.84,3.89,193207
779,"Sep 30, 2013",3.77,3.88,3.77,3.83,119301
780,"Sep 27, 2013",3.64,3.84,3.62,3.81,211438
781,"Sep 26, 2013",3.66,3.71,3.64,3.65,71935
782,"Sep 25, 2013",3.67,3.77,3.67,3.67,123169
783,"Sep 24, 2013",3.61,3.70,3.58,3.68,261151
784,"Sep 23, 2013",3.62,3.62,3.55,3.60,91858
785,"Sep 20, 2013",3.77,3.79,3.60,3.63,135158
786,"Sep 19, 2013",3.81,3.89,3.73,3.78,92453
787,"Sep 18, 2013",3.79,3.88,3.69,3.82,94570
788,"Sep 17, 2013",3.75,3.82,3.73,3.78,90778
789,"Sep 16, 2013",3.91,3.91,3.73,3.77,133841
790,"Sep 13, 2013",3.83,3.89,3.80,3.86,54397
791,"Sep 12, 2013",3.91,3.94,3.82,3.85,89324
792,"Sep 11, 2013",3.93,3.99,3.93,3.96,160240
793,"Sep 10, 2013",3.89,3.99,3.86,3.94,177555
794,"Sep 9, 2013",3.84,3.94,3.81,3.88,122161
795,"Sep 6, 2013",3.71,3.82,3.66,3.81,142014
796,"Sep 5, 2013",3.68,3.74,3.68,3.68,51980
797,"Sep 4, 2013",3.56,3.72,3.56,3.69,67318
798,"Sep 3, 2013",3.64,3.69,3.55,3.55,105756
799,"Aug 30, 2013",3.75,3.77,3.61,3.63,133304
800,"Aug 29, 2013",3.74,3.78,3.72,3.72,109013
801,"Aug 28, 2013",3.67,3.78,3.60,3.75,160309
802,"Aug 27, 2013",3.74,3.74,3.64,3.64,121261
803,"Aug 26, 2013",3.71,3.76,3.67,3.72,168254
804,"Aug 23, 2013",3.62,3.74,3.56,3.72,134996
805,"Aug 22, 2013",3.63,3.68,3.57,3.61,168220
806,"Aug 21, 2013",3.69,3.72,3.63,3.63,270522
807,"Aug 20, 2013",3.68,3.75,3.64,3.71,151090
808,"Aug 19, 2013",3.75,3.79,3.69,3.69,194681
809,"Aug 16, 2013",3.72,3.86,3.71,3.75,149360
810,"Aug 15, 2013",3.66,3.76,3.66,3.73,148833
811,"Aug 14, 2013",3.64,3.72,3.63,3.70,174646
812,"Aug 13, 2013",3.64,3.67,3.63,3.66,284330
813,"Aug 12, 2013",3.58,3.70,3.58,3.64,380849
814,"Aug 9, 2013",3.53,3.68,3.53,3.63,195388
815,"Aug 8, 2013",3.50,3.64,3.39,3.58,239677
816,"Aug 7, 2013",3.57,3.57,3.45,3.50,383360
817,"Aug 6, 2013",3.61,3.67,3.55,3.57,182907
818,"Aug 5, 2013",3.63,3.67,3.56,3.59,146464
819,"Aug 2, 2013",3.69,3.73,3.65,3.67,108019
820,"Aug 1, 2013",3.65,3.76,3.65,3.71,312427
821,"Jul 31, 2013",3.52,3.68,3.52,3.62,233216
822,"Jul 30, 2013",3.50,3.57,3.45,3.54,524632
823,"Jul 29, 2013",3.60,3.63,3.46,3.52,240096
824,"Jul 26, 2013",3.76,3.78,3.60,3.62,360218
825,"Jul 25, 2013",3.90,3.98,3.78,3.81,222706
826,"Jul 24, 2013",4.05,4.06,3.91,3.92,376261
827,"Jul 23, 2013",4.19,4.19,4.01,4.05,617398
828,"Jul 22, 2013",4.30,4.31,4.12,4.18,314574
829,"Jul 19, 2013",4.21,4.33,4.21,4.30,119469
830,"Jul 18, 2013",4.12,4.28,4.12,4.24,206346
831,"Jul 17, 2013",4.17,4.27,4.15,4.15,198113
832,"Jul 16, 2013",4.16,4.18,3.96,4.18,448282
833,"Jul 15, 2013",4.12,4.22,4.12,4.14,112362
834,"Jul 12, 2013",4.19,4.21,4.14,4.16,69543
835,"Jul 11, 2013",4.12,4.24,4.12,4.20,166694
836,"Jul 10, 2013",4.04,4.13,4.02,4.10,122130
837,"Jul 9, 2013",4.06,4.07,4.00,4.02,136595
838,"Jul 8, 2013",3.95,4.06,3.93,4.06,279376
839,"Jul 5, 2013",3.96,3.96,3.85,3.96,116598
840,"Jul 3, 2013",3.86,3.92,3.83,3.90,225558
841,"Jul 2, 2013",3.92,3.92,3.82,3.90,531900
842,"Jul 1, 2013",3.93,4.03,3.91,3.93,107660
843,"Jun 28, 2013",3.86,3.95,3.83,3.94,115113
844,"Jun 27, 2013",3.97,4.00,3.87,3.88,108955
845,"Jun 26, 2013",3.94,3.97,3.86,3.95,142101
846,"Jun 25, 2013",3.99,4.04,3.88,3.94,171441
847,"Jun 24, 2013",3.97,4.01,3.91,3.96,240139
848,"Jun 21, 2013",4.04,4.09,4.01,4.04,230361
849,"Jun 20, 2013",4.20,4.20,3.99,4.05,434542
850,"Jun 19, 2013",4.26,4.35,4.26,4.26,98729
851,"Jun 18, 2013",4.30,4.32,4.27,4.29,122836
852,"Jun 17, 2013",4.33,4.34,4.26,4.29,164346
853,"Jun 14, 2013",4.39,4.40,4.22,4.33,433025
854,"Jun 13, 2013",4.28,4.48,4.28,4.38,254871
855,"Jun 12, 2013",4.32,4.36,4.27,4.30,511435
856,"Jun 11, 2013",4.31,4.36,4.29,4.30,308504
857,"Jun 10, 2013",4.33,4.39,4.26,4.37,773845
858,"Jun 7, 2013",4.26,4.31,4.21,4.31,463564
859,"Jun 6, 2013",4.24,4.30,4.15,4.28,646672
860,"Jun 5, 2013",4.17,4.27,4.15,4.25,172594
861,"Jun 4, 2013",4.18,4.25,4.16,4.19,153541
862,"Jun 3, 2013",4.22,4.36,4.21,4.23,237772
863,"May 31, 2013",4.41,4.43,4.32,4.32,127199
864,"May 30, 2013",4.40,4.49,4.35,4.44,198005
865,"May 29, 2013",4.49,4.49,4.26,4.39,354661
866,"May 28, 2013",4.45,4.51,4.44,4.47,490187
867,"May 24, 2013",4.36,4.41,4.31,4.41,622937
868,"May 23, 2013",4.24,4.37,4.19,4.36,943731
869,"May 22, 2013",4.26,4.38,4.19,4.26,1016098
870,"May 21, 2013",4.07,4.17,3.97,4.15,1485899
871,"May 20, 2013",3.84,3.89,3.82,3.85,99452
872,"May 17, 2013",3.84,3.88,3.80,3.88,415140
873,"May 16, 2013",3.74,3.86,3.73,3.83,381194
874,"May 15, 2013",3.71,3.81,3.70,3.80,386098
875,"May 14, 2013",3.72,3.85,3.72,3.76,335335
876,"May 13, 2013",3.81,3.81,3.73,3.74,216828
877,"May 10, 2013",3.75,3.84,3.72,3.81,164691
878,"May 9, 2013",3.80,3.86,3.74,3.77,275900
879,"May 8, 2013",3.82,3.82,3.78,3.80,126678
880,"May 7, 2013",3.78,3.88,3.76,3.82,312073
881,"May 6, 2013",3.85,3.89,3.76,3.79,131531
882,"May 3, 2013",3.75,3.87,3.72,3.83,355075
883,"May 2, 2013",3.80,3.85,3.69,3.70,272243
884,"May 1, 2013",3.94,3.94,3.79,3.79,338012
885,"Apr 30, 2013",3.96,3.97,3.91,3.97,137567
886,"Apr 29, 2013",3.86,4.02,3.85,3.95,755759
887,"Apr 26, 2013",3.88,3.90,3.82,3.86,186036
888,"Apr 25, 2013",3.93,3.95,3.88,3.89,310853
889,"Apr 24, 2013",3.69,3.91,3.68,3.87,551356
890,"Apr 23, 2013",3.64,3.73,3.64,3.69,157886
891,"Apr 22, 2013",3.71,3.74,3.63,3.65,110525
892,"Apr 19, 2013",3.77,3.77,3.68,3.71,316163
893,"Apr 18, 2013",3.52,3.73,3.46,3.73,723166
894,"Apr 17, 2013",3.61,3.62,3.47,3.49,553781
895,"Apr 16, 2013",3.66,3.70,3.62,3.63,160213
896,"Apr 15, 2013",3.76,3.77,3.61,3.63,439856
897,"Apr 12, 2013",3.86,3.87,3.80,3.84,244105
898,"Apr 11, 2013",3.89,3.98,3.86,3.89,581707
899,"Apr 10, 2013",3.78,3.92,3.77,3.85,557571
900,"Apr 9, 2013",3.72,3.80,3.67,3.80,524430
901,"Apr 8, 2013",3.65,3.78,3.65,3.72,372055
902,"Apr 5, 2013",3.46,3.67,3.46,3.65,292319
903,"Apr 4, 2013",3.56,3.58,3.52,3.52,239503
904,"Apr 3, 2013",3.68,3.68,3.53,3.56,892784
905,"Apr 2, 2013",3.66,3.71,3.64,3.66,705307
906,"Apr 1, 2013",3.65,3.70,3.59,3.65,202664
907,"Mar 28, 2013",3.68,3.72,3.54,3.67,1524613
908,"Mar 27, 2013",3.49,3.57,3.48,3.56,383851
909,"Mar 26, 2013",3.47,3.56,3.46,3.50,655751
910,"Mar 25, 2013",3.46,3.52,3.35,3.46,508742
911,"Mar 22, 2013",3.30,3.48,3.27,3.46,428918
912,"Mar 21, 2013",3.30,3.36,3.29,3.30,107900
913,"Mar 20, 2013",3.34,3.37,3.30,3.32,172846
914,"Mar 19, 2013",3.43,3.44,3.31,3.33,241656
915,"Mar 18, 2013",3.48,3.48,3.40,3.43,268650
916,"Mar 15, 2013",3.40,3.49,3.37,3.46,547648
917,"Mar 14, 2013",3.33,3.42,3.27,3.38,866323
918,"Mar 13, 2013",3.05,3.18,3.05,3.18,248187
919,"Mar 12, 2013",3.04,3.09,3.04,3.08,170642
920,"Mar 11, 2013",3.08,3.11,3.03,3.06,1407877
921,"Mar 8, 2013",3.15,3.19,3.09,3.11,338958
922,"Mar 7, 2013",3.04,3.17,3.04,3.17,234829
923,"Mar 6, 2013",3.00,3.05,2.99,3.04,92905
924,"Mar 5, 2013",3.01,3.03,2.97,3.00,309566
925,"Mar 4, 2013",3.01,3.05,2.97,2.97,236006
926,"Mar 1, 2013",3.05,3.08,3.00,3.03,356415
927,"Feb 28, 2013",2.95,3.10,2.95,3.08,292134
928,"Feb 27, 2013",2.86,3.02,2.86,3.00,631338
929,"Feb 26, 2013",2.88,2.90,2.84,2.84,155881
930,"Feb 25, 2013",2.91,2.96,2.86,2.86,121327
931,"Feb 22, 2013",2.87,2.93,2.86,2.91,212072
932,"Feb 21, 2013",2.88,2.91,2.79,2.85,741644
933,"Feb 20, 2013",3.00,3.02,2.87,2.90,426745
934,"Feb 19, 2013",3.07,3.07,3.00,3.01,303808
935,"Feb 15, 2013",3.12,3.13,3.05,3.09,290305
936,"Feb 14, 2013",3.12,3.16,3.10,3.16,932051
937,"Feb 13, 2013",3.09,3.13,3.05,3.13,449171
938,"Feb 12, 2013",3.11,3.15,3.09,3.10,414224
939,"Feb 11, 2013",3.07,3.14,3.03,3.10,764746
940,"Feb 8, 2013",3.09,3.13,3.05,3.08,1627989
941,"Feb 7, 2013",3.05,3.10,3.02,3.10,357881
942,"Feb 6, 2013",3.07,3.13,2.99,3.05,2674691
943,"Feb 5, 2013",2.87,2.97,2.87,2.95,143284
944,"Feb 4, 2013",2.90,2.91,2.84,2.88,165793
945,"Feb 1, 2013",2.89,2.97,2.89,2.93,103029
946,"Jan 31, 2013",2.96,3.00,2.89,2.90,231049
947,"Jan 30, 2013",2.95,3.00,2.94,2.96,208593
948,"Jan 29, 2013",2.95,2.98,2.93,2.96,201818
949,"Jan 28, 2013",2.99,2.99,2.92,2.96,224828
950,"Jan 25, 2013",3.11,3.12,2.98,3.00,485607
951,"Jan 24, 2013",3.20,3.20,3.11,3.12,492313
952,"Jan 23, 2013",3.18,3.23,3.16,3.21,287694
953,"Jan 22, 2013",3.20,3.21,3.16,3.19,350770
954,"Jan 18, 2013",3.25,3.28,3.21,3.21,81661
955,"Jan 17, 2013",3.28,3.34,3.25,3.27,203212
956,"Jan 16, 2013",3.13,3.26,3.13,3.25,157132
957,"Jan 15, 2013",3.11,3.13,3.08,3.13,98906
958,"Jan 14, 2013",3.07,3.11,3.07,3.11,278484
959,"Jan 11, 2013",3.11,3.14,3.08,3.11,220575
960,"Jan 10, 2013",3.16,3.20,3.09,3.13,223578
961,"Jan 9, 2013",3.18,3.23,3.18,3.21,112536
962,"Jan 8, 2013",3.27,3.28,3.18,3.20,130288
963,"Jan 7, 2013",3.23,3.37,3.20,3.30,257260
964,"Jan 4, 2013",3.23,3.27,3.21,3.24,194324
965,"Jan 3, 2013",3.18,3.25,3.18,3.25,153812
966,"Jan 2, 2013",3.28,3.30,3.18,3.20,185524
967,"Dec 31, 2012",3.15,3.24,3.14,3.24,290111
968,"Dec 28, 2012",3.17,3.23,3.17,3.21,218566
969,"Dec 27, 2012",3.20,3.24,3.18,3.22,366629
970,"Dec 26, 2012",3.25,3.29,3.21,3.23,106012
971,"Dec 24, 2012",3.27,3.31,3.26,3.31,94720
972,"Dec 21, 2012",3.33,3.33,3.25,3.31,303226
973,"Dec 20, 2012",3.33,3.35,3.31,3.35,180056
974,"Dec 19, 2012",3.34,3.37,3.32,3.35,270211
975,"Dec 18, 2012",3.34,3.41,3.32,3.37,806207
976,"Dec 17, 2012",3.31,3.38,3.27,3.38,221173
977,"Dec 14, 2012",3.35,3.37,3.32,3.35,165980
978,"Dec 13, 2012",3.37,3.39,3.34,3.35,491296
979,"Dec 12, 2012",3.31,3.38,3.31,3.36,363108
980,"Dec 11, 2012",3.27,3.39,3.27,3.34,178603
981,"Dec 10, 2012",3.25,3.36,3.21,3.32,225856
982,"Dec 7, 2012",3.26,3.29,3.16,3.16,194457
983,"Dec 6, 2012",3.32,3.36,3.27,3.29,85888
984,"Dec 5, 2012",3.34,3.38,3.27,3.31,229429
985,"Dec 4, 2012",3.34,3.35,3.30,3.30,109392
986,"Dec 3, 2012",3.38,3.38,3.33,3.34,294112
987,"Nov 30, 2012",3.34,3.39,3.32,3.34,241443
988,"Nov 29, 2012",3.28,3.40,3.27,3.32,220843
989,"Nov 28, 2012",3.33,3.37,3.32,3.33,204648
990,"Nov 27, 2012",3.35,3.37,3.33,3.34,660942
991,"Nov 26, 2012",3.41,3.44,3.34,3.36,619978
992,"Nov 23, 2012",3.40,3.51,3.37,3.41,342854
993,"Nov 21, 2012",3.35,3.36,3.33,3.35,157050
994,"Nov 20, 2012",3.35,3.39,3.33,3.37,421420
995,"Nov 19, 2012",3.40,3.41,3.35,3.35,341782
996,"Nov 16, 2012",3.31,3.38,3.28,3.36,118283
997,"Nov 15, 2012",3.33,3.37,3.25,3.32,199363
998,"Nov 14, 2012",3.40,3.41,3.35,3.36,71414
999,"Nov 13, 2012",3.37,3.44,3.32,3.39,176405
1000,"Nov 12, 2012",3.42,3.45,3.38,3.40,79644
1001,"Nov 9, 2012",3.38,3.44,3.35,3.41,150497
1002,"Nov 8, 2012",3.46,3.46,3.30,3.38,147262
1003,"Nov 7, 2012",3.55,3.55,3.42,3.45,217031
1004,"Nov 6, 2012",3.60,3.61,3.53,3.61,97644
1005,"Nov 5, 2012",3.58,3.58,3.51,3.57,84945
1006,"Nov 2, 2012",3.60,3.62,3.53,3.57,119831
1007,"Nov 1, 2012",3.61,3.61,3.56,3.59,75362
1008,"Oct 31, 2012",3.49,3.65,3.47,3.60,258845
1009,"Oct 26, 2012",3.47,3.57,3.47,3.51,224309
1010,"Oct 25, 2012",3.52,3.57,3.46,3.49,92718
1011,"Oct 24, 2012",3.60,3.68,3.49,3.49,258932
1012,"Oct 23, 2012",3.63,3.63,3.54,3.59,351195
1013,"Oct 22, 2012",3.90,3.90,3.63,3.67,931038
1014,"Oct 19, 2012",3.95,3.95,3.89,3.95,408599
1015,"Oct 18, 2012",3.93,4.07,3.90,3.95,603499
1016,"Oct 17, 2012",4.09,4.20,3.94,3.96,305121
1017,"Oct 16, 2012",3.85,3.88,3.82,3.86,68206
1018,"Oct 15, 2012",3.80,3.85,3.74,3.83,88238
1019,"Oct 12, 2012",3.88,3.91,3.80,3.80,132645
1020,"Oct 11, 2012",3.90,3.98,3.87,3.89,104814
1021,"Oct 10, 2012",4.04,4.08,3.85,3.88,160352
1022,"Oct 9, 2012",3.92,4.05,3.88,4.03,214033
1023,"Oct 8, 2012",3.92,3.92,3.84,3.84,119970
1024,"Oct 5, 2012",4.09,4.12,3.95,3.96,144691
1025,"Oct 4, 2012",4.07,4.07,3.98,4.04,155404
1026,"Oct 3, 2012",4.09,4.09,3.94,4.02,299925
1027,"Oct 2, 2012",3.94,4.07,3.89,4.05,521357
1028,"Oct 1, 2012",3.76,3.96,3.76,3.93,261988
1029,"Sep 28, 2012",3.71,3.75,3.69,3.75,67062
1030,"Sep 27, 2012",3.71,3.74,3.64,3.72,116728
1031,"Sep 26, 2012",3.72,3.73,3.65,3.66,116208
1032,"Sep 25, 2012",3.79,3.84,3.73,3.74,142028
1033,"Sep 24, 2012",3.84,3.86,3.76,3.79,98737
1034,"Sep 21, 2012",3.81,3.95,3.78,3.92,213578
1035,"Sep 20, 2012",3.75,3.85,3.67,3.81,142154
1036,"Sep 19, 2012",3.74,3.77,3.73,3.74,109064
1037,"Sep 18, 2012",3.74,3.83,3.66,3.76,154859
1038,"Sep 17, 2012",3.80,3.82,3.72,3.74,112969
1039,"Sep 14, 2012",3.70,3.90,3.70,3.80,418897
1040,"Sep 13, 2012",3.70,3.74,3.66,3.68,529381
1041,"Sep 12, 2012",3.71,3.71,3.61,3.67,260217
1042,"Sep 11, 2012",3.63,3.71,3.62,3.71,212782
1043,"Sep 10, 2012",3.55,3.63,3.55,3.59,58035
1044,"Sep 7, 2012",3.53,3.58,3.50,3.57,68316
1045,"Sep 6, 2012",3.46,3.55,3.46,3.52,117644
1046,"Sep 5, 2012",3.50,3.50,3.44,3.45,110580
1047,"Sep 4, 2012",3.49,3.51,3.46,3.49,116384
1048,"Aug 31, 2012",3.48,3.52,3.43,3.48,95648
1049,"Aug 30, 2012",3.48,3.51,3.44,3.46,103891
1050,"Aug 29, 2012",3.55,3.55,3.46,3.53,335444
1051,"Aug 28, 2012",3.55,3.59,3.53,3.55,96023
1052,"Aug 27, 2012",3.67,3.69,3.54,3.55,156987
1053,"Aug 24, 2012",3.73,3.73,3.61,3.68,139235
1054,"Aug 23, 2012",3.62,3.79,3.50,3.71,701423
1055,"Aug 22, 2012",3.27,3.30,3.23,3.28,95972
1056,"Aug 21, 2012",3.29,3.35,3.28,3.28,144893
1057,"Aug 20, 2012",3.33,3.35,3.28,3.29,136823
1058,"Aug 17, 2012",3.27,3.36,3.25,3.33,95266
1059,"Aug 16, 2012",3.29,3.29,3.24,3.27,64619
1060,"Aug 15, 2012",3.25,3.30,3.20,3.29,89959
1061,"Aug 14, 2012",3.23,3.35,3.23,3.26,165104
1062,"Aug 13, 2012",3.22,3.27,3.16,3.25,130831
1063,"Aug 10, 2012",3.32,3.35,3.18,3.24,245146
1064,"Aug 9, 2012",3.65,3.65,3.34,3.37,531365
1065,"Aug 8, 2012",3.80,3.84,3.60,3.67,182807
1066,"Aug 7, 2012",3.86,3.88,3.82,3.84,161248
1067,"Aug 6, 2012",3.87,3.90,3.75,3.79,152138
1068,"Aug 3, 2012",3.87,3.90,3.80,3.87,118290
1069,"Aug 2, 2012",3.80,3.85,3.75,3.80,216574
1070,"Aug 1, 2012",3.92,3.92,3.83,3.86,197200
1071,"Jul 31, 2012",3.93,3.94,3.84,3.88,206552
1072,"Jul 30, 2012",3.72,3.95,3.67,3.94,359417
1073,"Jul 27, 2012",3.59,3.79,3.57,3.70,382461
1074,"Jul 26, 2012",3.50,3.58,3.48,3.55,280999
1075,"Jul 25, 2012",3.48,3.50,3.42,3.46,162264
1076,"Jul 24, 2012",3.52,3.59,3.41,3.46,202561
1077,"Jul 23, 2012",3.34,3.54,3.27,3.53,263292
1078,"Jul 20, 2012",3.31,3.54,3.30,3.47,281482
1079,"Jul 19, 2012",3.22,3.36,3.22,3.32,189384
1080,"Jul 18, 2012",3.13,3.24,3.13,3.24,101513
1081,"Jul 17, 2012",3.21,3.24,3.15,3.16,93306
1082,"Jul 16, 2012",3.15,3.24,3.15,3.21,92479
1083,"Jul 13, 2012",3.21,3.26,3.17,3.19,135499
1084,"Jul 12, 2012",3.19,3.24,3.18,3.20,257578
1085,"Jul 11, 2012",3.25,3.30,3.22,3.25,178120
1086,"Jul 10, 2012",3.32,3.38,3.19,3.20,215802
1087,"Jul 9, 2012",3.24,3.39,3.24,3.33,264636
1088,"Jul 6, 2012",3.30,3.40,3.27,3.31,638716
1089,"Jul 5, 2012",3.16,3.34,3.09,3.32,545162
1090,"Jul 3, 2012",2.98,3.18,2.98,3.16,204990
1091,"Jul 2, 2012",2.96,2.97,2.84,2.96,363162
1092,"Jun 29, 2012",3.00,3.07,2.91,2.97,410271
1093,"Jun 28, 2012",2.89,3.19,2.82,2.84,804441
1094,"Jun 27, 2012",2.56,2.80,2.55,2.73,182651
1095,"Jun 26, 2012",2.55,2.60,2.52,2.58,221604
1096,"Jun 25, 2012",2.57,2.63,2.47,2.54,251039
1097,"Jun 22, 2012",2.66,2.68,2.59,2.62,150355
1098,"Jun 21, 2012",2.80,2.80,2.62,2.62,504244
1099,"Jun 20, 2012",2.85,2.90,2.79,2.85,195517
1100,"Jun 19, 2012",2.86,2.95,2.86,2.89,140982
1101,"Jun 18, 2012",2.81,2.91,2.78,2.86,239256
1102,"Jun 15, 2012",2.74,2.86,2.74,2.84,178173
1103,"Jun 14, 2012",2.64,2.84,2.63,2.76,335906
1104,"Jun 13, 2012",2.66,2.76,2.59,2.64,190339
1105,"Jun 12, 2012",2.75,2.77,2.70,2.70,139804
1106,"Jun 11, 2012",2.90,2.93,2.68,2.70,523909
1107,"Jun 8, 2012",2.82,2.86,2.73,2.79,253099
1108,"Jun 7, 2012",3.06,3.11,2.84,2.86,283772
1109,"Jun 6, 2012",2.79,2.97,2.79,2.95,432448
1110,"Jun 5, 2012",2.57,2.78,2.57,2.76,399044
1111,"Jun 4, 2012",2.61,2.63,2.51,2.60,337277
1112,"Jun 1, 2012",2.73,2.73,2.57,2.63,282488
1113,"May 31, 2012",2.86,2.86,2.76,2.77,176868
1114,"May 30, 2012",2.86,2.88,2.82,2.88,297112
1115,"May 29, 2012",2.87,2.96,2.87,2.92,194729
1116,"May 25, 2012",2.84,2.86,2.78,2.83,123720
1117,"May 24, 2012",2.88,2.92,2.78,2.84,163699
1118,"May 23, 2012",2.87,2.88,2.75,2.86,233732
1119,"May 22, 2012",2.97,3.00,2.88,2.89,214133
1120,"May 21, 2012",2.86,2.99,2.86,2.95,116439
1121,"May 18, 2012",2.83,2.97,2.82,2.86,178808
1122,"May 17, 2012",2.93,2.96,2.82,2.82,307830
1123,"May 16, 2012",2.91,3.05,2.89,2.92,301641
1124,"May 15, 2012",3.01,3.01,2.88,2.90,584970
1125,"May 14, 2012",3.09,3.09,2.95,2.98,445905
1126,"May 11, 2012",3.17,3.22,3.10,3.11,130062
1127,"May 10, 2012",3.29,3.34,3.19,3.21,225225
1128,"May 9, 2012",3.11,3.28,3.06,3.24,260459
1129,"May 8, 2012",3.20,3.20,3.05,3.17,213437
1130,"May 7, 2012",3.19,3.24,3.16,3.22,117088
1131,"May 4, 2012",3.24,3.24,3.14,3.20,119848
1132,"May 3, 2012",3.41,3.41,3.24,3.26,305605
1133,"May 2, 2012",3.43,3.43,3.34,3.38,551699
1134,"May 1, 2012",3.17,3.49,3.17,3.48,588088
1135,"Apr 30, 2012",3.13,3.16,3.07,3.15,167143
1136,"Apr 27, 2012",3.18,3.21,3.05,3.15,281472
1137,"Apr 26, 2012",3.14,3.22,3.10,3.17,198579
1138,"Apr 25, 2012",2.96,3.13,2.90,3.13,351792
1139,"Apr 24, 2012",2.83,2.90,2.83,2.90,100652
1140,"Apr 23, 2012",2.82,2.89,2.80,2.83,186452
1141,"Apr 20, 2012",2.93,2.96,2.84,2.86,321552
1142,"Apr 19, 2012",2.97,3.05,2.92,2.93,150012
1143,"Apr 18, 2012",3.09,3.09,2.95,2.98,245543
1144,"Apr 17, 2012",3.02,3.10,3.02,3.08,181259
1145,"Apr 16, 2012",2.92,3.02,2.92,3.00,235491
1146,"Apr 13, 2012",3.00,3.02,2.93,2.93,177270
1147,"Apr 12, 2012",2.85,3.05,2.82,3.04,280457
1148,"Apr 11, 2012",2.94,2.95,2.77,2.83,690237
1149,"Apr 10, 2012",3.00,3.02,2.89,2.92,626062
1150,"Apr 9, 2012",3.00,3.03,2.94,3.00,713909
1151,"Apr 5, 2012",3.20,3.20,3.05,3.06,276241
1152,"Apr 4, 2012",3.24,3.26,3.16,3.19,293840
1153,"Apr 3, 2012",3.40,3.40,3.28,3.31,249201
1154,"Apr 2, 2012",3.33,3.41,3.33,3.40,228739
1155,"Mar 30, 2012",3.44,3.47,3.34,3.35,288892
1156,"Mar 29, 2012",3.31,3.41,3.24,3.40,348264
1157,"Mar 28, 2012",3.33,3.36,3.28,3.36,640700
1158,"Mar 27, 2012",3.38,3.40,3.32,3.33,462511
1159,"Mar 26, 2012",3.52,3.54,3.35,3.38,633795
1160,"Mar 23, 2012",3.61,3.61,3.48,3.51,390326
1161,"Mar 22, 2012",3.72,3.73,3.55,3.61,343979
1162,"Mar 21, 2012",3.72,3.76,3.71,3.76,182204
1163,"Mar 20, 2012",3.77,3.77,3.71,3.72,192951
1164,"Mar 19, 2012",3.81,3.83,3.73,3.78,856529
1165,"Mar 16, 2012",3.60,3.86,3.60,3.81,690228
1166,"Mar 15, 2012",3.66,3.69,3.57,3.61,436440
1167,"Mar 14, 2012",3.73,3.76,3.64,3.67,407394
1168,"Mar 13, 2012",3.61,3.73,3.60,3.73,1015043
1169,"Mar 12, 2012",3.67,3.67,3.59,3.62,507067
1170,"Mar 9, 2012",3.69,3.73,3.61,3.69,975271
1171,"Mar 8, 2012",3.78,3.80,3.62,3.68,568070
1172,"Mar 7, 2012",3.60,3.77,3.55,3.72,291566
1173,"Mar 6, 2012",3.74,3.75,3.59,3.59,448479
1174,"Mar 5, 2012",3.88,3.91,3.75,3.77,286694
1175,"Mar 2, 2012",3.91,3.97,3.86,3.94,424967
1176,"Mar 1, 2012",3.86,3.98,3.83,3.93,555972
1177,"Feb 29, 2012",3.90,3.95,3.85,3.85,500758
1178,"Feb 28, 2012",3.97,4.00,3.88,3.90,341081
1179,"Feb 27, 2012",3.96,4.01,3.88,3.98,267009
1180,"Feb 24, 2012",4.02,4.05,3.97,3.98,180032
1181,"Feb 23, 2012",4.04,4.08,3.97,4.03,380261
1182,"Feb 22, 2012",4.05,4.09,4.00,4.04,395693
1183,"Feb 21, 2012",4.09,4.17,4.00,4.05,646579
1184,"Feb 17, 2012",3.78,4.09,3.77,4.05,991054
1185,"Feb 16, 2012",3.68,3.77,3.64,3.76,338344
1186,"Feb 15, 2012",3.79,3.82,3.68,3.71,230601
1187,"Feb 14, 2012",3.78,3.83,3.73,3.76,196418
1188,"Feb 13, 2012",3.71,3.78,3.69,3.78,179095
1189,"Feb 10, 2012",3.70,3.75,3.66,3.68,204321
1190,"Feb 9, 2012",3.78,3.80,3.68,3.77,353531
1191,"Feb 8, 2012",3.76,3.80,3.70,3.75,256421
1192,"Feb 7, 2012",3.94,3.94,3.75,3.78,319383
1193,"Feb 6, 2012",3.76,3.93,3.75,3.92,254220
1194,"Feb 3, 2012",3.81,3.87,3.73,3.79,698415
1195,"Feb 2, 2012",3.58,3.80,3.56,3.77,1020698
1196,"Feb 1, 2012",3.55,3.60,3.52,3.57,539542
1197,"Jan 31, 2012",3.60,3.66,3.41,3.55,890109
1198,"Jan 30, 2012",3.63,3.67,3.59,3.65,328214
1199,"Jan 27, 2012",3.76,3.76,3.63,3.66,644147
1200,"Jan 26, 2012",3.75,3.84,3.68,3.75,670725
1201,"Jan 25, 2012",3.61,3.71,3.54,3.71,606342
1202,"Jan 24, 2012",3.64,3.65,3.55,3.62,803874
1203,"Jan 23, 2012",3.51,3.69,3.51,3.67,1076213
1204,"Jan 20, 2012",3.33,3.47,3.33,3.45,696446
1205,"Jan 19, 2012",3.50,3.54,3.31,3.35,1139598
1206,"Jan 18, 2012",3.43,3.46,3.39,3.44,798849
1207,"Jan 17, 2012",3.70,3.73,3.38,3.42,752421
1208,"Jan 13, 2012",3.80,3.82,3.65,3.66,391376
1209,"Jan 12, 2012",4.03,4.05,3.83,3.85,342880
1210,"Jan 11, 2012",4.23,4.23,3.94,4.03,457091
1211,"Jan 10, 2012",4.26,4.31,4.24,4.25,253107
1212,"Jan 9, 2012",4.30,4.31,4.21,4.21,215568
1213,"Jan 6, 2012",4.32,4.34,4.26,4.30,185542
1214,"Jan 5, 2012",4.34,4.37,4.26,4.34,281096
1215,"Jan 4, 2012",4.29,4.39,4.23,4.38,389773
1216,"Jan 3, 2012",4.23,4.33,4.20,4.31,533747
1217,"Dec 30, 2011",4.07,4.22,4.07,4.14,284587
1218,"Dec 29, 2011",3.99,4.12,3.97,4.08,300620
1219,"Dec 28, 2011",4.02,4.06,3.95,3.99,387638
1220,"Dec 27, 2011",4.03,4.13,4.00,4.04,203798
1221,"Dec 23, 2011",4.03,4.13,3.97,4.08,904691
1222,"Dec 22, 2011",3.95,4.01,3.92,4.00,307145
1223,"Dec 21, 2011",3.87,3.96,3.87,3.92,384532
1224,"Dec 20, 2011",3.95,4.08,3.92,3.94,514837
1225,"Dec 19, 2011",3.88,3.95,3.74,3.86,393143
1226,"Dec 16, 2011",3.71,3.98,3.71,3.91,431360
1227,"Dec 15, 2011",3.85,3.94,3.68,3.70,473313
1228,"Dec 14, 2011",3.88,3.92,3.75,3.80,421696
1229,"Dec 13, 2011",4.05,4.09,3.83,3.97,504548
1230,"Dec 12, 2011",4.06,4.09,3.89,4.01,330217
1231,"Dec 9, 2011",4.26,4.29,4.15,4.17,350215
1232,"Dec 8, 2011",4.43,4.44,4.22,4.25,365832
1233,"Dec 7, 2011",4.63,4.64,4.41,4.46,374802
1234,"Dec 6, 2011",4.60,4.74,4.53,4.70,296904
1235,"Dec 5, 2011",4.80,4.87,4.56,4.65,304155
1236,"Dec 2, 2011",4.79,4.83,4.66,4.68,280255
1237,"Dec 1, 2011",4.56,4.78,4.56,4.75,346299
1238,"Nov 30, 2011",4.60,4.77,4.51,4.62,329873
1239,"Nov 29, 2011",4.41,4.49,4.35,4.47,251033
1240,"Nov 28, 2011",4.48,4.62,4.37,4.41,352180
1241,"Nov 25, 2011",4.34,4.46,4.22,4.27,229133
1242,"Nov 23, 2011",4.73,4.75,4.42,4.54,432223
1243,"Nov 22, 2011",4.86,4.99,4.74,4.84,444445
1244,"Nov 21, 2011",4.95,5.00,4.81,4.87,471378
1245,"Nov 18, 2011",5.07,5.17,5.04,5.13,239433
1246,"Nov 17, 2011",5.14,5.25,5.01,5.05,266963
1247,"Nov 16, 2011",5.21,5.30,5.18,5.20,539334
1248,"Nov 15, 2011",5.09,5.35,5.09,5.29,354061
1249,"Nov 14, 2011",5.17,5.20,5.07,5.14,192905
1250,"Nov 11, 2011",5.26,5.40,5.18,5.25,173959
1251,"Nov 10, 2011",5.13,5.24,5.03,5.16,370146
1252,"Nov 9, 2011",5.22,5.30,4.99,5.03,311267
1253,"Nov 8, 2011",5.38,5.50,5.29,5.39,303787
1254,"Nov 7, 2011",5.18,5.33,5.10,5.31,320350
1255,"Nov 4, 2011",5.32,5.35,5.12,5.18,222662
1256,"Nov 3, 2011",5.20,5.47,5.08,5.43,433606
1257,"Nov 2, 2011",5.06,5.14,4.97,5.12,206089
1258,"Nov 1, 2011",5.04,5.10,4.86,4.91,547109
1259,"Oct 31, 2011",5.39,5.43,5.22,5.28,383492
1260,"Oct 28, 2011",5.36,5.52,5.33,5.47,293513
1261,"Oct 27, 2011",5.35,5.50,5.30,5.36,535776
1262,"Oct 26, 2011",5.10,5.20,4.96,5.13,413467
1263,"Oct 25, 2011",5.25,5.25,5.00,5.01,444408
1264,"Oct 24, 2011",4.92,5.23,4.90,5.21,445833
1265,"Oct 21, 2011",4.77,4.91,4.65,4.88,382655
1266,"Oct 20, 2011",4.72,4.80,4.60,4.72,395178
1267,"Oct 19, 2011",4.85,4.94,4.70,4.76,520631
1268,"Oct 18, 2011",4.56,4.88,4.50,4.83,899292
1269,"Oct 17, 2011",4.67,4.75,4.55,4.60,622650
1270,"Oct 14, 2011",4.76,4.82,4.59,4.75,421470
1271,"Oct 13, 2011",4.50,4.63,4.36,4.58,331743
1272,"Oct 12, 2011",4.55,4.78,4.46,4.53,503213
1273,"Oct 11, 2011",4.18,4.48,4.18,4.45,562811
1274,"Oct 10, 2011",4.12,4.27,4.12,4.25,368382
1275,"Oct 7, 2011",4.30,4.30,3.95,4.00,392059
1276,"Oct 6, 2011",4.06,4.31,4.06,4.22,488658
1277,"Oct 5, 2011",4.03,4.11,3.89,4.10,518930
1278,"Oct 4, 2011",3.67,3.99,3.56,3.96,731123
1279,"Oct 3, 2011",3.71,4.07,3.71,3.76,1106907
1280,"Sep 30, 2011",3.84,3.86,3.67,3.74,883051
1281,"Sep 29, 2011",4.38,4.39,3.82,3.95,805523
1282,"Sep 28, 2011",4.48,4.49,4.22,4.23,385833
1283,"Sep 27, 2011",4.63,4.72,4.45,4.49,470351
1284,"Sep 26, 2011",4.41,4.56,4.33,4.48,595160
1285,"Sep 23, 2011",4.14,4.43,4.04,4.40,384224
1286,"Sep 22, 2011",4.50,4.52,4.12,4.21,821114
1287,"Sep 21, 2011",5.07,5.10,4.71,4.74,417419
1288,"Sep 20, 2011",5.13,5.25,5.07,5.07,174039
1289,"Sep 19, 2011",5.14,5.23,5.08,5.16,194292
1290,"Sep 16, 2011",5.32,5.34,5.22,5.27,177545
1291,"Sep 15, 2011",5.27,5.37,5.21,5.31,410053
1292,"Sep 14, 2011",5.18,5.28,5.04,5.19,242749
1293,"Sep 13, 2011",5.10,5.18,5.03,5.17,306511
1294,"Sep 12, 2011",5.05,5.15,4.93,5.07,381436
1295,"Sep 9, 2011",5.25,5.25,5.07,5.11,381420
1296,"Sep 8, 2011",5.40,5.48,5.25,5.31,344428
1297,"Sep 7, 2011",5.54,5.60,5.43,5.45,395566
1298,"Sep 6, 2011",5.25,5.41,5.25,5.41,337366
1299,"Sep 2, 2011",5.61,5.67,5.44,5.52,201564
1300,"Sep 1, 2011",5.83,5.91,5.70,5.77,394162
1301,"Aug 31, 2011",5.90,5.96,5.81,5.83,352732
1302,"Aug 30, 2011",5.68,5.90,5.57,5.86,345257
1303,"Aug 29, 2011",5.59,5.80,5.59,5.72,367581
1304,"Aug 26, 2011",5.39,5.55,5.32,5.54,370676
1305,"Aug 25, 2011",5.60,5.70,5.39,5.44,743723
1306,"Aug 24, 2011",5.44,5.59,5.40,5.56,546020
1307,"Aug 23, 2011",5.22,5.42,5.15,5.40,671484
1308,"Aug 22, 2011",5.55,5.55,5.15,5.19,718582
1309,"Aug 19, 2011",5.40,5.69,5.38,5.40,661976
1310,"Aug 18, 2011",5.55,5.68,5.43,5.60,984684
1311,"Aug 17, 2011",5.77,5.93,5.74,5.82,628021
1312,"Aug 16, 2011",5.86,5.86,5.63,5.67,546991
1313,"Aug 15, 2011",5.96,6.10,5.82,5.96,430159
1314,"Aug 12, 2011",5.92,6.14,5.78,5.84,533628
1315,"Aug 11, 2011",5.62,5.84,5.50,5.73,451759
1316,"Aug 10, 2011",5.56,5.74,5.27,5.55,693889
1317,"Aug 9, 2011",5.29,5.69,5.27,5.62,940161
1318,"Aug 8, 2011",5.70,5.90,5.27,5.32,1561355
1319,"Aug 5, 2011",6.33,6.35,5.78,6.03,1046959
1320,"Aug 4, 2011",6.73,6.73,6.22,6.32,695098
1321,"Aug 3, 2011",6.80,6.86,6.60,6.83,693219
1322,"Aug 2, 2011",7.05,7.12,6.78,6.78,489794
1323,"Aug 1, 2011",7.10,7.20,6.99,7.17,274442
1324,"Jul 29, 2011",6.98,7.08,6.90,6.95,409731
1325,"Jul 28, 2011",7.24,7.31,7.00,7.07,748198
1326,"Jul 27, 2011",7.33,7.37,7.22,7.27,328346
1327,"Jul 26, 2011",7.45,7.48,7.32,7.39,239587
1328,"Jul 25, 2011",7.49,7.60,7.46,7.46,216358
1329,"Jul 22, 2011",7.58,7.60,7.50,7.54,282932
1330,"Jul 21, 2011",7.74,7.81,7.57,7.58,355002
1331,"Jul 20, 2011",7.66,7.72,7.62,7.71,154520
1332,"Jul 19, 2011",7.55,7.71,7.46,7.63,375116
1333,"Jul 18, 2011",7.54,7.58,7.39,7.46,340906
1334,"Jul 15, 2011",7.48,7.65,7.46,7.61,229591
1335,"Jul 14, 2011",7.56,7.64,7.34,7.38,242224
1336,"Jul 13, 2011",7.49,7.64,7.48,7.51,185708
1337,"Jul 12, 2011",7.30,7.49,7.30,7.44,289318
1338,"Jul 11, 2011",7.63,7.68,7.36,7.37,434501
1339,"Jul 8, 2011",7.80,7.82,7.71,7.79,134726
1340,"Jul 7, 2011",8.06,8.09,7.84,7.84,221911
1341,"Jul 6, 2011",8.02,8.11,7.85,7.94,303651
1342,"Jul 5, 2011",7.90,8.17,7.90,8.08,361372
1343,"Jul 1, 2011",7.87,7.95,7.83,7.94,166313
1344,"Jun 30, 2011",7.98,8.03,7.93,7.93,198396
1345,"Jun 29, 2011",7.90,8.10,7.83,7.96,254980
1346,"Jun 28, 2011",7.84,7.94,7.72,7.77,202188
1347,"Jun 27, 2011",7.70,7.83,7.69,7.79,262284
1348,"Jun 24, 2011",7.70,7.93,7.70,7.78,239686
1349,"Jun 23, 2011",7.82,7.82,7.64,7.73,317156
1350,"Jun 22, 2011",7.67,8.09,7.67,7.97,270526
1351,"Jun 21, 2011",7.64,7.79,7.63,7.70,236699
1352,"Jun 20, 2011",7.54,7.64,7.52,7.56,197958
1353,"Jun 17, 2011",7.78,7.84,7.55,7.59,294453
1354,"Jun 16, 2011",7.82,7.90,7.69,7.74,420228
1355,"Jun 15, 2011",7.97,8.07,7.82,7.89,271859
1356,"Jun 14, 2011",7.88,8.12,7.88,8.08,281640
1357,"Jun 13, 2011",7.90,7.97,7.67,7.77,507074
1358,"Jun 10, 2011",8.02,8.05,7.82,7.89,339584
1359,"Jun 9, 2011",7.94,8.17,7.94,8.07,274932
1360,"Jun 8, 2011",8.07,8.19,7.89,7.89,330134
1361,"Jun 7, 2011",8.27,8.32,8.12,8.14,288195
1362,"Jun 6, 2011",8.40,8.68,8.15,8.18,733059
1363,"Jun 3, 2011",8.16,8.50,8.10,8.47,345089
1364,"Jun 2, 2011",8.24,8.42,8.20,8.31,417116
1365,"Jun 1, 2011",8.39,8.48,8.21,8.25,585865
1366,"May 31, 2011",8.40,8.44,8.32,8.40,471515
1367,"May 27, 2011",8.10,8.26,8.06,8.23,413558
1368,"May 26, 2011",8.00,8.10,7.88,8.07,259265
1369,"May 25, 2011",7.97,8.08,7.90,8.01,187186
1370,"May 24, 2011",7.93,8.05,7.92,8.00,303629
1371,"May 23, 2011",7.86,7.97,7.83,7.90,143461
1372,"May 20, 2011",8.02,8.10,7.84,8.04,357266
1373,"May 19, 2011",8.05,8.15,7.98,8.04,268035
1374,"May 18, 2011",7.86,8.08,7.84,7.98,253389
1375,"May 17, 2011",7.81,7.91,7.77,7.87,435121
1376,"May 16, 2011",7.79,8.01,7.70,7.90,627336
1377,"May 13, 2011",7.75,7.81,7.62,7.77,289291
1378,"May 12, 2011",7.66,7.77,7.57,7.70,423154
1379,"May 11, 2011",8.06,8.10,7.73,7.75,337352
1380,"May 10, 2011",8.05,8.18,7.97,8.10,162127
1381,"May 9, 2011",7.83,8.11,7.83,8.02,327152
1382,"May 6, 2011",7.75,8.09,7.67,7.78,651134
1383,"May 5, 2011",7.79,7.83,7.58,7.67,578122
1384,"May 4, 2011",8.11,8.11,7.67,7.93,805327
1385,"May 3, 2011",8.35,8.41,8.06,8.16,420341
1386,"May 2, 2011",8.46,8.56,8.32,8.35,463551
1387,"Apr 29, 2011",8.43,8.52,8.39,8.52,235053
1388,"Apr 28, 2011",8.48,8.52,8.37,8.49,236532
1389,"Apr 27, 2011",8.49,8.53,8.40,8.50,271407
1390,"Apr 26, 2011",8.31,8.51,8.22,8.46,526853
1391,"Apr 25, 2011",8.56,8.56,8.28,8.32,331504
1392,"Apr 21, 2011",8.56,8.60,8.44,8.55,227037
1393,"Apr 20, 2011",8.39,8.70,8.37,8.54,471409
1394,"Apr 19, 2011",8.33,8.37,8.24,8.31,314336
1395,"Apr 18, 2011",8.41,8.47,8.21,8.31,356182
1396,"Apr 15, 2011",8.39,8.65,8.28,8.55,480215
1397,"Apr 14, 2011",8.34,8.48,8.29,8.32,361914
1398,"Apr 13, 2011",8.39,8.59,8.32,8.42,401061
1399,"Apr 12, 2011",8.53,8.58,8.13,8.33,736952
1400,"Apr 11, 2011",8.97,8.97,8.61,8.64,450970
1401,"Apr 8, 2011",8.95,9.10,8.89,8.96,398195
1402,"Apr 7, 2011",9.10,9.10,8.83,8.93,389920
1403,"Apr 6, 2011",9.00,9.29,9.00,9.10,782655
1404,"Apr 5, 2011",8.81,9.00,8.79,8.95,561240
1405,"Apr 4, 2011",9.10,9.10,8.88,8.90,781562
1406,"Apr 1, 2011",9.02,9.10,8.98,9.05,353691
1407,"Mar 31, 2011",8.91,9.10,8.89,8.97,619941
1408,"Mar 30, 2011",8.97,9.07,8.90,8.93,419039
1409,"Mar 29, 2011",8.97,9.07,8.86,8.93,526727
1410,"Mar 28, 2011",8.89,9.23,8.89,8.98,1047257
1411,"Mar 25, 2011",8.64,8.97,8.56,8.93,1064722
1412,"Mar 24, 2011",8.44,8.70,8.44,8.61,672098
1413,"Mar 23, 2011",8.35,8.49,8.35,8.40,414064
1414,"Mar 22, 2011",8.47,8.48,8.31,8.35,322377
1415,"Mar 21, 2011",8.40,8.56,8.36,8.44,425979
1416,"Mar 18, 2011",8.11,8.33,8.08,8.31,585633
1417,"Mar 17, 2011",7.99,8.09,7.85,8.05,587065
1418,"Mar 16, 2011",7.89,8.15,7.76,7.83,751684
1419,"Mar 15, 2011",7.67,8.00,7.48,7.89,1196569
1420,"Mar 14, 2011",8.05,8.09,7.76,8.06,643643
1421,"Mar 11, 2011",7.84,8.15,7.83,8.05,613253
1422,"Mar 10, 2011",8.04,8.07,7.75,7.96,1070856
1423,"Mar 9, 2011",8.31,8.31,8.07,8.12,688590
1424,"Mar 8, 2011",8.67,8.67,8.16,8.27,1183084
1425,"Mar 7, 2011",8.35,9.15,8.31,8.62,2422812
1426,"Mar 4, 2011",8.22,8.30,8.05,8.14,528223
1427,"Mar 3, 2011",8.12,8.19,8.05,8.19,716406
1428,"Mar 2, 2011",7.96,8.10,7.80,8.10,1625074
1429,"Mar 1, 2011",7.88,7.88,7.65,7.72,246697
1430,"Feb 28, 2011",7.78,7.83,7.67,7.81,271718
1431,"Feb 25, 2011",7.63,7.73,7.55,7.72,230744
1432,"Feb 24, 2011",7.70,7.71,7.53,7.59,298486
1433,"Feb 23, 2011",7.69,7.72,7.57,7.67,331400
1434,"Feb 22, 2011",7.68,7.87,7.60,7.62,371315
1435,"Feb 18, 2011",7.84,7.88,7.65,7.78,351213
1436,"Feb 17, 2011",7.84,7.89,7.72,7.84,392825
1437,"Feb 16, 2011",7.80,7.94,7.79,7.87,316470
1438,"Feb 15, 2011",7.80,7.82,7.71,7.81,281911
1439,"Feb 14, 2011",7.75,7.87,7.72,7.77,348984
1440,"Feb 11, 2011",7.68,7.75,7.62,7.74,268520
1441,"Feb 10, 2011",7.40,7.75,7.40,7.69,707904
1442,"Feb 9, 2011",7.46,7.54,7.37,7.38,320392
1443,"Feb 8, 2011",7.57,7.63,7.50,7.51,227886
1444,"Feb 7, 2011",7.71,7.73,7.56,7.57,250961
1445,"Feb 4, 2011",7.72,7.73,7.57,7.66,262203
1446,"Feb 3, 2011",7.65,7.71,7.55,7.67,253225
1447,"Feb 2, 2011",7.59,7.70,7.54,7.63,514413
1448,"Feb 1, 2011",7.45,7.58,7.42,7.57,658274
1449,"Jan 31, 2011",7.26,7.46,7.23,7.43,398445
1450,"Jan 28, 2011",7.38,7.40,7.21,7.25,310604
1451,"Jan 27, 2011",7.28,7.38,7.24,7.31,272813
1452,"Jan 26, 2011",7.10,7.36,7.08,7.29,803738
1453,"Jan 25, 2011",7.19,7.23,7.02,7.10,347006
1454,"Jan 24, 2011",7.22,7.30,7.15,7.30,297124
1455,"Jan 21, 2011",7.35,7.38,7.21,7.27,355379
1456,"Jan 20, 2011",7.09,7.32,6.97,7.32,646748
1457,"Jan 19, 2011",7.26,7.26,7.13,7.13,300905
1458,"Jan 18, 2011",7.26,7.39,7.14,7.27,430190
1459,"Jan 14, 2011",7.03,7.25,7.02,7.22,436242
1460,"Jan 13, 2011",7.00,7.31,6.98,7.12,744535
1461,"Jan 12, 2011",6.95,7.05,6.92,7.05,536615
1462,"Jan 11, 2011",6.73,6.95,6.62,6.93,394663
1463,"Jan 10, 2011",6.78,6.81,6.65,6.74,272652
1464,"Jan 7, 2011",6.92,6.93,6.82,6.85,238365
1465,"Jan 6, 2011",6.96,6.98,6.88,6.88,312198
1466,"Jan 5, 2011",6.75,6.94,6.74,6.94,299469
1467,"Jan 4, 2011",6.83,6.90,6.72,6.81,323114
1468,"Jan 3, 2011",6.84,6.85,6.71,6.83,290176
1469,"Dec 31, 2010",6.80,6.85,6.80,6.80,258095
1470,"Dec 30, 2010",6.81,6.85,6.73,6.83,320231
1471,"Dec 29, 2010",6.64,6.78,6.64,6.76,308221
1472,"Dec 28, 2010",6.55,6.69,6.52,6.64,219719
1473,"Dec 27, 2010",6.63,6.65,6.46,6.55,198396
1474,"Dec 23, 2010",6.64,6.78,6.58,6.67,258998
1475,"Dec 22, 2010",6.50,6.66,6.49,6.65,313856
1476,"Dec 21, 2010",6.24,6.51,6.24,6.47,380011
1477,"Dec 20, 2010",6.26,6.35,6.21,6.28,322474
1478,"Dec 17, 2010",6.44,6.44,6.25,6.27,276121
1479,"Dec 16, 2010",6.40,6.49,6.35,6.46,264004
1480,"Dec 15, 2010",6.48,6.54,6.33,6.37,359748
1481,"Dec 14, 2010",6.54,6.64,6.52,6.53,281833
1482,"Dec 13, 2010",6.60,6.63,6.55,6.57,271598
1483,"Dec 10, 2010",6.57,6.62,6.54,6.57,258823
1484,"Dec 9, 2010",6.42,6.59,6.42,6.59,303121
1485,"Dec 8, 2010",6.53,6.57,6.39,6.41,288184
1486,"Dec 7, 2010",6.60,6.64,6.48,6.50,348004
1487,"Dec 6, 2010",6.59,6.67,6.58,6.60,274670
1488,"Dec 3, 2010",6.61,6.66,6.58,6.63,210294
1489,"Dec 2, 2010",6.67,6.71,6.54,6.66,384174
1490,"Dec 1, 2010",6.66,6.72,6.64,6.68,405887
1491,"Nov 30, 2010",6.58,6.63,6.54,6.58,244959
1492,"Nov 29, 2010",6.56,6.66,6.56,6.65,205378
1493,"Nov 26, 2010",6.61,6.66,6.59,6.62,110481
1494,"Nov 24, 2010",6.66,6.78,6.66,6.70,286682
1495,"Nov 23, 2010",6.77,6.78,6.54,6.61,323854
1496,"Nov 22, 2010",6.83,6.88,6.72,6.81,319190
1497,"Nov 19, 2010",6.83,6.90,6.78,6.88,235847
1498,"Nov 18, 2010",6.55,6.87,6.55,6.84,564217
1499,"Nov 17, 2010",6.42,6.55,6.39,6.52,269079
1500,"Nov 16, 2010",6.54,6.54,6.38,6.46,352724
1501,"Nov 15, 2010",6.63,6.66,6.52,6.64,305721
1502,"Nov 12, 2010",6.52,6.68,6.48,6.62,373693
1503,"Nov 11, 2010",6.65,6.74,6.61,6.70,230962
1504,"Nov 10, 2010",6.55,6.75,6.49,6.71,424428
1505,"Nov 9, 2010",6.68,6.77,6.53,6.56,490303
1506,"Nov 8, 2010",6.52,6.63,6.52,6.62,375356
1507,"Nov 5, 2010",6.46,6.60,6.43,6.54,361999
1508,"Nov 4, 2010",6.40,6.51,6.40,6.48,742971
1509,"Nov 3, 2010",6.40,6.43,6.30,6.37,220925
1510,"Nov 2, 2010",6.33,6.44,6.27,6.42,295617
1511,"Nov 1, 2010",6.19,6.40,6.19,6.33,410703
1512,"Oct 29, 2010",6.13,6.27,6.13,6.19,423908
1513,"Oct 28, 2010",6.08,6.19,6.04,6.16,277838
1514,"Oct 27, 2010",6.01,6.09,5.95,6.07,307758
1515,"Oct 26, 2010",6.06,6.12,6.01,6.03,274345
1516,"Oct 25, 2010",6.30,6.32,6.10,6.10,296543
1517,"Oct 22, 2010",6.25,6.28,6.18,6.23,219361
1518,"Oct 21, 2010",6.26,6.32,6.19,6.26,330951
1519,"Oct 20, 2010",6.18,6.34,6.15,6.26,288424
1520,"Oct 19, 2010",6.33,6.33,6.10,6.14,373920
1521,"Oct 18, 2010",6.40,6.47,6.40,6.44,267987
1522,"Oct 15, 2010",6.50,6.53,6.42,6.49,338390
1523,"Oct 14, 2010",6.55,6.64,6.45,6.50,326080
1524,"Oct 13, 2010",6.34,6.64,6.30,6.61,664704
1525,"Oct 12, 2010",6.20,6.36,6.17,6.32,316256
1526,"Oct 11, 2010",6.27,6.33,6.26,6.27,126516
1527,"Oct 8, 2010",6.23,6.37,6.15,6.34,318670
1528,"Oct 7, 2010",6.38,6.38,6.25,6.28,307914
1529,"Oct 6, 2010",6.36,6.46,6.31,6.38,383296
1530,"Oct 5, 2010",6.37,6.42,6.34,6.37,290403
1531,"Oct 4, 2010",6.37,6.42,6.29,6.35,228552
1532,"Oct 1, 2010",6.34,6.44,6.30,6.42,363599
1533,"Sep 30, 2010",6.26,6.41,6.22,6.31,614570
1534,"Sep 29, 2010",6.12,6.26,6.10,6.25,443117
1535,"Sep 28, 2010",6.07,6.20,5.99,6.17,360395
1536,"Sep 27, 2010",6.09,6.14,6.08,6.11,186912
1537,"Sep 24, 2010",6.07,6.14,6.00,6.14,359750
1538,"Sep 23, 2010",6.02,6.09,5.97,5.99,364353
1539,"Sep 22, 2010",6.20,6.30,6.05,6.11,331415
1540,"Sep 21, 2010",6.23,6.26,6.12,6.23,289496
1541,"Sep 20, 2010",6.28,6.34,6.22,6.28,333740
1542,"Sep 17, 2010",6.38,6.39,6.27,6.29,185827
1543,"Sep 16, 2010",6.37,6.45,6.34,6.37,187804
1544,"Sep 15, 2010",6.23,6.43,6.22,6.41,267530
1545,"Sep 14, 2010",6.36,6.41,6.25,6.27,326026
1546,"Sep 13, 2010",6.26,6.41,6.25,6.40,320266
1547,"Sep 10, 2010",6.28,6.33,6.23,6.24,169803
1548,"Sep 9, 2010",6.43,6.46,6.28,6.32,190254
1549,"Sep 8, 2010",6.34,6.50,6.34,6.41,543867
1550,"Sep 7, 2010",6.23,6.37,6.18,6.32,359821
1551,"Sep 3, 2010",6.30,6.45,6.30,6.36,404277
1552,"Sep 2, 2010",6.03,6.30,6.01,6.26,423317
1553,"Sep 1, 2010",6.06,6.18,5.97,6.09,406365
1554,"Aug 31, 2010",5.82,6.02,5.82,5.94,396313
1555,"Aug 30, 2010",5.82,5.99,5.82,5.86,294908
1556,"Aug 27, 2010",5.86,5.93,5.73,5.88,287753
1557,"Aug 26, 2010",5.87,5.97,5.86,5.89,240712
1558,"Aug 25, 2010",5.70,5.86,5.65,5.83,365092
1559,"Aug 24, 2010",5.74,5.82,5.65,5.77,244275
1560,"Aug 23, 2010",5.87,5.89,5.78,5.78,198733
1561,"Aug 20, 2010",5.85,5.89,5.80,5.86,247794
1562,"Aug 19, 2010",6.03,6.12,5.93,5.95,229998
1563,"Aug 18, 2010",6.26,6.26,6.08,6.09,293700
1564,"Aug 17, 2010",6.05,6.39,6.04,6.22,540514
1565,"Aug 16, 2010",5.99,6.06,5.97,5.98,321669
1566,"Aug 13, 2010",5.82,6.18,5.82,6.00,530367
1567,"Aug 12, 2010",5.82,5.96,5.80,5.85,340570
1568,"Aug 11, 2010",6.15,6.15,5.85,5.94,492610
1569,"Aug 10, 2010",6.22,6.29,6.16,6.24,205492
1570,"Aug 9, 2010",6.34,6.36,6.22,6.32,214060
1571,"Aug 6, 2010",6.19,6.34,6.19,6.32,179117
1572,"Aug 5, 2010",6.33,6.46,6.29,6.31,295184
1573,"Aug 4, 2010",6.45,6.50,6.31,6.32,282237
1574,"Aug 3, 2010",6.38,6.50,6.36,6.47,318190
1575,"Aug 2, 2010",6.35,6.45,6.35,6.38,226485
1576,"Jul 30, 2010",6.28,6.33,6.21,6.30,264759
1577,"Jul 29, 2010",6.39,6.49,6.31,6.31,395257
1578,"Jul 28, 2010",6.35,6.45,6.30,6.39,380345
1579,"Jul 27, 2010",6.47,6.56,6.39,6.43,329197
1580,"Jul 26, 2010",6.40,6.45,6.35,6.43,321647
1581,"Jul 23, 2010",6.45,6.47,6.36,6.42,334854
1582,"Jul 22, 2010",6.20,6.47,6.20,6.44,356791
1583,"Jul 21, 2010",6.26,6.34,6.11,6.17,296739
1584,"Jul 20, 2010",6.13,6.27,6.05,6.26,511584
1585,"Jul 19, 2010",6.04,6.15,5.95,6.12,511257
1586,"Jul 16, 2010",6.30,6.37,6.08,6.08,289433
1587,"Jul 15, 2010",6.39,6.47,6.27,6.45,429861
1588,"Jul 14, 2010",6.32,6.44,6.29,6.39,437471
1589,"Jul 13, 2010",6.36,6.60,6.33,6.41,492615
1590,"Jul 12, 2010",6.30,6.41,6.16,6.29,470322
1591,"Jul 9, 2010",6.12,6.39,6.12,6.33,462111
1592,"Jul 8, 2010",6.00,6.17,5.95,6.13,593810
1593,"Jul 7, 2010",5.73,5.94,5.73,5.94,467748
1594,"Jul 6, 2010",5.85,5.87,5.68,5.73,380652
1595,"Jul 2, 2010",5.75,5.88,5.70,5.84,409245
1596,"Jul 1, 2010",5.78,5.84,5.54,5.70,294631
1597,"Jun 30, 2010",5.93,6.07,5.78,5.81,366595
1598,"Jun 29, 2010",6.34,6.34,5.92,5.92,590014
1599,"Jun 28, 2010",6.44,6.47,6.36,6.37,183742
1600,"Jun 25, 2010",6.40,6.53,6.30,6.47,349986
1601,"Jun 24, 2010",6.54,6.60,6.35,6.37,380627
1602,"Jun 23, 2010",6.58,6.67,6.42,6.57,410681
1603,"Jun 22, 2010",6.74,6.80,6.57,6.58,353747
1604,"Jun 21, 2010",7.07,7.18,6.80,6.81,475739
1605,"Jun 18, 2010",7.04,7.10,6.98,7.05,311996
1606,"Jun 17, 2010",6.98,7.11,6.85,7.02,764004
1607,"Jun 16, 2010",6.90,7.08,6.86,6.98,788507
1608,"Jun 15, 2010",6.44,6.95,6.40,6.90,1191127
1609,"Jun 14, 2010",6.41,6.45,6.29,6.35,346187
1610,"Jun 11, 2010",6.10,6.31,6.10,6.27,280134
1611,"Jun 10, 2010",6.16,6.33,6.09,6.24,344192
1612,"Jun 9, 2010",6.17,6.23,5.88,5.95,467347
1613,"Jun 8, 2010",6.14,6.25,5.91,6.02,487003
1614,"Jun 7, 2010",6.24,6.43,6.15,6.15,432099
1615,"Jun 4, 2010",6.30,6.65,6.24,6.27,695160
1616,"Jun 3, 2010",6.36,6.61,6.21,6.53,922261
1617,"Jun 2, 2010",5.92,6.29,5.87,6.29,706010
1618,"Jun 1, 2010",6.01,6.24,5.86,5.86,612538
1619,"May 28, 2010",6.09,6.21,6.01,6.06,472184
1620,"May 27, 2010",5.84,6.02,5.83,5.99,347610
1621,"May 26, 2010",5.84,5.88,5.69,5.70,353426
1622,"May 25, 2010",5.36,5.75,5.33,5.73,480945
1623,"May 24, 2010",5.82,5.84,5.52,5.52,285954
1624,"May 21, 2010",5.44,5.86,5.31,5.80,614038
1625,"May 20, 2010",5.59,5.73,5.50,5.55,688865
1626,"May 19, 2010",5.86,5.95,5.65,5.84,707766
1627,"May 18, 2010",6.24,6.43,5.96,5.98,544818
1628,"May 17, 2010",6.44,6.58,6.05,6.18,681738
1629,"May 14, 2010",6.49,6.50,6.30,6.48,526819
1630,"May 13, 2010",6.59,6.70,6.51,6.55,417699
1631,"May 12, 2010",6.36,6.68,6.36,6.65,464619
1632,"May 11, 2010",6.18,6.47,6.18,6.36,435045
1633,"May 10, 2010",6.37,6.50,6.27,6.33,464174
1634,"May 7, 2010",6.15,6.24,5.78,6.06,969084
1635,"May 6, 2010",6.55,6.65,5.85,6.14,1093434
1636,"May 5, 2010",6.75,6.81,6.51,6.62,429641
1637,"May 4, 2010",7.00,7.08,6.79,6.86,556797
1638,"May 3, 2010",7.10,7.24,7.05,7.21,272975
1639,"Apr 30, 2010",7.19,7.19,7.09,7.11,278443
1640,"Apr 29, 2010",7.24,7.34,7.17,7.21,367246
1641,"Apr 28, 2010",7.19,7.30,7.12,7.19,405362
1642,"Apr 27, 2010",7.34,7.48,7.19,7.20,471444
1643,"Apr 26, 2010",7.41,7.49,7.34,7.45,503881
1644,"Apr 23, 2010",7.26,7.46,7.22,7.45,459284
1645,"Apr 22, 2010",7.18,7.33,7.11,7.28,396363
1646,"Apr 21, 2010",7.21,7.39,7.17,7.24,463709
1647,"Apr 20, 2010",6.99,7.29,6.96,7.26,707520
1648,"Apr 19, 2010",6.90,6.95,6.75,6.86,360717
1649,"Apr 16, 2010",6.95,7.03,6.82,6.98,482883
1650,"Apr 15, 2010",7.17,7.23,6.99,7.08,381658
1651,"Apr 14, 2010",7.00,7.28,6.97,7.23,747762
1652,"Apr 13, 2010",6.86,6.99,6.81,6.97,551551
1653,"Apr 12, 2010",6.95,7.09,6.90,6.90,346802
1654,"Apr 9, 2010",7.08,7.15,6.95,7.02,653914
1655,"Apr 8, 2010",6.97,7.15,6.94,7.10,380622
1656,"Apr 7, 2010",7.16,7.22,7.05,7.07,365739
1657,"Apr 6, 2010",7.21,7.31,7.17,7.18,328339
1658,"Apr 5, 2010",7.14,7.30,7.08,7.28,496078
1659,"Apr 1, 2010",6.87,7.19,6.85,7.14,694069
1660,"Mar 31, 2010",6.93,7.06,6.79,6.79,582257
1661,"Mar 30, 2010",6.94,7.03,6.90,6.91,335402
1662,"Mar 29, 2010",6.64,6.97,6.55,6.92,851029
1663,"Mar 26, 2010",6.93,6.97,6.61,6.64,1130344
1664,"Mar 25, 2010",7.21,7.21,6.91,6.92,628768
1665,"Mar 24, 2010",7.16,7.27,7.14,7.19,669548
1666,"Mar 23, 2010",7.02,7.30,7.02,7.19,1149180
1667,"Mar 22, 2010",7.04,7.15,6.95,7.05,853883
1668,"Mar 19, 2010",7.42,7.50,7.00,7.00,3906935
1669,"Mar 18, 2010",7.57,7.65,7.38,7.43,1446889
1670,"Mar 17, 2010",7.85,7.85,7.62,7.63,1162744
1671,"Mar 16, 2010",7.82,7.83,7.66,7.79,641634
1672,"Mar 15, 2010",7.75,7.79,7.63,7.72,370900
1673,"Mar 12, 2010",7.93,8.07,7.63,7.83,591399
1674,"Mar 11, 2010",7.96,8.07,7.79,7.87,489791
1675,"Mar 10, 2010",7.79,8.07,7.70,8.03,1112664
1676,"Mar 9, 2010",7.20,7.69,7.18,7.58,737075
1677,"Mar 8, 2010",7.44,7.53,7.20,7.27,558090
1678,"Mar 5, 2010",7.15,7.45,7.15,7.38,613473
1679,"Mar 4, 2010",7.10,7.17,6.99,7.15,394395
1680,"Mar 3, 2010",7.04,7.27,6.97,7.12,611754
1681,"Mar 2, 2010",6.96,7.12,6.96,7.07,457958
1682,"Mar 1, 2010",6.86,6.97,6.84,6.96,372506
1683,"Feb 26, 2010",6.83,6.95,6.81,6.89,190220
1684,"Feb 25, 2010",6.86,6.88,6.72,6.86,291241
1685,"Feb 24, 2010",6.92,7.05,6.88,6.99,298087
1686,"Feb 23, 2010",6.94,7.00,6.89,6.97,512889
1687,"Feb 22, 2010",7.08,7.11,6.93,6.97,318999
1688,"Feb 19, 2010",7.01,7.15,6.96,7.07,431542
1689,"Feb 18, 2010",7.04,7.16,7.04,7.07,446148
1690,"Feb 17, 2010",7.08,7.17,7.04,7.09,680865
1691,"Feb 16, 2010",7.03,7.15,7.00,7.07,497790
1692,"Feb 12, 2010",6.80,7.00,6.80,6.98,357586
1693,"Feb 11, 2010",6.68,6.96,6.62,6.93,474348
1694,"Feb 10, 2010",6.60,6.70,6.58,6.67,370520
1695,"Feb 9, 2010",6.54,6.75,6.48,6.72,751884
1696,"Feb 8, 2010",6.35,6.57,6.30,6.49,532941
1697,"Feb 5, 2010",6.32,6.42,6.07,6.37,901930
1698,"Feb 4, 2010",6.51,6.58,6.35,6.36,587367
1699,"Feb 3, 2010",6.59,6.68,6.54,6.64,325531
1700,"Feb 2, 2010",6.49,6.70,6.49,6.61,627586
1701,"Feb 1, 2010",6.43,6.52,6.42,6.50,492243
1702,"Jan 29, 2010",6.36,6.50,6.31,6.35,767695
1703,"Jan 28, 2010",6.34,6.44,6.29,6.33,621522
1704,"Jan 27, 2010",6.47,6.52,6.27,6.38,631043
1705,"Jan 26, 2010",6.51,6.62,6.40,6.53,443569
1706,"Jan 25, 2010",6.57,6.68,6.53,6.60,346535
1707,"Jan 22, 2010",6.57,6.84,6.53,6.56,570536
1708,"Jan 21, 2010",6.75,6.87,6.64,6.67,566903
1709,"Jan 20, 2010",6.74,6.80,6.51,6.77,1047301
1710,"Jan 19, 2010",7.00,7.07,6.91,6.91,724494
1711,"Jan 15, 2010",7.03,7.05,6.95,7.03,407523
1712,"Jan 14, 2010",7.08,7.17,7.08,7.11,279876
1713,"Jan 13, 2010",7.05,7.17,6.98,7.15,528791
1714,"Jan 12, 2010",7.15,7.19,6.87,7.00,694658
1715,"Jan 11, 2010",7.38,7.45,7.17,7.22,450537
1716,"Jan 8, 2010",7.08,7.35,6.95,7.29,588075
1717,"Jan 7, 2010",7.24,7.30,7.06,7.11,557762
1718,"Jan 6, 2010",7.05,7.38,7.05,7.27,759722
1719,"Jan 5, 2010",6.82,7.12,6.80,7.12,904409
1720,"Jan 4, 2010",6.61,6.84,6.61,6.83,833228
1721,"Dec 31, 2009",6.63,6.69,6.49,6.52,595673
1722,"Dec 30, 2009",6.63,6.72,6.58,6.61,426241
1723,"Dec 29, 2009",6.57,6.73,6.57,6.61,753641
1724,"Dec 28, 2009",6.70,6.79,6.52,6.57,547261
1725,"Dec 24, 2009",6.65,6.78,6.65,6.71,187787
1726,"Dec 23, 2009",6.58,6.77,6.58,6.70,484086
1727,"Dec 22, 2009",6.66,6.71,6.47,6.61,555169
1728,"Dec 21, 2009",6.63,6.80,6.63,6.69,723512
1729,"Dec 18, 2009",6.50,6.70,6.47,6.70,918558
1730,"Dec 17, 2009",6.37,6.51,6.25,6.46,854001
1731,"Dec 16, 2009",6.13,6.47,6.13,6.40,881884
1732,"Dec 15, 2009",6.14,6.17,6.06,6.17,505191
1733,"Dec 14, 2009",5.99,6.17,5.99,6.16,1039402
1734,"Dec 11, 2009",5.96,6.00,5.87,5.96,508625
1735,"Dec 10, 2009",5.97,6.07,5.89,6.05,732882
1736,"Dec 9, 2009",5.69,5.98,5.69,5.87,783977
1737,"Dec 8, 2009",5.61,5.78,5.53,5.73,945155
1738,"Dec 7, 2009",5.63,5.71,5.53,5.59,490960
1739,"Dec 4, 2009",5.82,5.85,5.57,5.61,573415
1740,"Dec 3, 2009",5.88,5.92,5.65,5.67,546820
1741,"Dec 2, 2009",5.97,6.06,5.86,5.86,646341
1742,"Dec 1, 2009",5.85,6.05,5.85,5.98,853728
1743,"Nov 30, 2009",5.61,5.83,5.61,5.79,548115
1744,"Nov 27, 2009",5.56,5.79,5.47,5.69,384979
1745,"Nov 25, 2009",5.68,5.91,5.60,5.86,1191580
1746,"Nov 24, 2009",5.89,5.89,5.40,5.59,1196835
1747,"Nov 23, 2009",5.78,5.94,5.78,5.84,828941
1748,"Nov 20, 2009",5.56,5.73,5.51,5.68,840863
1749,"Nov 19, 2009",5.88,5.94,5.60,5.74,946572
1750,"Nov 18, 2009",6.14,6.18,5.91,5.93,687364
1751,"Nov 17, 2009",6.27,6.27,6.02,6.16,725830
1752,"Nov 16, 2009",6.26,6.38,6.16,6.30,911812
1753,"Nov 13, 2009",6.02,6.26,6.02,6.11,839821
1754,"Nov 12, 2009",6.34,6.36,6.00,6.03,1069416
1755,"Nov 11, 2009",6.70,6.70,6.31,6.36,947337
1756,"Nov 10, 2009",6.46,6.65,6.35,6.62,775008
1757,"Nov 9, 2009",6.55,6.71,6.51,6.52,576434
1758,"Nov 6, 2009",6.40,6.50,6.25,6.48,760009
1759,"Nov 5, 2009",6.27,6.44,6.24,6.42,451871
1760,"Nov 4, 2009",6.36,6.54,6.17,6.23,857376
1761,"Nov 3, 2009",5.79,6.32,5.77,6.28,1252968
1762,"Nov 2, 2009",6.23,6.32,5.89,5.98,1677335
1763,"Oct 30, 2009",6.51,6.57,6.07,6.16,1541579
1764,"Oct 29, 2009",6.45,6.71,6.38,6.57,953484
1765,"Oct 28, 2009",6.62,6.67,6.27,6.32,1362122
1766,"Oct 27, 2009",6.71,6.86,6.58,6.77,797562
1767,"Oct 26, 2009",7.19,7.32,6.70,6.81,1396776
1768,"Oct 23, 2009",7.40,7.41,7.05,7.21,1018369
1769,"Oct 22, 2009",7.56,7.67,7.22,7.42,1199882
1770,"Oct 21, 2009",7.52,7.92,7.34,7.63,1289677
1771,"Oct 20, 2009",7.70,7.79,7.52,7.56,1294998
1772,"Oct 19, 2009",7.50,7.79,7.50,7.72,1118189
1773,"Oct 16, 2009",7.64,7.70,7.53,7.55,1219146
1774,"Oct 15, 2009",7.27,7.74,7.24,7.71,1779627
1775,"Oct 14, 2009",7.25,7.40,7.25,7.38,947187
1776,"Oct 13, 2009",7.18,7.36,7.16,7.21,1072506
1777,"Oct 12, 2009",7.25,7.36,7.02,7.17,698952
1778,"Oct 9, 2009",6.99,7.24,6.94,7.18,1202139
1779,"Oct 8, 2009",6.59,7.08,6.55,7.03,1385757
1780,"Oct 7, 2009",6.48,6.57,6.35,6.55,1402372
1781,"Oct 6, 2009",6.47,6.77,6.47,6.56,856739
1782,"Oct 5, 2009",6.35,6.48,6.29,6.40,814038
1783,"Oct 2, 2009",6.42,6.42,6.12,6.35,1151068
1784,"Oct 1, 2009",7.03,7.03,6.60,6.60,929732
1785,"Sep 30, 2009",6.89,7.13,6.73,7.03,977811
1786,"Sep 29, 2009",6.66,6.92,6.60,6.83,684289
1787,"Sep 28, 2009",6.48,6.78,6.37,6.72,743552
1788,"Sep 25, 2009",6.63,6.79,6.42,6.46,1029578
1789,"Sep 24, 2009",7.01,7.05,6.63,6.70,1361197
1790,"Sep 23, 2009",7.10,7.19,6.97,7.01,799687
1791,"Sep 22, 2009",6.97,7.24,6.93,7.13,1262891
1792,"Sep 21, 2009",6.61,6.93,6.52,6.93,1471399
1793,"Sep 18, 2009",6.81,6.87,6.64,6.76,2346380
1794,"Sep 17, 2009",6.83,6.94,6.63,6.76,1306314
1795,"Sep 16, 2009",6.59,6.98,6.59,6.91,1826552
1796,"Sep 15, 2009",6.35,6.57,6.35,6.52,1029920
1797,"Sep 14, 2009",6.20,6.41,6.10,6.38,1107467
1798,"Sep 11, 2009",6.20,6.32,6.15,6.25,924365
1799,"Sep 10, 2009",6.01,6.21,5.95,6.17,1065762
1800,"Sep 9, 2009",5.83,6.08,5.83,6.03,738469
1801,"Sep 8, 2009",5.78,6.10,5.78,5.90,1211195
1802,"Sep 4, 2009",5.57,5.86,5.40,5.83,1063707
1803,"Sep 3, 2009",5.34,5.53,5.32,5.51,773172
1804,"Sep 2, 2009",5.29,5.40,5.20,5.35,1979695
1805,"Sep 1, 2009",5.56,5.72,5.36,5.39,897214
1806,"Aug 31, 2009",5.65,5.70,5.51,5.66,1089747
1807,"Aug 28, 2009",5.82,5.86,5.76,5.81,576205
1808,"Aug 27, 2009",5.70,5.84,5.64,5.82,819353
1809,"Aug 26, 2009",5.65,5.75,5.58,5.72,861384
1810,"Aug 25, 2009",5.72,5.78,5.60,5.68,1199456
1811,"Aug 24, 2009",5.64,5.78,5.54,5.65,1399732
1812,"Aug 21, 2009",5.40,5.67,5.39,5.60,1234007
1813,"Aug 20, 2009",5.24,5.39,5.24,5.37,848201
1814,"Aug 19, 2009",4.98,5.34,4.95,5.26,1329709
1815,"Aug 18, 2009",4.98,5.07,4.88,5.03,631851
1816,"Aug 17, 2009",4.90,5.04,4.84,4.98,997544
1817,"Aug 14, 2009",5.07,5.15,5.00,5.09,901966
1818,"Aug 13, 2009",5.14,5.23,5.11,5.13,503373
1819,"Aug 12, 2009",4.94,5.18,4.89,5.14,470413
1820,"Aug 11, 2009",4.90,5.02,4.90,4.96,603038
1821,"Aug 10, 2009",5.01,5.09,4.97,5.04,551782
1822,"Aug 7, 2009",5.17,5.31,4.97,5.13,859078
1823,"Aug 6, 2009",5.14,5.24,5.12,5.15,685065
1824,"Aug 5, 2009",5.21,5.23,5.11,5.20,549929
1825,"Aug 4, 2009",5.21,5.32,5.18,5.27,541724
1826,"Aug 3, 2009",5.25,5.33,5.14,5.20,752276
1827,"Jul 31, 2009",5.04,5.25,5.00,5.20,639967
1828,"Jul 30, 2009",4.99,5.20,4.96,5.11,999249
1829,"Jul 29, 2009",5.06,5.08,4.84,4.94,865964
1830,"Jul 28, 2009",5.15,5.23,5.05,5.17,769220
1831,"Jul 27, 2009",5.19,5.25,5.15,5.24,607936
1832,"Jul 24, 2009",5.18,5.24,5.15,5.21,766835
1833,"Jul 23, 2009",5.01,5.25,4.96,5.21,1216451
1834,"Jul 22, 2009",5.00,5.11,4.89,5.09,773007
1835,"Jul 21, 2009",5.05,5.10,4.94,5.03,778323
1836,"Jul 20, 2009",4.99,5.11,4.98,5.07,779109
1837,"Jul 17, 2009",5.02,5.08,4.89,4.96,762670
1838,"Jul 16, 2009",4.67,5.17,4.67,5.06,1332338
1839,"Jul 15, 2009",4.86,4.96,4.75,4.93,1420340
1840,"Jul 14, 2009",4.39,4.79,4.39,4.79,1271376
1841,"Jul 13, 2009",4.25,4.52,4.18,4.31,1873478
1842,"Jul 10, 2009",4.11,4.38,3.95,4.29,1579471
1843,"Jul 9, 2009",3.60,4.22,3.48,4.15,1282700
1844,"Jul 8, 2009",3.58,3.85,3.46,3.60,1097692
1845,"Jul 7, 2009",3.89,3.89,3.56,3.80,1246931
1846,"Jul 6, 2009",3.81,3.95,3.67,3.95,1188615
1847,"Jul 2, 2009",4.04,4.22,3.65,3.65,942358
1848,"Jul 1, 2009",4.26,4.28,4.05,4.12,544572
1849,"Jun 30, 2009",4.21,4.30,4.20,4.21,527912
1850,"Jun 29, 2009",4.36,4.40,4.24,4.29,617514
1851,"Jun 26, 2009",4.49,4.49,4.27,4.36,987495
1852,"Jun 25, 2009",4.45,4.58,4.33,4.55,809105
1853,"Jun 24, 2009",4.28,4.53,4.25,4.50,888358
1854,"Jun 23, 2009",4.46,4.49,4.16,4.34,1245776
1855,"Jun 22, 2009",4.73,4.82,4.39,4.49,1480822
1856,"Jun 19, 2009",4.93,5.00,4.77,4.89,529117
1857,"Jun 18, 2009",4.87,4.96,4.64,4.86,785662
1858,"Jun 17, 2009",4.94,5.05,4.73,4.92,1480176
1859,"Jun 16, 2009",5.28,5.34,4.83,5.10,1709322
1860,"Jun 15, 2009",5.34,5.38,4.91,5.27,2700741
1861,"Jun 12, 2009",5.69,5.88,5.52,5.81,1535329
1862,"Jun 11, 2009",5.41,5.97,5.37,5.75,2813580
1863,"Jun 10, 2009",5.19,5.47,5.13,5.33,1879113
1864,"Jun 9, 2009",4.92,5.15,4.79,5.10,1667039
1865,"Jun 8, 2009",4.59,4.86,4.47,4.85,1074613
1866,"Jun 5, 2009",4.73,4.95,4.69,4.73,1268358
1867,"Jun 4, 2009",4.36,4.74,4.35,4.73,882907
1868,"Jun 3, 2009",4.52,4.52,4.25,4.28,1011753
1869,"Jun 2, 2009",4.59,4.60,4.40,4.58,739740
1870,"Jun 1, 2009",4.41,4.56,4.34,4.52,1135315
1871,"May 29, 2009",4.06,4.35,4.06,4.28,1082587
1872,"May 28, 2009",4.01,4.11,3.98,4.10,751763
1873,"May 27, 2009",4.03,4.09,3.96,4.03,643409
1874,"May 26, 2009",4.00,4.07,3.95,4.05,1232948
1875,"May 22, 2009",4.08,4.19,3.98,4.00,826547
1876,"May 21, 2009",3.98,4.07,3.87,4.06,1087658
1877,"May 20, 2009",3.80,4.42,3.80,4.07,1941185
1878,"May 19, 2009",3.55,3.86,3.55,3.77,1177994
1879,"May 18, 2009",3.41,3.59,3.40,3.44,894313
1880,"May 15, 2009",3.35,3.58,3.35,3.41,1571959
1881,"May 14, 2009",3.10,3.29,3.06,3.27,658550
1882,"May 13, 2009",3.33,3.40,3.10,3.14,915400
1883,"May 12, 2009",3.44,3.50,3.25,3.42,881232
1884,"May 11, 2009",3.44,3.52,3.30,3.40,1258337
1885,"May 8, 2009",3.50,3.65,3.45,3.62,1096025
1886,"May 7, 2009",3.45,3.58,3.33,3.39,1533565
1887,"May 6, 2009",3.06,3.32,3.06,3.31,1581319
1888,"May 5, 2009",3.03,3.11,2.97,3.02,939687
1889,"May 4, 2009",2.86,3.02,2.85,2.98,1062925
1890,"May 1, 2009",2.72,2.88,2.62,2.80,586553
1891,"Apr 30, 2009",2.78,2.83,2.62,2.67,790611
1892,"Apr 29, 2009",2.68,2.82,2.68,2.77,576146
1893,"Apr 28, 2009",2.74,2.74,2.66,2.66,414937
1894,"Apr 27, 2009",2.81,2.88,2.75,2.80,497999
1895,"Apr 24, 2009",2.89,2.96,2.86,2.93,703694
1896,"Apr 23, 2009",2.88,2.92,2.76,2.81,510078
1897,"Apr 22, 2009",2.80,2.92,2.77,2.85,642331
1898,"Apr 21, 2009",2.75,2.92,2.67,2.79,960783
1899,"Apr 20, 2009",3.05,3.05,2.73,2.77,1027133
1900,"Apr 17, 2009",3.18,3.24,3.12,3.12,982754
1901,"Apr 16, 2009",3.07,3.30,2.96,3.17,1207074
1902,"Apr 15, 2009",2.95,3.09,2.85,3.07,1350849
1903,"Apr 14, 2009",2.72,2.99,2.67,2.92,1265730
1904,"Apr 13, 2009",2.79,2.79,2.65,2.71,587754
1905,"Apr 9, 2009",2.58,2.90,2.57,2.72,1353385
1906,"Apr 8, 2009",2.38,2.59,2.37,2.54,1081571
1907,"Apr 7, 2009",2.42,2.44,2.39,2.41,578051
1908,"Apr 6, 2009",2.55,2.55,2.40,2.45,914376
1909,"Apr 3, 2009",2.61,2.67,2.52,2.54,730295
1910,"Apr 2, 2009",2.57,2.69,2.48,2.69,1145900
1911,"Apr 1, 2009",2.40,2.48,2.28,2.42,878769
1912,"Mar 31, 2009",2.50,2.52,2.41,2.43,562896
1913,"Mar 30, 2009",2.46,2.49,2.27,2.45,1047905
1914,"Mar 27, 2009",2.65,2.66,2.52,2.58,922018
1915,"Mar 26, 2009",2.28,2.70,2.28,2.70,2188340
1916,"Mar 25, 2009",2.25,2.38,2.15,2.28,1837383
1917,"Mar 24, 2009",2.30,2.30,2.18,2.23,1794231
1918,"Mar 23, 2009",2.17,2.31,2.10,2.29,3004805
1919,"Mar 20, 2009",2.44,2.45,2.07,2.22,2734399
1920,"Mar 19, 2009",2.95,3.03,2.34,2.46,4828548
1921,"Mar 18, 2009",2.94,2.98,2.73,2.97,991306
1922,"Mar 17, 2009",2.69,2.98,2.69,2.90,1141429
1923,"Mar 16, 2009",2.68,2.96,2.62,2.73,1339802
1924,"Mar 13, 2009",2.40,2.77,2.36,2.65,1436403
1925,"Mar 12, 2009",2.03,2.32,2.01,2.30,824202
1926,"Mar 11, 2009",2.11,2.20,2.01,2.03,465547
1927,"Mar 10, 2009",2.02,2.12,2.02,2.04,665766
1928,"Mar 9, 2009",2.15,2.16,1.96,1.96,1090653
1929,"Mar 6, 2009",2.00,2.09,1.95,2.08,1206323
1930,"Mar 5, 2009",2.01,2.12,1.91,1.92,724943
1931,"Mar 4, 2009",1.93,2.14,1.93,2.10,1039515
1932,"Mar 3, 2009",2.02,2.06,1.87,1.89,1325846
1933,"Mar 2, 2009",2.27,2.27,1.92,1.92,1278991
1934,"Feb 27, 2009",2.35,2.46,2.30,2.30,578276
1935,"Feb 26, 2009",2.33,2.47,2.32,2.46,939578
1936,"Feb 25, 2009",2.41,2.41,2.21,2.23,809862
1937,"Feb 24, 2009",2.21,2.40,2.10,2.31,1539404
1938,"Feb 23, 2009",2.38,2.45,2.17,2.21,991820
1939,"Feb 20, 2009",2.52,2.59,2.21,2.36,1536554
1940,"Feb 19, 2009",2.64,2.68,2.53,2.59,1037355
1941,"Feb 18, 2009",2.77,2.91,2.56,2.60,1259483
1942,"Feb 17, 2009",2.99,2.99,2.73,2.75,1576025
1943,"Feb 13, 2009",3.13,3.23,3.00,3.08,2074008
1944,"Feb 12, 2009",3.47,3.47,3.13,3.26,1655552
1945,"Feb 11, 2009",3.47,3.60,3.40,3.45,884820
1946,"Feb 10, 2009",3.71,3.71,3.43,3.50,1284173
1947,"Feb 9, 2009",3.70,3.80,3.61,3.63,903842
1948,"Feb 6, 2009",3.72,3.79,3.50,3.64,1932149
1949,"Feb 5, 2009",3.85,3.87,3.70,3.70,1328112
1950,"Feb 4, 2009",3.99,3.99,3.86,3.87,744530
1951,"Feb 3, 2009",3.95,4.01,3.93,3.94,578426
1952,"Feb 2, 2009",4.17,4.19,3.96,3.99,963627
1953,"Jan 30, 2009",4.26,4.31,4.15,4.23,550445
1954,"Jan 29, 2009",4.36,4.36,4.22,4.25,400603
1955,"Jan 28, 2009",4.37,4.41,4.29,4.31,675400
1956,"Jan 27, 2009",4.35,4.37,4.28,4.37,665734
1957,"Jan 26, 2009",4.38,4.46,4.26,4.30,988313
1958,"Jan 23, 2009",4.20,4.38,4.18,4.26,602568
1959,"Jan 22, 2009",4.35,4.38,4.16,4.24,728548
1960,"Jan 21, 2009",4.39,4.41,4.24,4.39,752912
1961,"Jan 20, 2009",4.43,4.47,4.20,4.27,816648
1962,"Jan 16, 2009",4.45,4.53,4.33,4.53,475068
1963,"Jan 15, 2009",4.28,4.42,4.14,4.30,565951
1964,"Jan 14, 2009",4.52,4.57,4.35,4.38,321077
1965,"Jan 13, 2009",4.49,4.64,4.37,4.54,512501
1966,"Jan 12, 2009",4.69,4.69,4.45,4.54,739357
1967,"Jan 9, 2009",4.71,4.74,4.61,4.61,525881
1968,"Jan 8, 2009",4.72,4.82,4.69,4.71,530402
1969,"Jan 7, 2009",5.07,5.07,4.70,4.72,900280
1970,"Jan 6, 2009",4.99,5.20,4.99,5.03,1082721
1971,"Jan 5, 2009",4.62,4.96,4.58,4.85,1106657
1972,"Jan 2, 2009",4.20,4.50,4.17,4.48,921937
