,Date,Open,High,Low,Close,Volume,Chg,% Chg,Adj. Close,Trade Val,# Trades
1,11/01/16,23.60,24.60,23.45,23.90,1058953,0.296894,1.27%,23.6525,25.42m,6509
2,10/31/16,23.30,23.75,23.20,23.60,5474504,-0.296894,-1.26%,23.3556,128.59m,20213
3,10/28/16,24.10,24.60,23.65,23.90,134923,-0.247411,-1.04%,23.6525,3.24m,1292
4,10/27/16,24.25,24.40,23.90,24.15,79326,-0.049482,-0.21%,23.8999,1.91m,695
5,10/26/16,24.10,24.20,23.80,24.20,160789,-0.049482,-0.21%,23.9494,3.86m,1348
6,10/25/16,24.50,24.50,23.797,24.25,120658,-0.197929,-0.82%,23.9989,2.91m,1132
7,10/24/16,24.20,24.45,23.80,24.45,165592,0.346376,1.45%,24.1968,3.99m,1220
8,10/21/16,24.55,24.55,24.05,24.10,113077,-0.494822,-2.03%,23.8504,2.74m,849
9,10/20/16,24.60,24.85,24.30,24.60,144237,-0.098965,-0.40%,24.3452,3.56m,1233
10,10/19/16,24.35,24.945,24.05,24.70,89330,0.395858,1.65%,24.4442,2.19m,735
11,10/18/16,24.15,24.35,23.6875,24.30,141398,0.395857,1.67%,24.0483,3.4m,738
12,10/17/16,24.50,24.65,23.85,23.90,58237,-0.663061,-2.73%,23.6525,1.41m,573
13,10/14/16,25.05,25.2025,24.20,24.57,217111,-0.395858,-1.60%,24.3156,5.32m,1637
14,10/13/16,24.59,25.139,24.47,24.97,77362,0.207826,0.85%,24.7114,1.93m,688
15,10/12/16,24.61,24.97,24.14,24.76,118477,0.039585,0.16%,24.5036,2.9m,955
16,10/11/16,24.96,25.1397,24.62,24.72,82343,-0.405754,-1.63%,24.464,2.04m,779
17,10/10/16,25.03,25.54,24.85,25.13,119443,0.277101,1.13%,24.8698,3m,1082
18,10/07/16,24.70,25.13,24.39,24.85,111126,0.316686,1.30%,24.5927,2.75m,1030
19,10/06/16,24.76,24.93,24.48,24.53,70080,-0.089068,-0.37%,24.276,1.73m,623
20,10/05/16,24.31,24.96,24.31,24.62,85882,0.455236,1.90%,24.365,2.13m,933
21,10/04/16,24.64,24.765,24.03,24.16,80326,-0.44534,-1.83%,23.9098,1.96m,739
22,10/03/16,24.06,24.75,23.72,24.61,124864,0.692751,2.93%,24.3551,3.06m,1185
23,09/30/16,23.99,24.39,23.60,23.91,660101,0.405754,1.74%,23.6624,15.86m,2995
24,09/29/16,24.10,24.10,23.171,23.50,155890,-0.475029,-2.00%,23.2566,3.69m,881
25,09/28/16,24.28,24.37,23.79,23.98,170773,-0.049482,-0.21%,23.7317,4.09m,1146
26,09/27/16,24.43,24.55,24.03,24.03,125476,-0.573994,-2.36%,23.7811,3.04m,797
27,09/26/16,24.50,24.98,24.26,24.61,214044,0.148447,0.61%,24.3551,5.3m,1707
28,09/23/16,24.31,24.58,24.21,24.46,146824,0.098964,0.41%,24.2067,3.59m,1010
29,09/22/16,24.54,24.59,24.04,24.36,173807,0.069275,0.29%,24.1077,4.23m,1478
30,09/21/16,24.59,24.6299,24.12,24.29,85368,-0.039586,-0.16%,24.0385,2.07m,684
31,09/20/16,24.51,24.69,24.20,24.33,87813,-0.158343,-0.65%,24.078,2.14m,650
32,09/19/16,24.48,24.67,24.45,24.49,82212,-0.029689,-0.12%,24.2364,2.02m,946
33,09/16/16,24.55,25.17,24.48,24.52,343701,-0.009896,-0.04%,24.2661,8.49m,1682
34,09/15/16,24.64,25.50,24.50,24.53,171936,-0.108861,-0.45%,24.276,4.31m,1643
35,09/14/16,25.60,25.76,24.56,24.64,180127,-0.128654,-0.52%,24.3848,4.51m,1363
36,09/13/16,25.29,25.7799,24.77,24.77,169539,-0.801612,-3.17%,24.5135,4.25m,1497
37,09/12/16,25.10,26.025,25.10,25.58,100392,0.257308,1.03%,25.3151,2.57m,733
38,09/09/16,25.93,26.04,25.32,25.32,52824,-0.613579,-2.39%,25.0578,1.36m,543
39,09/08/16,25.81,26.24,25.73,25.94,154194,0.326582,1.29%,25.6714,4.01m,1226
40,09/07/16,25.56,25.9699,25.40,25.61,109857,0.178136,0.71%,25.3448,2.81m,973
41,09/06/16,25.25,25.5505,25.25,25.43,101808,0.346375,1.40%,25.1666,2.59m,781
42,09/05/16,,,,25.08,0,,0.00%,24.8203,,
43,09/02/16,25.20,25.27,24.9101,25.08,74388,0.00,0.00%,24.8203,1.87m,596
44,09/01/16,25.21,25.47,24.84,25.08,88230,-0.376064,-1.49%,24.8203,2.22m,805
45,08/31/16,25.66,25.66,25.27,25.46,70896,-0.237515,-0.93%,25.1963,1.8m,694
46,08/30/16,25.61,25.949,25.50,25.70,80888,0.059379,0.23%,25.4339,2.08m,539
47,08/29/16,25.42,25.76,25.2955,25.64,75965,0.13855,0.55%,25.3745,1.94m,507
48,08/26/16,25.01,25.52,25.00,25.50,196283,0.633372,2.57%,25.2359,4.98m,1301
49,08/25/16,24.49,25.15,24.305,24.86,94136,0.44534,1.84%,24.6026,2.34m,870
50,08/24/16,24.97,25.11,24.20,24.41,73259,-0.524511,-2.13%,24.1572,1.8m,604
51,08/23/16,25.24,25.46,24.90,24.94,244562,-0.425547,-1.69%,24.6817,6.13m,1130
52,08/22/16,25.29,25.80,25.01,25.37,148520,-0.118758,-0.47%,25.1073,3.78m,1254
53,08/19/16,26.09,26.09,25.17,25.49,111975,-0.484925,-1.89%,25.226,2.86m,814
54,08/18/16,25.33,26.18,25.26,25.98,214876,0.118757,0.46%,25.711,5.55m,1071
55,08/17/16,25.95,26.1236,25.81,25.86,65791,-0.188032,-0.73%,25.5922,1.71m,435
56,08/16/16,26.02,26.27,25.59,26.05,120752,0.039586,0.15%,25.7802,3.13m,957
57,08/15/16,25.58,26.19,25.47,26.01,77059,0.465132,1.84%,25.7406,1.99m,667
58,08/12/16,25.92,26.09,25.48,25.54,25024,-0.197929,-0.78%,25.2755,642.91k,299
59,08/11/16,24.81,25.75,24.55,25.74,51760,1.0094,4.13%,25.4734,1.3m,417
60,08/10/16,25.58,25.58,24.50,24.72,126335,-0.603683,-2.41%,24.464,3.14m,813
61,08/09/16,25.41,25.79,24.31,25.33,260711,-0.089067,-0.35%,25.0677,6.53m,1437
62,08/08/16,25.63,26.69,25.39,25.42,122286,0.029689,0.12%,25.1568,3.16m,1003
63,08/05/16,26.83,26.99,25.25,25.39,162970,-1.3261,-5.01%,25.1271,4.24m,1146
64,08/04/16,27.40,27.40,26.64,26.73,114834,-0.663062,-2.45%,26.4532,3.1m,723
65,08/03/16,25.90,27.43,25.26,27.40,119390,1.2029,4.64%,27.1162,3.2m,1057
66,08/02/16,26.25,26.7052,25.86,26.1845,149194,0.215789,0.84%,25.9133,3.91m,647
67,08/01/16,26.39,26.75,26.07,26.20,150827,-0.127507,-0.49%,25.6975,3.98m,1572
68,07/29/16,26.48,26.48,26.16,26.33,60721,-0.235398,-0.90%,25.8251,1.6m,586
69,07/28/16,26.27,26.745,26.15,26.57,174786,0.294247,1.14%,26.0604,4.62m,568
70,07/27/16,26.42,26.52,25.90,26.27,100956,-0.117699,-0.45%,25.7662,2.65m,487
71,07/26/16,26.36,26.865,26.28,26.39,192968,0.009808,0.04%,25.8839,5.11m,1534
72,07/25/16,26.67,26.83,26.20,26.38,184462,-0.608109,-2.30%,25.8741,4.87m,719
73,07/22/16,26.85,27.1503,26.51,27.00,118951,-0.098083,-0.37%,26.4822,3.18m,660
74,07/21/16,27.42,27.709,26.615,27.10,95873,-0.529644,-1.95%,26.5803,2.59m,663
75,07/20/16,27.23,27.75,26.88,27.64,99790,0.196165,0.73%,27.1099,2.75m,522
76,07/19/16,27.58,27.65,27.17,27.44,35266,-0.255014,-0.94%,26.9138,964.3k,258
77,07/18/16,27.07,27.72,27.07,27.70,55721,0.50022,1.88%,27.1688,1.53m,400
78,07/15/16,26.71,27.37,26.64,27.19,78487,0.539452,2.06%,26.6686,2.12m,520
79,07/14/16,26.83,27.95,26.55,26.64,344956,0.137315,0.53%,26.1291,9.38m,1561
80,07/13/16,27.45,27.65,26.105,26.50,265056,-1.0299,-3.81%,25.9918,7.03m,1406
81,07/12/16,27.66,27.86,26.58,27.55,124046,-0.137316,-0.51%,27.0217,3.39m,1057
82,07/11/16,27.34,27.72,27.11,27.69,173647,0.568878,2.14%,27.159,4.75m,681
83,07/08/16,27.59,27.63,27.06,27.11,85450,0.00,0.00%,26.5901,2.33m,708
84,07/07/16,28.26,28.70,26.91,27.11,93423,-0.921974,-3.35%,26.5901,2.59m,1027
85,07/06/16,27.73,28.19,27.25,28.05,58778,0.098082,0.36%,27.5121,1.63m,440
86,07/05/16,28.16,28.598,27.51,27.95,98896,-0.402137,-1.45%,27.414,2.76m,952
87,07/04/16,,,,28.36,0,,0.00%,27.8161,,
88,07/01/16,28.25,28.92,28.13,28.36,183978,0.22559,0.82%,27.8161,5.23m,1060
89,06/30/16,27.14,28.50,26.8625,28.13,224188,0.971013,3.65%,27.5905,6.26m,1540
90,06/29/16,27.02,27.33,26.74,27.14,102438,0.510028,1.95%,26.6195,2.77m,998
91,06/28/16,26.66,27.12,26.32,26.62,123349,0.215781,0.83%,26.1095,3.28m,1015
92,06/27/16,27.04,28.09,25.67,26.40,250198,-0.598302,-2.26%,25.8937,6.59m,2081
93,06/24/16,27.44,27.5663,26.30,27.01,159264,-0.82389,-3.02%,26.492,4.29m,1224
94,06/23/16,28.25,28.36,27.60,27.85,352181,-0.147124,-0.54%,27.3159,9.83m,2127
95,06/22/16,28.50,28.98,27.684,28.00,142867,-0.451178,-1.62%,27.463,4.04m,1160
96,06/21/16,28.87,29.22,28.30,28.46,182459,-0.323671,-1.15%,27.9142,5.21m,1134
97,06/20/16,27.46,29.14,27.06,28.79,379741,1.6576,6.24%,28.2379,10.85m,2615
98,06/17/16,27.60,28.23,25.245,27.10,1211116,-0.323671,-1.20%,26.5803,32.53m,6280
99,06/16/16,26.57,27.65,26.57,27.43,234617,0.608109,2.31%,26.904,6.34m,2254
100,06/15/16,27.27,27.63,26.60,26.81,384969,-0.578684,-2.15%,26.2958,10.38m,3113
101,06/14/16,28.11,28.33,27.07,27.40,204125,-0.588494,-2.14%,26.8745,5.59m,1740
102,06/13/16,28.54,29.13,27.99,28.00,117471,-0.735617,-2.61%,27.463,3.34m,1148
103,06/10/16,28.31,29.80,28.31,28.75,253710,0.39233,1.41%,28.1986,7.37m,2087
104,06/09/16,28.74,28.74,28.00,28.35,84639,-0.539452,-1.90%,27.8063,2.39m,568
105,06/08/16,29.50,29.65,28.77,28.90,314801,-0.098083,-0.34%,28.3458,9.15m,2558
106,06/07/16,29.29,29.82,28.98,29.00,161923,-0.196164,-0.68%,28.4438,4.73m,1378
107,06/06/16,29.91,30.01,28.76,29.20,236995,-0.451179,-1.55%,28.64,6.95m,2149
108,06/03/16,29.60,30.44,29.40,29.66,203469,-0.117698,-0.40%,29.0912,6.05m,2036
109,06/02/16,29.18,30.21,28.97,29.78,119846,0.27463,0.95%,29.2089,3.57m,925
110,06/01/16,28.69,30.00,28.69,29.50,103171,0.568877,2.01%,28.9343,3.04m,981
111,05/31/16,28.91,29.87,28.16,28.92,311891,0.147123,0.52%,28.3654,9.1m,2601
112,05/30/16,,,,28.77,0,,0.00%,28.2183,,
113,05/27/16,28.06,28.90,27.56,28.77,224336,0.470795,1.70%,28.2183,6.36m,2122
114,05/26/16,28.71,29.00,27.52,28.29,223368,-0.245205,-0.88%,27.7475,6.28m,2189
115,05/25/16,28.20,28.84,27.77,28.54,110035,0.431561,1.57%,27.9927,3.11m,1018
116,05/24/16,28.59,28.985,28.09,28.10,48973,-0.431561,-1.54%,27.5611,1.39m,505
117,05/23/16,28.82,29.11,28.03,28.54,71146,-0.313864,-1.11%,27.9927,2.03m,678
118,05/20/16,28.75,29.42,28.38,28.86,54955,0.245206,0.87%,28.3065,1.6m,585
119,05/19/16,27.50,28.67,27.50,28.61,54055,1.0887,4.04%,28.0613,1.52m,489
120,05/18/16,28.04,28.65,27.50,27.50,119585,-0.627726,-2.27%,26.9726,3.34m,1034
121,05/17/16,28.32,28.57,28.06,28.14,56161,-0.156932,-0.57%,27.6003,1.59m,670
122,05/16/16,29.28,29.4599,27.78,28.30,87945,-0.608109,-2.14%,27.7573,2.5m,730
123,05/13/16,28.59,29.29,28.57,28.92,55228,0.00,0.00%,28.3654,1.6m,540
124,05/12/16,29.83,29.83,28.45,28.92,58663,-0.637535,-2.20%,28.3654,1.71m,664
125,05/11/16,29.58,29.71,28.65,29.57,82229,0.088274,0.31%,29.0029,2.41m,902
126,05/10/16,29.65,30.08,29.24,29.48,71146,0.16674,0.58%,28.9146,2.1m,612
127,05/09/16,30.21,30.34,28.47,29.31,138211,-0.814082,-2.75%,28.7479,4.04m,1350
128,05/06/16,30.46,30.63,29.70,30.14,177104,-0.784659,-2.59%,29.562,5.34m,1647
129,05/05/16,31.74,32.34,30.52,30.94,58567,-0.333479,-1.09%,30.3466,1.82m,647
130,05/04/16,31.73,32.30,30.90,31.28,61253,-0.313863,-1.01%,30.6801,1.91m,696
131,05/03/16,32.98,32.98,31.04,31.60,135974,-1.7557,-5.36%,30.994,4.31m,1325
132,05/02/16,33.50,34.057,32.94,33.39,66898,-0.147123,-0.45%,32.7497,2.24m,786
133,04/29/16,33.70,34.2326,32.87,33.54,65248,0.416359,1.28%,32.8968,2.19m,654
134,04/28/16,32.9506,34.47,31.96,33.1155,105492,0.292276,0.91%,32.4804,3.52m,1264
135,04/27/16,32.94,33.90,32.50,33.04,77811,0.526078,1.66%,32.1881,2.59m,963
136,04/26/16,32.51,33.36,32.05,32.50,79467,0.379945,1.21%,31.6621,2.61m,765
137,04/25/16,31.53,32.24,31.07,32.11,58591,0.350718,1.13%,31.2821,1.86m,578
138,04/22/16,30.60,31.85,30.50,31.75,80629,1.3736,4.65%,30.9314,2.5m,1080
139,04/21/16,31.52,32.189,30.07,30.34,162754,-1.1106,-3.62%,29.5578,4.98m,879
140,04/20/16,32.27,32.40,30.9121,31.48,168108,-0.876795,-2.78%,30.6684,5.31m,1423
141,04/19/16,31.39,32.50,31.39,32.38,96288,1.0424,3.42%,31.5452,3.1m,1453
142,04/18/16,29.97,31.65,29.65,31.31,53161,1.2275,4.19%,30.5027,1.64m,645
143,04/15/16,30.89,30.89,30.00,30.05,75574,-0.944991,-3.13%,29.2752,2.29m,844
144,04/14/16,31.22,31.22,30.085,31.02,114460,-0.126649,-0.42%,30.2202,3.49m,1069
145,04/13/16,32.47,32.47,30.86,31.15,133084,-1.1593,-3.68%,30.3469,4.24m,1116
146,04/12/16,32.48,32.96,31.886,32.34,93297,0.165617,0.53%,31.5062,3.02m,938
147,04/11/16,33.45,33.45,32.02,32.17,193358,-1.0522,-3.25%,31.3406,6.32m,1600
148,04/08/16,33.05,33.75,32.3283,33.25,60407,0.224071,0.70%,32.3927,2.01m,706
149,04/07/16,32.11,33.31,31.7501,33.02,25289,0.53582,1.69%,32.1687,816.07k,409
150,04/06/16,32.61,32.61,32.01,32.47,36728,0.233812,0.74%,31.6328,1.19m,383
1,04/05/16,32.36,32.45,31.50,32.23,80686,-0.126649,-0.40%,31.399,2.58m,805
2,04/04/16,32.09,33.16,31.515,32.36,142568,-0.077937,-0.25%,31.5257,4.6m,1262
3,04/01/16,33.00,33.49,32.10,32.44,67628,-1.2762,-3.88%,31.6036,2.22m,743
4,03/31/16,33.86,34.12,32.9035,33.75,106720,-0.048711,-0.15%,32.8798,3.58m,1047
5,03/30/16,32.69,33.86,31.81,33.80,137966,1.3444,4.26%,32.9286,4.5m,1154
6,03/29/16,32.15,33.00,31.81,32.42,50046,-0.04871,-0.15%,31.5841,1.62m,546
7,03/28/16,32.7058,32.77,31.71,32.47,46079,-0.019484,-0.06%,31.6328,1.49m,504
8,03/25/16,,,,32.49,0,,0.00%,31.6523,,
9,03/24/16,32.51,33.00,31.99,32.49,46969,-0.321493,-1.01%,31.6523,1.53m,362
10,03/23/16,33.81,34.44,32.81,32.82,51085,-1.0911,-3.30%,31.9738,1.71m,538
11,03/22/16,32.985,34.44,32.985,33.94,37114,1.0716,3.35%,33.0649,1.26m,349
12,03/21/16,34.39,34.9439,32.65,32.84,82530,-1.5587,-4.65%,31.9933,2.81m,827
13,03/18/16,35.37,35.465,34.41,34.44,135814,-0.789116,-2.30%,33.552,4.72m,1479
14,03/17/16,34.58,35.88,34.13,35.25,193837,0.720921,2.14%,34.3412,6.79m,1282
15,03/16/16,32.75,34.76,32.36,34.51,92186,2.0556,6.51%,33.6202,3.11m,913
16,03/15/16,32.80,33.15,31.67,32.40,92177,-0.652727,-2.03%,31.5646,2.99m,0
17,03/14/16,33.37,34.00,32.43,33.07,93110,-0.72092,-2.19%,32.2174,3.1m,0
18,03/11/16,33.94,34.19,32.95,33.81,149996,0.340976,1.05%,32.9383,5.05m,0
19,03/10/16,31.50,33.48,31.10,33.46,114616,2.1335,7.00%,32.5973,3.72m,1097
20,03/09/16,32.46,32.691,31.17,31.27,101254,-0.993701,-3.16%,30.4638,3.2m,900
21,03/08/16,33.75,33.96,31.97,32.29,139900,-1.3542,-4.13%,31.4575,4.6m,1438
22,03/07/16,33.75,33.9895,33.09,33.68,114006,-0.058453,-0.18%,32.8116,3.84m,1078
23,03/04/16,33.79,34.28,32.46,33.74,199783,0.194843,0.60%,32.8701,6.7m,1322
24,03/03/16,32.01,33.60,31.7501,33.54,203144,1.4418,4.62%,32.6753,6.7m,1797
25,03/02/16,30.82,32.06,30.64,32.06,112664,0.974217,3.22%,31.2334,3.54m,1074
26,03/01/16,30.71,31.49,30.13,31.06,70775,0.662469,2.24%,30.2592,2.18m,833
27,02/29/16,29.78,30.71,29.52,30.38,134108,0.886538,3.09%,29.5967,4.03m,789
28,02/26/16,30.14,30.905,29.34,29.47,83476,-0.925507,-3.12%,28.7102,2.53m,799
29,02/25/16,30.52,30.95,29.544,30.42,129208,0.331235,1.13%,29.6357,3.88m,835
30,02/24/16,28.45,30.22,28.0395,30.08,70812,0.789115,2.77%,29.3045,2.08m,616
31,02/23/16,30.72,30.9399,28.75,29.27,79406,-1.3736,-4.60%,28.5153,2.38m,791
32,02/22/16,29.08,30.85,28.98,30.68,181445,2.2699,8.22%,29.889,5.44m,1318
33,02/19/16,29.31,29.33,28.06,28.35,89846,-1.4224,-4.90%,27.6191,2.56m,1085
34,02/18/16,29.75,30.15,28.0501,29.81,97030,0.340976,1.19%,29.0414,2.83m,915
35,02/17/16,28.15,29.93,28.00,29.46,133081,1.7633,6.55%,28.7004,3.89m,968
36,02/16/16,27.40,27.83,26.28,27.65,94964,1.5587,6.14%,26.9371,2.59m,936
37,02/15/16,,,,26.05,0,,0.00%,25.3784,,
38,02/12/16,26.07,26.37,25.65,26.05,207210,0.535819,2.16%,25.3784,5.39m,2048
39,02/11/16,25.50,25.91,25.12,25.50,125408,-0.350718,-1.39%,24.8425,3.2m,993
40,02/10/16,25.77,26.50,25.56,25.86,114511,0.019485,0.08%,25.1933,2.98m,947
41,02/09/16,25.63,26.48,25.40,25.84,76873,-0.146133,-0.58%,25.1738,1.99m,873
42,02/08/16,27.58,27.58,25.22,25.99,305816,-2.2017,-8.00%,25.3199,8.09m,1928
43,02/05/16,28.00,28.69,27.92,28.25,146052,0.243554,0.89%,27.5216,4.12m,1425
44,02/04/16,26.49,28.64,26.352,28.00,135250,1.7439,6.83%,27.2781,3.77m,1384
45,02/03/16,26.14,26.30,25.28,26.21,197642,0.597682,2.40%,25.5342,5.09m,2507
46,02/02/16,26.39,26.72,25.085,25.81,231488,-0.42511,-1.68%,24.9366,5.94m,2614
47,02/01/16,27.51,27.92,25.12,26.25,732059,-1.5942,-5.91%,25.3617,19.06m,5868
48,01/29/16,27.77,29.34,27.52,27.90,195674,0.328494,1.23%,26.9558,5.5m,1723
49,01/28/16,28.16,28.57,27.55,27.56,77484,0.396126,1.51%,26.6273,2.18m,799
50,01/27/16,27.09,27.42,26.14,27.15,106306,0.06763,0.26%,26.2312,2.87m,1347
51,01/26/16,27.31,27.605,26.29,27.08,164615,0.154586,0.59%,26.1636,4.45m,1757
52,01/25/16,27.76,28.17,26.26,26.92,204786,-1.3816,-5.04%,26.009,5.56m,2245
53,01/22/16,27.25,28.71,27.25,28.35,166008,2.0096,7.92%,27.3906,4.66m,1783
54,01/21/16,24.80,26.78,24.80,26.27,241051,1.1691,4.83%,25.381,6.28m,2390
55,01/20/16,24.93,25.84,23.12,25.06,221668,-0.202893,-0.83%,24.2119,5.4m,1836
56,01/19/16,26.92,26.97,25.17,25.27,182902,-1.3913,-5.39%,24.4148,4.74m,1765
57,01/18/16,,,,26.71,0,,0.00%,25.8061,,
58,01/15/16,25.60,27.30,25.55,26.71,130850,0.144924,0.56%,25.8061,3.5m,1484
59,01/14/16,25.50,26.75,25.25,26.56,213383,1.0918,4.44%,25.6612,5.58m,2063
60,01/13/16,26.73,27.135,25.39,25.43,122666,-0.956496,-3.75%,24.5694,3.2m,1261
61,01/12/16,26.98,28.08,25.99,26.42,234149,-0.115939,-0.45%,25.5259,6.24m,1884
62,01/11/16,28.13,28.24,26.41,26.54,244655,-1.7584,-6.42%,25.6419,6.68m,2388
63,01/08/16,28.76,28.82,27.97,28.36,155944,-0.086954,-0.32%,27.4003,4.45m,1370
64,01/07/16,28.63,29.98,28.28,28.45,239600,-1.256,-4.37%,27.4872,6.98m,2432
65,01/06/16,30.31,30.54,29.52,29.75,85543,-1.1111,-3.72%,28.7432,2.56m,867
66,01/05/16,30.86,31.084,30.33,30.90,82502,-0.019323,-0.06%,29.8543,2.53m,781
67,01/04/16,30.62,31.2407,29.8794,30.92,136548,0.251202,0.85%,29.8736,4.19m,1363
68,01/01/16,,,,30.66,0,,0.00%,29.6224,,
69,12/31/15,28.35,30.76,28.35,30.66,289487,2.2608,8.26%,29.6224,8.63m,1973
70,12/30/15,29.00,29.69,27.71,28.32,245839,-1.0048,-3.54%,27.3616,7.03m,2039
71,12/29/15,29.39,29.83,28.9901,29.36,190194,-0.038646,-0.14%,28.3664,5.57m,1798
72,12/28/15,29.46,29.66,28.444,29.40,303316,-0.328494,-1.14%,28.4051,8.89m,2971
73,12/24/15,30.07,30.57,29.74,29.74,80157,-0.183571,-0.63%,28.7336,2.41m,815
74,12/23/15,29.44,30.28,29.27,29.93,145493,0.850221,3.03%,28.9171,4.35m,1234
75,12/22/15,28.07,29.48,27.605,29.05,304835,1.0821,4.01%,28.0669,8.76m,2325
76,12/21/15,27.73,28.47,27.32,27.93,367796,0.289847,1.09%,26.9848,10.27m,1843
77,12/18/15,27.08,28.19,26.981,27.63,160252,0.685973,2.64%,26.695,4.45m,1311
78,12/17/15,27.75,27.99,26.50,26.92,256674,-0.541048,-2.04%,26.009,7.01m,1825
79,12/16/15,25.89,27.91,25.89,27.48,529281,1.0821,4.25%,26.55,14.37m,4063
80,12/15/15,26.43,27.50,25.921,26.36,263406,0.260862,1.03%,25.4679,6.95m,2766
81,12/14/15,26.64,26.77,25.64,26.09,538029,-0.724619,-2.79%,25.2071,14.08m,3931
82,12/11/15,27.49,27.5098,26.0201,26.84,363723,-1.0241,-3.80%,25.9317,9.76m,3841
83,12/10/15,28.60,29.4699,27.83,27.90,297841,-0.782588,-2.82%,26.9558,8.52m,3007
84,12/09/15,29.07,30.58,28.01,28.71,385138,-0.086954,-0.31%,27.7384,11.27m,3543
85,12/08/15,26.07,29.00,26.0501,28.80,259082,1.9227,7.42%,27.8254,7.35m,2070
86,12/07/15,27.80,28.145,26.00,26.81,354870,-1.3816,-5.06%,25.9027,9.53m,2323
87,12/04/15,28.76,29.4199,28.00,28.24,172228,-0.676311,-2.42%,27.2843,4.96m,1732
88,12/03/15,30.34,30.50,28.91,28.94,211721,-1.1401,-3.92%,27.9606,6.27m,1806
89,12/02/15,30.62,31.02,29.90,30.12,161913,-0.840559,-2.81%,29.1007,4.91m,1231
90,12/01/15,32.16,32.41,30.00,30.99,165369,-0.579695,-1.90%,29.9413,5.17m,1359
91,11/30/15,32.01,32.55,31.3101,31.59,129778,-0.521725,-1.68%,30.521,4.12m,1144
92,11/27/15,31.60,32.315,30.97,32.13,50195,0.695635,2.29%,31.0427,1.59m,535
93,11/25/15,31.10,32.08,30.50,31.41,81157,0.144924,0.48%,30.347,2.54m,822
94,11/24/15,30.77,32.38,30.77,31.26,103919,0.763265,2.59%,30.2021,3.28m,918
95,11/23/15,32.45,33.12,30.34,30.47,103706,-2.1642,-6.85%,29.4389,3.3m,1121
96,11/20/15,31.25,33.41,31.25,32.71,186599,1.2463,4.11%,31.6031,6.12m,1696
97,11/19/15,32.76,33.685,31.1601,31.42,96337,-1.6425,-5.13%,30.3567,3.1m,965
98,11/18/15,32.24,33.58,32.24,33.12,103414,1.0435,3.37%,31.9992,3.42m,1215
99,11/17/15,31.45,32.26,30.93,32.04,92305,0.502402,1.65%,30.9557,2.94m,377
100,11/16/15,30.22,31.6499,30.22,31.52,88690,1.3623,4.68%,30.4533,2.76m,459
101,11/13/15,30.24,31.43,29.69,30.11,103798,-0.502403,-1.70%,29.091,3.14m,722
102,11/12/15,31.05,31.21,30.355,30.63,49112,-0.850219,-2.79%,29.5934,1.51m,378
103,11/11/15,32.04,32.37,31.105,31.51,186867,-0.589357,-1.90%,30.4437,5.9m,810
104,11/10/15,31.67,32.60,31.5525,32.12,29466,0.425109,1.39%,31.033,945.1k,383
105,11/09/15,31.18,33.01,30.60,31.68,70430,0.24154,0.80%,30.6079,2.23m,717
106,11/06/15,31.16,31.88,30.58,31.43,40821,-0.106278,-0.35%,30.3664,1.28m,423
107,11/05/15,32.34,32.50,31.15,31.54,53217,-0.869542,-2.77%,30.4726,1.69m,496
108,11/04/15,34.83,34.86,32.3901,32.44,90083,-2.1352,-6.38%,31.3422,3m,764
109,11/03/15,32.15,34.6999,31.71,34.65,127984,2.3284,7.48%,33.4774,4.3m,904
110,11/02/15,33.02,33.7569,31.19,32.24,138033,-0.502401,-1.59%,31.149,4.47m,1229
111,10/30/15,31.25,33.89,31.04,32.76,136890,1.5555,5.17%,31.6514,4.51m,1175
112,10/29/15,30.30,31.39,30.1405,31.35,45334,0.825594,2.82%,30.0958,1.39m,442
113,10/28/15,29.71,30.60,29.36,30.49,76534,0.604798,2.11%,29.2702,2.31m,700
114,10/27/15,31.59,31.59,29.79,29.86,100491,-2.0448,-6.66%,28.6654,3.05m,901
115,10/26/15,31.91,32.62,30.66,31.99,191287,0.182398,0.60%,30.7102,6.14m,1612
116,10/23/15,31.00,31.82,30.11,31.80,63073,0.806396,2.71%,30.5278,1.96m,485
117,10/22/15,31.16,31.29,30.24,30.96,167029,-0.239999,-0.80%,29.7214,5.11m,1101
118,10/21/15,32.90,33.11,31.20,31.21,71029,-1.7472,-5.51%,29.9614,2.27m,590
119,10/20/15,33.28,33.46,33.02,33.03,63394,-0.239999,-0.75%,31.7086,2.1m,608
120,10/19/15,33.33,33.71,32.92,33.28,91400,-0.316797,-0.98%,31.9486,3.05m,762
121,10/16/15,33.17,33.74,32.20,33.61,287168,0.422398,1.33%,32.2654,9.53m,2171
122,10/15/15,31.65,33.23,30.96,33.17,100911,1.1424,3.72%,31.843,3.28m,967
123,10/14/15,30.75,32.395,29.99,31.98,165054,1.3536,4.61%,30.7006,5.17m,1380
124,10/13/15,30.21,30.75,29.96,30.57,68968,0.019199,0.07%,29.347,2.09m,617
125,10/12/15,30.33,30.68,29.83,30.55,120816,0.393599,1.36%,29.3278,3.65m,1174
126,10/09/15,29.83,30.38,29.3101,30.14,60435,0.652795,2.31%,28.9342,1.81m,544
127,10/08/15,28.19,30.2295,27.8701,29.46,442531,1.2192,4.51%,28.2814,12.85m,3142
128,10/07/15,28.11,28.55,26.75,28.19,536455,0.604798,2.29%,27.0622,14.75m,2662
129,10/06/15,28.35,28.35,27.41,27.56,319207,-0.508798,-1.89%,26.4575,8.87m,2052
130,10/05/15,28.40,29.205,27.94,28.09,555799,0.259198,0.97%,26.9662,15.77m,1860
131,10/02/15,26.99,28.06,26.60,27.82,361271,0.604797,2.32%,26.7071,10m,2712
132,10/01/15,27.04,27.75,26.64,27.19,234640,0.326398,1.27%,26.1023,6.35m,2245
133,09/30/15,25.21,27.75,25.19,26.85,342876,1.728,7.19%,25.7759,9.08m,2776
134,09/29/15,27.61,27.95,24.50,25.05,346520,-2.112,-8.07%,24.0479,9.03m,3095
135,09/28/15,28.67,28.75,26.95,27.25,207324,-1.536,-5.55%,26.1599,5.71m,1999
136,09/25/15,28.27,29.305,28.06,28.85,368433,0.499196,1.84%,27.6958,10.56m,1227
137,09/24/15,27.00,28.63,26.00,28.33,374442,1.0656,4.08%,27.1966,10.15m,3272
138,09/23/15,27.93,28.08,26.21,27.22,381047,-0.364798,-1.38%,26.1311,10.28m,2626
139,09/22/15,27.88,28.3599,27.39,27.60,353570,-0.383998,-1.43%,26.4959,9.77m,1858
140,09/21/15,30.12,31.00,27.68,28.00,354404,-1.728,-6.04%,26.8798,10.07m,2542
141,09/18/15,29.21,30.31,29.15,29.80,187466,0.307198,1.09%,28.6078,5.53m,1248
142,09/17/15,30.49,30.49,29.35,29.48,154386,-0.719996,-2.48%,28.3006,4.59m,1065
143,09/16/15,30.23,30.70,29.57,30.23,177765,0.326399,1.14%,29.0206,5.35m,1490
144,09/15/15,30.99,30.99,29.21,29.89,232624,-0.470398,-1.61%,28.6942,6.93m,1410
145,09/14/15,31.30,31.46,29.30,30.38,285656,-0.777595,-2.60%,29.1646,8.55m,2088
146,09/11/15,31.60,32.20,30.7626,31.19,259354,-1.7376,-5.48%,29.9422,8.09m,1572
147,09/10/15,34.29,34.29,32.82,33.00,110998,-0.931194,-2.86%,31.6798,3.69m,822
148,09/09/15,35.37,35.48,33.71,33.97,128933,-0.825595,-2.47%,32.611,4.43m,1158
149,09/08/15,35.70,35.939,34.00,34.83,91367,-0.729596,-2.14%,33.4366,3.19m,795
150,09/04/15,35.68,36.14,35.40,35.59,54128,-0.345599,-1.00%,34.1662,1.93m,481
1,09/03/15,35.93,36.26,35.4849,35.95,60262,0.364799,1.07%,34.5118,2.16m,621
2,09/02/15,35.59,36.20,35.055,35.57,93549,0.115199,0.34%,34.147,3.33m,1044
3,09/01/15,35.99,36.37,35.11,35.45,88177,-1.1424,-3.25%,34.0318,3.14m,833
4,08/31/15,37.07,37.07,35.83,36.64,201116,-0.431997,-1.21%,35.1742,7.26m,2017
5,08/28/15,35.63,37.93,35.63,37.09,143924,1.008,2.91%,35.6062,5.3m,1489
6,08/27/15,33.62,36.23,33.62,36.04,198085,2.3232,7.20%,34.5982,7.01m,1208
7,08/26/15,32.89,33.625,32.3575,33.62,113510,0.835195,2.66%,32.275,3.74m,857
8,08/25/15,32.89,32.89,31.72,32.75,82470,0.806395,2.63%,31.4398,2.67m,622
9,08/24/15,28.00,33.65,27.00,31.91,277277,-1.6224,-5.03%,30.6334,9m,3296
10,08/21/15,33.97,34.05,32.33,33.60,145680,-0.537597,-1.64%,32.2558,4.85m,1582
11,08/20/15,34.70,35.2856,33.84,34.16,101248,-0.681596,-2.04%,32.7934,3.51m,1028
12,08/19/15,35.07,35.40,34.17,34.87,46937,0.134398,0.40%,33.475,1.63m,540
13,08/18/15,34.32,34.8401,34.225,34.73,85829,0.537598,1.64%,33.3406,2.97m,893
14,08/17/15,34.43,35.0517,33.97,34.17,97921,0.230398,0.71%,32.803,3.36m,879
15,08/14/15,33.42,34.11,32.89,33.93,86462,0.566398,1.77%,32.5726,2.9m,826
16,08/13/15,33.44,33.72,33.09,33.34,129364,-0.268798,-0.83%,32.0062,4.32m,1065
17,08/12/15,33.23,34.15,33.10,33.62,106570,0.268798,0.84%,32.275,3.57m,1035
18,08/11/15,33.70,33.92,33.00,33.34,226841,-0.460797,-1.42%,32.0062,7.58m,1607
19,08/10/15,33.65,34.22,32.51,33.82,93743,0.278399,0.86%,32.467,3.15m,1075
20,08/07/15,32.65,33.93,31.5999,33.53,179092,0.921594,2.95%,32.1886,5.83m,1726
21,08/06/15,32.55,33.1801,30.41,32.57,305112,0.067199,0.22%,31.267,9.8m,2436
22,08/05/15,33.98,34.63,31.8901,32.50,245572,-1.3536,-4.16%,31.1998,8.15m,2237
23,08/04/15,34.81,35.00,33.38,33.91,125385,-0.844795,-2.53%,32.5534,4.29m,1202
24,08/03/15,35.14,35.77,34.60,34.79,187448,-0.316799,-0.94%,33.3982,6.58m,1540
25,07/31/15,34.9701,35.60,34.54,35.12,122247,0.141607,0.42%,33.715,4.3m,1324
26,07/30/15,35.29,35.58,34.68,35.16,107345,-0.229168,-0.68%,33.5734,3.78m,1203
27,07/29/15,33.64,35.70,33.64,35.40,101933,1.3655,4.21%,33.8026,3.5m,1089
28,07/28/15,33.85,34.70,33.60,33.97,186313,0.162328,0.50%,32.4371,6.35m,1343
29,07/27/15,33.79,34.23,33.53,33.80,111148,-0.200523,-0.62%,32.2748,3.77m,954
30,07/24/15,35.90,35.90,33.75,34.01,173066,-1.0217,-3.05%,32.4753,5.93m,1505
31,07/23/15,35.06,36.17,34.64,35.08,107167,0.401046,1.21%,33.497,3.79m,1100
32,07/22/15,34.71,35.21,34.32,34.66,162710,-0.23872,-0.72%,33.096,5.65m,1607
33,07/21/15,34.40,35.91,33.60,34.91,133319,0.410598,1.25%,33.3347,4.64m,1385
34,07/20/15,35.56,35.82,34.13,34.48,104641,-1.0217,-3.01%,32.9241,3.66m,1044
35,07/17/15,36.70,36.8274,35.015,35.55,113157,-1.1268,-3.21%,33.9458,4.08m,1083
36,07/16/15,36.06,37.605,33.731,36.73,400036,0.649315,1.89%,35.0726,14.12m,3233
37,07/15/15,37.45,38.04,36.00,36.05,131832,-1.3941,-3.89%,34.4232,4.9m,1190
38,07/14/15,37.64,38.41,37.50,37.51,66463,-0.372403,-1.03%,35.8174,2.52m,681
39,07/13/15,38.77,39.0299,37.50,37.90,116517,-0.849838,-2.29%,36.1898,4.46m,1018
40,07/10/15,38.40,38.92,38.16,38.79,53117,0.668413,1.84%,37.0396,2.06m,298
41,07/09/15,38.27,39.18,37.93,38.09,97271,0.15278,0.42%,36.3712,3.73m,860
42,07/08/15,37.83,38.20,36.99,37.93,82348,-0.066842,-0.18%,36.2184,3.09m,823
43,07/07/15,36.95,38.09,35.37,38.00,124256,0.954875,2.70%,36.2852,4.58m,1100
44,07/06/15,38.84,38.94,36.51,37.00,222227,-1.7952,-4.84%,35.3304,8.39m,2114
45,07/02/15,38.73,39.63,38.34,38.88,263927,0.286463,0.78%,37.1255,10.29m,2044
46,07/01/15,38.12,39.00,38.07,38.58,70971,0.257815,0.70%,36.8391,2.73m,698
47,06/30/15,39.90,40.07,37.71,38.31,165701,-1.4705,-3.86%,36.5813,6.41m,1411
48,06/29/15,40.34,40.51,39.70,39.85,105237,-0.525182,-1.36%,38.0518,4.21m,926
49,06/26/15,40.96,40.98,39.73,40.40,80390,-0.630217,-1.61%,38.577,3.26m,779
50,06/25/15,41.014,41.39,40.83,41.06,167445,0.066842,0.17%,39.2072,6.88m,1195
51,06/24/15,40.70,41.11,40.61,40.99,80085,0.076388,0.20%,39.1403,3.28m,792
52,06/23/15,40.71,41.02,40.24,40.91,138444,0.066843,0.17%,39.0639,5.63m,1370
53,06/22/15,40.94,41.07,39.66,40.84,162959,-0.028647,-0.07%,38.9971,6.61m,1322
54,06/19/15,41.15,41.41,40.70,40.87,571225,-0.238718,-0.61%,39.0257,23.36m,1280
55,06/18/15,41.45,41.82,40.52,41.12,139261,0.133682,0.34%,39.2645,5.73m,1161
56,06/17/15,41.23,41.54,39.69,40.98,192644,-0.028647,-0.07%,39.1308,7.78m,1548
57,06/16/15,40.98,41.23,40.70,41.01,170039,0.362854,0.94%,39.1594,6.97m,1107
58,06/15/15,39.99,41.05,39.8101,40.63,134683,0.362853,0.94%,38.7966,5.47m,1066
59,06/12/15,40.28,40.58,40.10,40.25,228209,0.019097,0.05%,38.4337,9.19m,1065
60,06/11/15,40.42,40.42,40.12,40.23,27593,-0.143232,-0.37%,38.4146,1.11m,291
61,06/10/15,39.90,40.54,39.90,40.38,135845,0.553828,1.46%,38.5579,5.47m,934
62,06/09/15,40.07,40.59,39.68,39.80,90166,-0.687511,-1.78%,38.004,3.62m,780
63,06/08/15,40.40,40.99,40.25,40.52,68725,0.152781,0.40%,38.6915,2.79m,708
64,06/05/15,40.54,41.29,40.10,40.36,145184,0.095488,0.25%,38.5388,5.92m,793
65,06/04/15,40.96,41.17,39.51,40.26,96078,-0.830742,-2.12%,38.4433,3.9m,725
66,06/03/15,42.12,42.52,41.05,41.13,87339,-0.821191,-2.05%,39.274,3.66m,679
67,06/02/15,42.01,42.4199,41.81,41.99,212675,-0.047745,-0.12%,40.0952,8.94m,1312
68,06/01/15,41.93,42.37,41.26,42.04,149395,-0.114585,-0.28%,40.1429,6.27m,1446
69,05/29/15,42.21,42.81,41.78,42.16,122232,0.047744,0.12%,40.2575,5.17m,761
70,05/28/15,42.26,43.11,41.77,42.11,62393,0.095486,0.24%,40.2098,2.66m,521
71,05/27/15,41.802,42.44,41.20,42.01,74891,-0.14323,-0.36%,40.1143,3.14m,650
72,05/26/15,42.21,42.3699,41.44,42.16,41222,-0.152779,-0.38%,40.2575,1.73m,297
73,05/22/15,41.80,44.34,41.41,42.32,77360,0.649314,1.63%,40.4103,3.3m,390
74,05/21/15,41.83,42.65,41.42,41.64,72563,-0.343755,-0.86%,39.761,3.06m,677
75,05/20/15,41.28,42.04,40.8301,42.00,24307,0.668412,1.69%,40.1047,1.01m,169
76,05/19/15,39.99,41.54,39.50,41.30,199485,1.2413,3.25%,39.4363,8.14m,854
77,05/18/15,39.93,40.28,39.82,40.00,53111,0.114585,0.30%,38.195,2.13m,448
78,05/15/15,39.95,40.40,39.50,39.88,193661,-0.066842,-0.18%,38.0804,7.73m,1621
79,05/14/15,39.60,40.26,39.1838,39.95,104120,0.143232,0.38%,38.1473,4.13m,800
80,05/13/15,39.61,40.22,39.4001,39.80,48026,0.047745,0.13%,38.004,1.91m,463
81,05/12/15,40.17,40.17,39.15,39.75,130794,-0.477438,-1.24%,37.9563,5.17m,840
82,05/11/15,40.30,40.61,38.584,40.25,78559,-0.238721,-0.62%,38.4337,3.1m,680
83,05/08/15,40.43,40.63,40.00,40.50,36779,0.08594,0.22%,38.6724,1.48m,297
84,05/07/15,39.80,40.49,38.87,40.41,55530,0.668413,1.76%,38.5865,2.19m,588
85,05/06/15,40.25,40.25,39.50,39.71,57259,-0.267364,-0.70%,37.9181,2.28m,502
86,05/05/15,39.89,40.17,39.60,39.99,59577,0.467886,1.24%,38.1854,2.38m,568
87,05/04/15,41.00,42.00,39.37,39.50,53747,-1.4323,-3.66%,37.7176,2.17m,419
88,05/01/15,40.94,41.28,40.78,41.00,55123,0.310335,0.80%,39.1499,2.26m,505
89,04/30/15,41.02,41.071,40.66,40.85,50197,-0.104585,-0.27%,38.8395,2.05m,542
90,04/29/15,41.03,41.125,40.76,40.96,49927,-0.085572,-0.22%,38.9441,2.04m,489
91,04/28/15,41.5695,41.5695,40.76,41.05,28388,-0.104585,-0.27%,39.0297,1.17m,276
92,04/27/15,41.07,41.39,40.7568,41.16,84561,0.066555,0.17%,39.1343,3.47m,591
93,04/24/15,41.30,41.644,40.86,41.09,46236,-0.199666,-0.51%,39.0677,1.9m,422
94,04/23/15,40.61,41.30,40.61,41.30,27587,0.285235,0.73%,39.2674,1.14m,222
95,04/22/15,40.94,41.20,40.81,41.00,32485,0.190158,0.49%,38.9822,1.33m,301
96,04/21/15,40.93,41.30,40.55,40.80,70472,0.019015,0.05%,38.792,2.88m,695
97,04/20/15,41.30,41.30,40.73,40.78,49212,-0.456376,-1.16%,38.773,2.02m,350
98,04/17/15,40.73,41.29,40.54,41.26,115100,0.370806,0.95%,39.2294,4.73m,789
99,04/16/15,40.79,41.62,40.44,40.87,129823,0.190156,0.49%,38.8586,5.32m,891
100,04/15/15,39.78,40.80,39.39,40.67,99977,0.912753,2.42%,38.6684,3.99m,771
101,04/14/15,39.64,40.00,39.50,39.71,67491,0.028525,0.08%,37.7556,2.69m,594
102,04/13/15,39.65,39.89,39.3322,39.68,225930,0.03803,0.10%,37.7271,8.94m,864
103,04/10/15,38.75,39.65,38.70,39.64,34691,0.65604,1.77%,37.6891,1.37m,373
104,04/09/15,38.95,39.17,38.18,38.95,100753,0.123603,0.33%,37.033,3.92m,905
105,04/08/15,37.13,39.12,37.13,38.82,103004,1.6163,4.58%,36.9094,3.98m,963
106,04/07/15,37.84,39.77,36.90,37.12,228973,-0.456376,-1.28%,35.2931,8.64m,1131
107,04/06/15,38.81,39.50,37.354,37.60,1056118,-1.1029,-2.99%,35.7495,39.57m,1390
108,04/02/15,41.11,41.254,38.75,38.76,66913,-1.8445,-4.77%,36.8524,2.69m,593
109,04/01/15,41.57,41.9999,40.49,40.70,60092,-0.770135,-1.95%,38.6969,2.49m,639
110,03/31/15,39.92,41.8799,39.59,41.51,157798,1.255,3.28%,39.4671,6.41m,1341
111,03/30/15,39.34,40.27,39.02,40.19,87008,1.16,3.13%,38.212,3.47m,636
112,03/27/15,40.18,40.25,38.61,38.97,61777,-0.78915,-2.09%,37.0521,2.46m,431
113,03/26/15,39.17,40.149,39.105,39.80,118606,0.684565,1.84%,37.8412,4.72m,1012
114,03/25/15,38.49,39.85,37.82,39.08,306773,0.646534,1.77%,37.1566,12.05m,833
115,03/24/15,37.36,39.09,37.16,38.40,61170,0.57047,1.59%,36.5101,2.3m,478
116,03/23/15,37.62,37.9299,36.71,37.80,54481,-0.057049,-0.16%,35.9396,2.03m,534
117,03/20/15,37.43,39.23,36.901,37.86,75020,0.494409,1.39%,35.9967,2.85m,559
118,03/19/15,36.82,39.38,36.82,37.34,49339,0.285235,0.81%,35.5023,1.89m,503
119,03/18/15,36.70,39.014,36.27,37.04,76905,0.076063,0.22%,35.2171,2.9m,714
120,03/17/15,35.88,37.99,35.75,36.96,153449,0.827182,2.41%,35.141,5.62m,1097
121,03/16/15,37.10,37.26,35.83,36.09,229963,-1.1885,-3.35%,34.3138,8.38m,1945
122,03/13/15,37.65,38.48,37.03,37.34,81578,-0.618009,-1.71%,35.5023,3.08m,624
123,03/12/15,38.77,38.9548,36.835,37.99,55132,-0.522933,-1.43%,36.1203,2.09m,458
124,03/11/15,39.90,40.64,38.17,38.54,57073,-1.3406,-3.53%,36.6432,2.26m,602
125,03/10/15,37.55,39.9699,36.07,39.95,90539,1.816,5.02%,37.9838,3.4m,722
126,03/09/15,39.78,40.229,38.03,38.04,78728,-1.8065,-4.76%,36.1678,3.11m,545
127,03/06/15,39.74,40.88,39.54,39.94,98209,0.00,0.00%,37.9743,3.94m,868
128,03/05/15,40.94,41.49,39.295,39.94,70674,-0.370805,-0.97%,37.9743,2.86m,559
129,03/04/15,40.55,40.94,40.26,40.33,40138,-0.579978,-1.49%,38.3451,1.63m,333
130,03/03/15,40.94,42.305,40.54,40.94,150588,-0.13311,-0.34%,38.9251,6.21m,509
131,03/02/15,41.40,41.90,40.38,41.08,86714,0.076061,0.20%,39.0582,3.57m,632
132,02/27/15,41.18,42.00,40.85,41.00,47640,0.019016,0.05%,38.9822,1.97m,345
133,02/26/15,41.98,42.00,40.73,40.98,29816,-0.874722,-2.20%,38.9631,1.24m,309
134,02/25/15,41.03,41.99,40.76,41.90,49101,0.75112,1.92%,39.8379,2.04m,443
135,02/24/15,41.88,42.00,40.71,41.11,59495,-0.465885,-1.18%,39.0867,2.45m,477
136,02/23/15,40.84,41.68,40.60,41.60,60055,0.808168,2.09%,39.5526,2.47m,454
137,02/20/15,39.16,41.54,38.71,40.75,85961,1.3596,3.64%,38.7445,3.42m,622
138,02/19/15,39.85,39.85,39.20,39.32,18481,-0.408836,-1.08%,37.3848,726.84k,153
139,02/18/15,39.95,40.05,39.54,39.75,43881,-0.237697,-0.63%,37.7937,1.75m,346
140,02/17/15,39.95,41.03,39.80,40.00,55029,0.057047,0.15%,38.0314,2.21m,486
141,02/13/15,39.90,40.49,39.90,39.94,43267,0.00,0.00%,37.9743,1.73m,541
142,02/12/15,39.62,40.80,39.02,39.94,64927,0.722597,1.94%,37.9743,2.59m,457
143,02/11/15,38.35,40.00,37.83,39.18,141427,0.4849,1.32%,37.2517,5.54m,900
144,02/10/15,38.62,39.30,37.5501,38.67,102617,0.294742,0.81%,36.7668,3.97m,835
145,02/09/15,40.39,40.93,38.02,38.36,139410,-1.5593,-4.10%,36.4721,5.48m,804
146,02/06/15,38.382,40.48,37.70,40.00,172786,1.5308,4.19%,38.0314,6.76m,1516
147,02/05/15,38.00,39.13,37.68,38.39,122308,0.751119,2.10%,36.5006,4.72m,779
148,02/04/15,37.77,38.47,37.25,37.60,161246,-0.475392,-1.31%,35.7495,6.11m,1052
149,02/03/15,35.90,38.19,35.57,38.10,126895,2.4245,7.17%,36.2249,4.75m,982
150,02/02/15,35.00,35.70,34.7392,35.55,80648,0.665549,2.01%,33.8004,2.86m,526
1,01/30/15,33.52,34.99,33.52,34.85,72472,1.0638,3.32%,33.1348,2.49m,587
2,01/29/15,34.36,34.9599,33.7605,33.87,70851,-0.426099,-1.31%,32.071,2.44m,452
3,01/28/15,35.09,35.09,34.2388,34.32,89969,-0.303005,-0.92%,32.4971,3.11m,632
4,01/27/15,34.98,35.34,34.51,34.64,94711,-0.606006,-1.81%,32.8001,3.3m,800
5,01/26/15,35.26,35.85,34.87,35.28,96418,0.255661,0.77%,33.4061,3.4m,413
6,01/23/15,34.67,37.069,34.67,35.01,191882,0.094687,0.29%,33.1504,6.78m,714
7,01/22/15,35.35,35.42,34.26,34.91,132984,-0.028406,-0.09%,33.0558,4.65m,734
8,01/21/15,34.28,34.94,34.00,34.94,131418,0.766975,2.37%,33.0842,4.53m,531
9,01/20/15,34.00,35.10,33.60,34.13,226280,0.804853,2.55%,32.3172,7.74m,928
10,01/16/15,33.23,34.00,33.20,33.28,48485,-0.104157,-0.33%,31.5123,1.63m,338
11,01/15/15,33.77,34.6099,33.16,33.39,112330,-0.293534,-0.92%,31.6165,3.79m,606
12,01/14/15,33.96,35.94,33.40,33.70,194289,-0.624944,-1.92%,31.91,6.62m,1429
13,01/13/15,35.80,35.97,34.30,34.36,102258,-0.861666,-2.58%,32.535,3.59m,823
14,01/12/15,35.72,36.165,34.83,35.27,284986,-0.804853,-2.35%,33.3966,10.07m,1808
15,01/09/15,36.00,36.43,35.55,36.12,265777,0.142034,0.42%,34.2015,9.61m,1668
16,01/08/15,35.78,36.22,35.20,35.97,395951,0.842726,2.54%,34.0595,14.08m,1562
17,01/07/15,35.60,35.73,34.59,35.08,409716,-0.104156,-0.31%,33.2167,14.42m,1724
18,01/06/15,36.17,36.7946,35.18,35.19,178320,-0.596537,-1.76%,33.3209,6.45m,1283
19,01/05/15,38.16,38.53,35.20,35.82,266691,-2.6134,-7.15%,33.9174,9.63m,1844
20,01/02/15,39.10,39.38,37.63,38.58,339821,-0.58707,-1.58%,36.5308,13.06m,2072
21,12/31/14,38.75,39.40,37.819,39.20,323156,0.58707,1.61%,37.1179,12.41m,2378
22,12/30/14,38.12,38.93,37.56,38.58,142219,0.435565,1.21%,36.5308,5.45m,1263
23,12/29/14,37.65,39.08,37.02,38.12,505061,0.871136,2.47%,36.0953,19.23m,1108
24,12/26/14,36.45,37.56,36.3254,37.20,224291,0.757508,2.20%,35.2241,8.29m,1258
25,12/24/14,36.35,37.1765,35.66,36.40,216662,0.378755,1.11%,34.4666,7.9m,1002
26,12/23/14,35.53,36.33,34.41,36.00,201476,0.454505,1.35%,34.0879,7.17m,1450
27,12/22/14,35.00,35.81,35.00,35.52,267752,0.39769,1.20%,33.6334,9.49m,1672
28,12/19/14,34.88,35.5262,34.37,35.10,274909,0.33141,1.01%,33.2357,9.63m,1380
29,12/18/14,35.40,37.31,33.66,34.75,312988,0.33141,1.02%,32.9043,11m,2315
30,12/17/14,33.47,34.99,32.83,34.40,302611,1.3446,4.31%,32.5728,10.31m,1764
31,12/16/14,32.84,33.715,32.78,32.98,263612,0.028406,0.09%,31.2283,8.73m,1087
32,12/15/14,33.20,33.75,32.21,32.95,254178,-0.047346,-0.15%,31.1999,8.39m,1878
33,12/12/14,31.13,34.56,31.02,33.00,223193,1.07,3.55%,31.2472,7.34m,587
34,12/11/14,31.50,34.82,31.23,31.87,146720,0.634413,2.15%,30.1772,4.82m,1354
35,12/10/14,31.32,31.6602,30.6058,31.20,169668,-0.284066,-0.95%,29.5428,5.24m,907
36,12/09/14,31.64,31.89,30.68,31.50,520431,-0.757507,-2.48%,29.8269,16.21m,1419
37,12/08/14,34.43,34.74,31.60,32.30,461780,-2.1116,-6.46%,30.5844,14.9m,2170
38,12/05/14,35.36,35.50,33.87,34.53,147744,-0.643882,-1.93%,32.6959,5.11m,1140
39,12/04/14,33.20,35.64,33.02,35.21,278130,2.0926,6.70%,33.3398,9.46m,1933
40,12/03/14,32.08,33.95,31.76,33.00,216899,1.231,4.10%,31.2472,7.16m,1704
41,12/02/14,29.75,33.97,29.2994,31.70,476328,1.9222,6.84%,30.0163,15m,3225
42,12/01/14,30.96,31.67,29.49,29.67,246528,-1.3067,-4.44%,28.0941,7.5m,1692
43,11/28/14,31.88,32.44,30.25,31.05,166437,-1.3635,-4.43%,29.4008,5.15m,1282
44,11/26/14,31.85,33.35,30.94,32.49,485458,0.842729,2.82%,30.7643,15.61m,2945
45,11/25/14,31.75,32.46,31.10,31.60,457106,-0.189378,-0.63%,29.9216,14.47m,3252
46,11/24/14,32.10,33.595,31.41,31.80,258483,-0.397693,-1.30%,30.1109,8.43m,2103
47,11/21/14,32.58,33.06,32.10,32.22,445800,0.018939,0.06%,30.5086,14.44m,2660
48,11/20/14,32.35,33.275,31.92,32.20,237787,0.037876,0.12%,30.4897,7.74m,1817
49,11/19/14,32.64,32.82,31.80,32.16,208257,-0.511318,-1.65%,30.4518,6.7m,1107
50,11/18/14,33.54,33.57,32.34,32.70,159807,-0.871135,-2.74%,30.9631,5.25m,1233
51,11/17/14,34.78,34.99,33.15,33.62,276085,-0.833259,-2.55%,31.8343,9.37m,1209
52,11/14/14,34.61,35.07,34.16,34.50,192884,-0.06628,-0.20%,32.6675,6.68m,1321
53,11/13/14,34.65,35.1899,34.38,34.57,134575,0.255658,0.79%,32.7338,4.69m,1048
54,11/12/14,34.00,35.39,33.79,34.30,216009,-0.009469,-0.03%,32.4782,7.49m,1574
55,11/11/14,33.79,35.51,33.79,34.31,326038,0.65335,2.05%,32.4876,11.27m,1773
56,11/10/14,33.39,35.63,33.39,33.62,199442,0.549195,1.76%,31.8343,6.87m,1464
57,11/07/14,32.80,35.81,32.45,33.04,229770,0.748038,2.45%,31.2851,7.75m,1388
58,11/06/14,31.24,32.48,30.88,32.25,158877,0.766978,2.58%,30.537,4.99m,1248
59,11/05/14,31.13,31.93,30.70,31.44,117199,1.0794,3.76%,29.7701,3.69m,753
60,11/04/14,30.74,30.80,30.26,30.30,132157,-0.757509,-2.57%,28.6906,4.03m,954
61,11/03/14,30.00,31.21,29.60,31.10,131442,1.1836,4.19%,29.4481,4.01m,741
62,10/31/14,29.80,30.00,29.51,29.85,101344,0.142034,0.51%,28.2645,3.02m,571
63,10/30/14,29.55,30.02,28.94,29.70,127126,0.028407,0.10%,28.1225,3.76m,907
64,10/29/14,29.82,31.55,29.38,29.67,292394,0.255659,0.92%,28.0941,8.82m,1415
65,10/28/14,28.95,29.9999,28.70,29.40,182178,0.899539,3.34%,27.8384,5.35m,1028
66,10/27/14,27.88,28.56,27.722,28.45,41213,0.520789,1.97%,26.9389,1.16m,275
67,10/24/14,28.00,28.55,27.75,27.90,89980,0.142032,0.54%,26.4181,2.53m,532
68,10/23/14,27.48,28.10,27.17,27.75,181682,0.672289,2.63%,26.2761,5m,1296
69,10/22/14,28.00,28.00,27.00,27.04,339127,-0.293535,-1.13%,25.6038,9.26m,1829
70,10/21/14,27.26,28.68,27.02,27.35,896625,0.094688,0.37%,25.8973,24.57m,3904
71,10/20/14,29.05,29.05,27.20,27.25,284879,-0.539723,-2.05%,25.8026,7.84m,1787
72,10/17/14,26.80,29.20,26.50,27.82,676837,-0.549194,-2.04%,26.3423,19.04m,3943
73,10/16/14,26.13,29.44,25.81,28.40,1117126,1.8843,7.54%,26.8915,31.52m,6220
74,10/15/14,22.50,27.96,21.81,26.41,13727025,25.0072,0.00%,25.0072,335.05m,55488
