,# Trades,# trades,% Chg,% chg,Adj. Close,Chg,Close,Date,High,Low,N,Open,Trade Val,Volume,adj. close,buy_signal,chg,close,date,exit,high,low,max_50,min_20,next_buy,open,stop,trade val
1,9690,,-0.61%,,117.38,-0.72,117.38,08/08/17,119.419,116.88,,117.40,100.24m,848730,,,,,,,,,,,,,,
2,8394,,-0.23%,,118.10,-0.27,118.10,08/07/17,118.835,117.44,,118.52,98.12m,830539,,,,,,,,,,,,,,
3,9825,,1.77%,,118.37,2.06,118.37,08/04/17,118.66,117.01,,117.20,108.79m,920644,,,,,,,,,,,,,,
4,12583,,1.11%,,116.31,1.28,116.31,08/03/17,117.08,115.2061,,115.48,136.73m,1177313,,,,,,,,,,,,,,
5,12706,,-2.82%,,115.03,-3.34,115.03,08/02/17,117.0396,114.06,,115.87,150.37m,1307115,,,,,,,,,,,,,,
6,9825,,-0.50%,,118.37,-0.59,118.37,08/01/17,118.66,117.01,,117.20,108.79m,920644,,,,,,,,,,,,,,
7,9889,,-0.64%,,118.96,-0.77,118.96,07/31/17,120.25,118.42,,119.92,103.57m,869708,,,,,,,,,,,,,,
8,11448,,-0.86%,,119.73,-1.04,119.73,07/28/17,120.94,119.03,,120.61,133.1m,1109360,,,,,,,,,,,,,,
9,12412,,0.50%,,120.77,0.60,120.77,07/27/17,121.23,118.71,,120.19,130.77m,1087528,,,,,,,,,,,,,,
10,10354,,-0.83%,,120.17,-1.01,120.17,07/26/17,122.17,119.761,,122.17,114.37m,949536,,,,,,,,,,,,,,
11,17336,,2.36%,,121.18,2.79,121.18,07/25/17,122.96,119.69,,119.77,212.29m,1749359,,,,,,,,,,,,,,
12,15743,,-0.77%,,118.39,-0.92,118.39,07/24/17,120.46,117.53,,119.50,160.49m,1355798,,,,,,,,,,,,,,
13,17350,,-2.64%,,119.31,-3.23,119.31,07/21/17,121.53,119.25,,120.75,213.88m,1782197,,,,,,,,,,,,,,
14,34313,,3.24%,,122.54,3.84,122.54,07/20/17,126.26,121.39,,124.00,441.26m,3581607,,,,,,,,,,,,,,
15,16014,,1.04%,,118.70,1.22,118.70,07/19/17,119.19,117.04,,117.48,210.75m,1781705,,,,,,,,,,,,,,
16,16590,,-0.26%,,117.48,-0.31,117.48,07/18/17,117.84,116.30,,117.34,201.94m,1723720,,,,,,,,,,,,,,
17,13824,,0.49%,,117.79,0.58,117.79,07/17/17,119.44,117.16,,118.62,177.88m,1506042,,,,,,,,,,,,,,
18,11168,,2.15%,,117.21,2.47,117.21,07/14/17,117.65,114.33,,115.07,147.21m,1260469,,,,,,,,,,,,,,
19,12977,,0.42%,,114.74,0.48,114.74,07/13/17,116.10,113.34,,116.10,211.19m,1844270,,,,,,,,,,,,,,
20,12998,,0.50%,,114.26,0.57,114.26,07/12/17,117.32,114.06,,114.73,144.95m,1258245,,,,,,,,,,,,,,
21,8569,,0.13%,,113.69,0.15,113.69,07/11/17,114.08,111.92,,113.83,92.79m,817543,,,,,,,,,,,,,,
22,10554,,0.88%,,113.54,0.99,113.54,07/10/17,114.65,111.09,,112.06,126.04m,1114824,,,,,,,,,,,,,,
23,10420,,0.18%,,112.55,0.20,112.55,07/07/17,113.02,111.105,,112.39,115.09m,1024759,,,,,,,,,,,,,,
24,20939,,-1.68%,,112.35,-1.92,112.35,07/06/17,115.395,111.92,,114.18,255.87m,2251166,,,,,,,,,,,,,,
25,16413,,0.94%,,114.27,1.06,114.27,07/05/17,117.55,112.76,,113.76,218.05m,1906074,,,,,,,,,,,,,,
26,18198,,2.74%,,112.71,3.01,112.71,06/30/17,113.87,110.515,,110.71,232.42m,2065235,,,,,,,,,,,,,,
27,20322,,1.12%,,109.70,1.21,109.70,06/29/17,113.66,108.79,,109.71,268.81m,2428393,,,,,,,,,,,,,,
28,12344,,2.56%,,108.49,2.71,108.49,06/28/17,109.09,106.82,,107.09,136.98m,1264341,,,,,,,,,,,,,,
29,13111,,-0.31%,,105.78,-0.33,105.78,06/27/17,108.65,105.75,,106.79,138.47m,1292659,,,,,,,,,,,,,,
30,8754,,1.20%,,106.11,1.26,106.11,06/26/17,107.18,104.96,,104.96,91.34m,862372,,,,,,,,,,,,,,
31,11597,,0.99%,,104.85,1.03,104.85,06/23/17,105.755,103.28,,104.00,165.41m,1580009,,,,,,,,,,,,,,
32,12851,,2.16%,,103.82,2.20,103.82,06/22/17,104.35,101.30,,102.17,142.55m,1377152,,,,,,,,,,,,,,
33,14654,,-2.20%,,101.62,-2.29,101.62,06/21/17,104.74,100.621,,104.26,194.59m,1902782,,,,,,,,,,,,,,
34,16531,,-2.84%,,103.91,-3.04,103.91,06/20/17,106.22,102.42,,106.22,216.81m,2093050,,,,,,,,,,,,,,
35,10406,,1.66%,,106.95,1.75,106.95,06/19/17,107.45,105.38,,105.64,108.74m,1018160,,,,,,,,,,,,,,
36,15751,,1.65%,,105.20,1.71,105.20,06/16/17,105.22,102.73,,103.66,196.71m,1882246,,,,,,,,,,,,,,
37,19598,,-1.26%,,103.49,-1.32,103.49,06/15/17,105.6743,102.86,,103.76,222.08m,2141304,,,,,,,,,,,,,,
38,26618,,-6.13%,,104.81,-6.85,104.81,06/14/17,111.24,104.07,,111.24,322.16m,3048774,,,,,,,,,,,,,,
39,14882,,-0.14%,,111.66,-0.16,111.66,06/13/17,111.95,109.64,,111.35,179.07m,1614923,,,,,,,,,,,,,,
40,20696,,1.45%,,111.82,1.60,111.82,06/12/17,112.50,109.92,,110.67,217.13m,1946524,,,,,,,,,,,,,,
41,20288,,3.45%,,110.22,3.68,110.22,06/09/17,110.80,106.61,,106.84,232.12m,2118862,,,,,,,,,,,,,,
42,11523,,1.22%,,106.54,1.28,106.54,06/08/17,108.08,104.87,,105.13,132.87m,1242857,,,,,,,,,,,,,,
43,13697,,-1.00%,,105.26,-1.06,105.26,06/07/17,106.81,104.58,,106.67,157.81m,1496167,,,,,,,,,,,,,,
44,18815,,0.55%,,106.32,0.58,106.32,06/06/17,106.59,103.48,,105.05,210.49m,1993843,,,,,,,,,,,,,,
45,25808,,-2.53%,,105.74,-2.75,105.74,06/05/17,108.40,104.24,,108.40,302.03m,2856445,,,,,,,,,,,,,,
46,16502,,-1.35%,,108.49,-1.48,108.49,06/02/17,109.71,108.16,,109.66,172.36m,1582747,,,,,,,,,,,,,,
47,17493,,1.14%,,109.97,1.24,109.97,06/01/17,112.36,109.0049,,109.58,194.59m,1759250,,,,,,,,,,,,,,
48,16164,,-1.74%,,108.73,-1.92,108.73,05/31/17,111.07,106.32,,110.35,229.68m,2129400,,,,,,,,,,,,,,
49,9717,,-0.47%,,110.65,-0.52,110.65,05/30/17,112.07,109.97,,110.73,124.4m,1122125,,,,,,,,,,,,,,
50,8575,,-0.21%,,111.17,-0.23,111.17,05/26/17,111.86,109.95,,111.00,87.24m,787333,,,,,,,,,,,,,,
51,15735,,0.53%,,111.40,0.59,111.40,05/25/17,113.93,110.26,,110.86,189.22m,1684925,,,,,,,,,,,,,,
52,13635,,-0.44%,,110.81,-0.49,110.81,05/24/17,113.35,110.27,,111.21,162.53m,1457946,,,,,,,,,,,,,,
53,7507,,0.63%,,111.30,0.70,111.30,05/23/17,111.31,109.26,,110.58,115.94m,1047870,,,,,,,,,,,,,,
54,10089,,0.45%,,110.60,0.50,110.60,05/22/17,111.26,109.19,,110.68,111.03m,1006998,,,,,,,,,,,,,,
55,17109,,3.38%,,110.10,3.60,110.10,05/19/17,110.59,106.91,,106.92,186.65m,1706189,,,,,,,,,,,,,,
56,24390,,1.33%,,106.50,1.40,106.50,05/18/17,107.40,102.73,,104.21,273.18m,2588699,,,,,,,,,,,,,,
57,23670,,-5.93%,,105.10,-6.62,105.10,05/17/17,110.50,104.72,,109.94,254.65m,2397764,,,,,,,,,,,,,,
58,14595,,-1.85%,,111.72,-2.11,111.72,05/16/17,114.02,110.62,,113.68,151.83m,1357993,,,,,,,,,,,,,,
59,11874,,1.49%,,113.83,1.67,113.83,05/15/17,114.75,112.65,,113.1344,151.98m,1333047,,,,,,,,,,,,,,
60,13165,,-1.98%,,112.16,-2.27,112.16,05/12/17,113.6592,111.24,,113.60,134.46m,1200066,,,,,,,,,,,,,,
61,16144,,0.18%,,114.43,0.20,114.43,05/11/17,115.17,111.38,,113.80,169.98m,1491353,,,,,,,,,,,,,,
62,17475,,2.26%,,114.23,2.53,114.23,05/10/17,114.95,111.3673,,111.75,202.56m,1779940,,,,,,,,,,,,,,
63,13679,,0.02%,,111.70,0.02,111.70,05/09/17,112.55,111.07,,112.02,147.94m,1324199,,,,,,,,,,,,,,
64,20705,,2.50%,,111.68,2.72,111.68,05/08/17,112.15,110.68,,110.74,246.82m,2212846,,,,,,,,,,,,,,
65,13538,,1.49%,,108.96,1.60,108.96,05/05/17,109.05,106.8482,,107.57,147.92m,1365250,,,,,,,,,,,,,,
66,16076,,-0.32%,,107.36,-0.34,107.36,05/04/17,107.93,105.73,,107.70,171.93m,1606037,,,,,,,,,,,,,,
67,13497,,-0.85%,,107.70,-0.92,107.70,05/03/17,108.77,106.61,,107.67,154.18m,1434252,,,,,,,,,,,,,,
68,14151,,-0.24%,,108.62,-0.26,108.62,05/02/17,109.78,107.62,,108.98,151.64m,1400893,,,,,,,,,,,,,,
69,15594,,-0.71%,,108.88,-0.78,108.88,05/01/17,110.00,107.06,,109.81,177.77m,1640155,,,,,,,,,,,,,,
70,23575,,0.13%,,109.66,0.14,109.66,04/28/17,112.88,109.2252,,111.94,283.72m,2562314,,,,,,,,,,,,,,
71,26463,,-3.42%,,109.52,-3.88,109.52,04/27/17,113.40,108.01,,112.89,306.58m,2798810,,,,,,,,,,,,,,
72,15340,,0.09%,,113.40,0.10,113.40,04/26/17,114.86,113.17,,113.30,174.9m,1534379,,,,,,,,,,,,,,
73,19879,,-0.23%,,113.30,-0.26,113.30,04/25/17,115.23,112.53,,114.35,229.57m,2021258,,,,,,,,,,,,,,
74,22704,,1.88%,,113.56,2.10,113.56,04/24/17,114.79,113.11,,113.71,295m,2589236,,,,,,,,,,,,,,
75,32528,,-1.57%,,111.46,-1.78,111.46,04/21/17,113.25,108.82,,112.90,415.2m,3743439,,,,,,,,,,,,,,
76,57229,,-5.20%,,113.24,-6.21,113.24,04/20/17,114.635,110.60,,113.74,780.37m,6931688,,,,,,,,,,,,,,
77,26935,,-0.34%,,119.45,-0.41,119.45,04/19/17,122.59,118.979,,120.96,342.59m,2840120,,,,,,,,,,,,,,
78,14583,,-0.90%,,119.86,-1.09,119.86,04/18/17,120.505,117.93,,119.77,159.97m,1339190,,,,,,,,,,,,,,
79,12943,,1.39%,,120.95,1.66,120.95,04/17/17,120.97,119.05,,120.01,156.7m,1302928,,,,,,,,,,,,,,
80,12863,,-1.52%,,119.29,-1.84,119.29,04/13/17,123.21,119.25,,121.32,159.7m,1324175,,,,,,,,,,,,,,
81,14975,,-3.81%,,121.13,-4.80,121.13,04/12/17,126.06,120.816,,125.56,183.66m,1505961,,,,,,,,,,,,,,
82,10413,,-0.02%,,125.93,-0.03,125.93,04/11/17,126.56,124.02,,125.99,119.72m,954204,,,,,,,,,,,,,,
83,13740,,2.07%,,125.96,2.55,125.96,04/10/17,126.57,123.94,,124.37,181.54m,1442285,,,,,,,,,,,,,,
84,11995,,-0.48%,,123.41,-0.59,123.41,04/07/17,125.43,123.0801,,123.59,156.52m,1264630,,,,,,,,,,,,,,
85,12404,,2.43%,,124.00,2.94,124.00,04/06/17,124.96,121.20,,121.51,156.32m,1263309,,,,,,,,,,,,,,
86,16535,,-2.19%,,121.06,-2.71,121.06,04/05/17,126.765,120.28,,125.00,204.68m,1657547,,,,,,,,,,,,,,
87,9431,,-0.05%,,123.77,-0.06,123.77,04/04/17,124.89,122.73,,123.12,103.01m,831541,,,,,,,,,,,,,,
88,13797,,-0.98%,,123.83,-1.22,123.83,04/03/17,125.28,121.62,,125.11,155.29m,1258014,,,,,,,,,,,,,,
89,11816,,0.71%,,125.05,0.88,125.05,03/31/17,126.19,123.18,,123.35,122.57m,979314,,,,,,,,,,,,,,
90,9246,,0.43%,,124.17,0.53,124.17,03/30/17,124.55,122.97,,123.66,108.21m,873688,,,,,,,,,,,,,,
91,12104,,0.32%,,123.64,0.40,123.64,03/29/17,125.03,122.57,,123.06,132.51m,1069554,,,,,,,,,,,,,,
92,16352,,3.08%,,123.24,3.68,123.24,03/28/17,124.66,119.22,,119.59,201.12m,1636583,,,,,,,,,,,,,,
93,13772,,-0.94%,,119.56,-1.13,119.56,03/27/17,120.01,115.10,,117.455,168.11m,1422380,,,,,,,,,,,,,,
94,13045,,-0.11%,,120.69,-0.13,120.69,03/24/17,122.75,119.53,,121.33,152.5m,1259849,,,,,,,,,,,,,,
95,11638,,0.37%,,120.82,0.44,120.82,03/23/17,122.48,119.43,,119.70,128.48m,1058618,,,,,,,,,,,,,,
96,14140,,0.31%,,120.38,0.37,120.38,03/22/17,121.48,118.14,,119.33,167.83m,1394253,,,,,,,,,,,,,,
97,17228,,-3.98%,,120.01,-4.98,120.01,03/21/17,125.75,119.59,,125.33,216.96m,1795441,,,,,,,,,,,,,,
98,8501,,-0.16%,,124.99,-0.20,124.99,03/20/17,125.84,123.01,,124.47,118.6m,950029,,,,,,,,,,,,,,
99,8181,,-0.07%,,125.19,-0.09,125.19,03/17/17,126.78,125.15,,125.72,122.87m,977990,,,,,,,,,,,,,,
100,12520,,-0.85%,,125.28,-1.07,125.28,03/16/17,128.46,124.92,,127.00,172.6m,1369699,,,,,,,,,,,,,,
101,17683,,3.46%,,126.35,4.23,126.35,03/15/17,127.04,122.76,,123.20,267.97m,2135101,,,,,,,,,,,,,,
102,17872,,-1.67%,,122.12,-2.08,122.12,03/14/17,122.18,119.30,,122.16,247.6m,2049695,,,,,,,,,,,,,,
103,13079,,1.02%,,124.20,1.25,124.20,03/13/17,125.06,122.98,,122.98,169.52m,1362806,,,,,,,,,,,,,,
104,15092,,0.80%,,122.95,0.97,122.95,03/10/17,124.80,121.34,,123.62,178.49m,1453985,,,,,,,,,,,,,,
105,25553,,-1.87%,,121.98,-2.32,121.98,03/09/17,125.22,120.59,,124.00,376.53m,3077047,,,,,,,,,,,,,,
106,18966,,-3.00%,,124.30,-3.85,124.30,03/08/17,129.975,124.16,,128.84,253.57m,2010196,,,,,,,,,,,,,,
107,14700,,-1.26%,,128.15,-1.63,128.15,03/07/17,130.50,127.46,,129.37,192.81m,1497110,,,,,,,,,,,,,,
108,12963,,0.82%,,129.78,1.06,129.78,03/06/17,130.16,126.90,,127.22,186.08m,1443563,,,,,,,,,,,,,,
109,13727,,-0.22%,,128.72,-0.29,128.72,03/03/17,130.15,126.92,,129.01,188.79m,1470844,,,,,,,,,,,,,,
110,17876,,-3.26%,,129.01,-4.35,129.01,03/02/17,133.24,128.65,,133.11,255.65m,1962750,,,,,,,,,,,,,,
111,22842,,4.16%,,133.36,5.33,133.36,03/01/17,134.28,130.77,,130.79,331.85m,2489110,,,,,,,,,,,,,,
112,14287,,-0.14%,,128.03,-0.18,128.03,02/28/17,128.69,126.00,,126.81,196.91m,1539734,,,,,,,,,,,,,,
113,16609,,3.27%,,128.21,4.06,128.21,02/27/17,128.86,124.21,,124.71,223.16m,1748867,,,,,,,,,,,,,,
114,19422,,2.69%,,124.15,3.25,124.15,02/24/17,124.70,119.11,,119.36,278.56m,2269350,,,,,,,,,,,,,,
115,25706,,-5.59%,,120.90,-7.16,120.90,02/23/17,129.86,120.34,,129.06,376.06m,3065963,,,,,,,,,,,,,,
116,10377,,-0.67%,,128.06,-0.87,128.06,02/22/17,128.14,126.35,,127.84,143.52m,1125137,,,,,,,,,,,,,,
117,11713,,2.30%,,128.93,2.90,128.93,02/21/17,129.52,126.44,,126.65,168.7m,1311905,,,,,,,,,,,,,,
118,11594,,-1.43%,,126.03,-1.83,126.03,02/17/17,126.95,125.02,,126.95,140.95m,1120698,,,,,,,,,,,,,,
119,10530,,-1.02%,,127.86,-1.32,127.86,02/16/17,129.2788,126.43,,128.67,126.23m,989567,,,,,,,,,,,,,,
120,11805,,0.30%,,129.18,0.39,129.18,02/15/17,129.57,127.185,,128.50,146.04m,1135234,,,,,,,,,,,,,,
121,10491,,0.79%,,128.79,1.01,128.79,02/14/17,129.00,126.06,,127.24,122.14m,953538,,,,,,,,,,,,,,
122,16813,,0.52%,,127.78,0.66,127.78,02/13/17,128.91,127.15,,127.31,229.1m,1789809,,,,,,,,,,,,,,
123,13783,,1.34%,,127.12,1.68,127.12,02/10/17,127.54,125.3948,,126.15,166.16m,1313726,,,,,,,,,,,,,,
124,15883,,0.63%,,125.44,0.79,125.44,02/09/17,126.64,123.77,,125.00,192.18m,1531925,,,,,,,,,,,,,,
125,18366,,-1.26%,,124.65,-1.59,124.65,02/08/17,125.89,123.06,,125.89,231.19m,1863360,,,,,,,,,,,,,,
126,13083,,-0.06%,,126.24,-0.07,126.24,02/07/17,127.49,125.3975,,126.68,158.3m,1255041,,,,,,,,,,,,,,
127,13677,,-1.82%,,126.31,-2.34,126.31,02/06/17,128.7183,125.88,,127.80,175.33m,1382357,,,,,,,,,,,,,,
128,14705,,1.23%,,128.65,1.56,128.65,02/03/17,129.60,127.82,,127.82,202.69m,1576429,,,,,,,,,,,,,,
129,16426,,-2.16%,,127.09,-2.80,127.09,02/02/17,128.9009,126.281,,127.34,224.56m,1764819,,,,,,,,,,,,,,
130,25253,,2.67%,,129.89,3.38,129.89,02/01/17,131.19,127.53,,127.53,371.12m,2868404,,,,,,,,,,,,,,
131,28738,,-1.76%,,126.51,-2.26,126.51,01/31/17,129.60,124.13,,129.00,461.9m,3671240,,,,,,,,,,,,,,
132,24689,,0.40%,,128.77,0.51,128.77,01/30/17,128.93,124.72,,128.74,350.85m,2762396,,,,,,,,,,,,,,
133,23166,,0.94%,,128.26,1.20,128.26,01/27/17,128.64,125.20,,126.60,315.26m,2468422,,,,,,,,,,,,,,
134,51954,,11.20%,,127.06,12.80,127.06,01/26/17,129.39,122.05,,123.42,828.93m,6527764,,,,,,,,,,,,,,
135,25011,,0.57%,,114.26,0.65,114.26,01/25/17,115.61,112.5901,,115.00,347.34m,3048053,,,,,,,,,,,,,,
136,18521,,3.18%,,113.61,3.50,113.61,01/24/17,114.47,110.525,,111.15,202.32m,1783756,,,,,,,,,,,,,,
137,13067,,-0.97%,,110.11,-1.08,110.11,01/23/17,111.25,109.41,,110.98,144.61m,1312167,,,,,,,,,,,,,,
138,12231,,0.67%,,111.19,0.74,111.19,01/20/17,111.945,110.44,,110.98,139.19m,1252302,,,,,,,,,,,,,,
139,16591,,-0.51%,,110.45,-0.57,110.45,01/19/17,112.50,109.61,,110.71,179.54m,1614742,,,,,,,,,,,,,,
140,19227,,3.53%,,111.02,3.79,111.02,01/18/17,111.30,107.09,,107.47,227.3m,2067511,,,,,,,,,,,,,,
141,12231,,0.17%,,107.23,0.18,107.23,01/17/17,108.11,105.65,,106.72,130.44m,1219629,,,,,,,,,,,,,,
142,10157,,0.48%,,107.05,0.51,107.05,01/13/17,108.30,106.24,,106.50,102.21m,953646,,,,,,,,,,,,,,
143,14950,,-2.49%,,106.54,-2.72,106.54,01/12/17,109.35,105.33,,109.00,158.92m,1490947,,,,,,,,,,,,,,
144,15196,,0.33%,,109.26,0.36,109.26,01/11/17,109.99,107.69,,108.91,167.58m,1538483,,,,,,,,,,,,,,
145,21189,,2.58%,,108.90,2.74,108.90,01/10/17,110.609,106.81,,106.81,233.15m,2139026,,,,,,,,,,,,,,
146,16480,,-2.94%,,106.16,-3.22,106.16,01/09/17,108.90,106.12,,108.12,193.79m,1811425,,,,,,,,,,,,,,
147,11706,,-0.70%,,109.38,-0.77,109.38,01/06/17,111.00,108.91,,110.29,126.33m,1147753,,,,,,,,,,,,,,
148,11429,,0.25%,,110.15,0.28,110.15,01/05/17,111.81,108.215,,109.90,148.4m,1348320,,,,,,,,,,,,,,
149,12391,,0.51%,,109.87,0.56,109.87,01/04/17,110.50,108.40,,109.50,119.24m,1090853,,,,,,,,,,,,,,
150,18438,,3.53%,,109.31,3.73,109.31,01/03/17,110.79,107.30,,107.88,207.09m,1903183,,,,,,,,,,,,,,
1,10691,,-1.05%,,105.58,-1.12,105.58,12/30/16,107.5499,104.699,,107.10,123.56m,1168489,,,,,,,,,,,,,,
2,7641,,0.46%,,106.70,0.49,106.70,12/29/16,107.77,105.87,,106.58,80.08m,751568,,,,,,,,,,,,,,
3,12005,,-2.18%,,106.21,-2.37,106.21,12/28/16,109.55,105.73,,108.76,124.82m,1170003,,,,,,,,,,,,,,
4,6656,,0.48%,,108.58,0.52,108.58,12/27/16,109.31,108.25,,108.50,63.5m,584306,,,,,,,,,,,,,,
5,6190,,1.12%,,108.06,1.20,108.06,12/23/16,108.53,107.46,,107.46,58.28m,539649,,,,,,,,,,,,,,
6,9931,,-1.49%,,106.86,-1.62,106.86,12/22/16,108.98,106.11,,108.26,112.23m,1047870,,,,,,,,,,,,,,
7,16879,,1.15%,,108.48,1.23,108.48,12/21/16,108.62,106.95,,107.06,159.98m,1480679,,,,,,,,,,,,,,
8,10096,,0.92%,,107.25,0.98,107.25,12/20/16,108.06,106.14,,106.46,108.77m,1013761,,,,,,,,,,,,,,
9,10619,,0.53%,,106.27,0.56,106.27,12/19/16,107.68,105.64,,106.18,104.73m,982815,,,,,,,,,,,,,,
10,13216,,-1.33%,,105.71,-1.43,105.71,12/16/16,107.49,105.56,,107.42,212.25m,1998191,,,,,,,,,,,,,,
11,17453,,1.99%,,107.14,2.09,107.14,12/15/16,108.24,104.22,,104.88,203.91m,1907407,,,,,,,,,,,,,,
12,15435,,-1.18%,,105.05,-1.25,105.05,12/14/16,107.16,104.65,,105.59,147.81m,1399603,,,,,,,,,,,,,,
13,14503,,-0.68%,,106.30,-0.73,106.30,12/13/16,107.40,105.361,,106.88,170.36m,1602468,,,,,,,,,,,,,,
14,17597,,-0.90%,,107.03,-0.97,107.03,12/12/16,108.83,103.71,,108.68,197.62m,1848405,,,,,,,,,,,,,,
15,14672,,-0.28%,,108.00,-0.30,108.00,12/09/16,109.63,107.25,,108.68,165.11m,1527643,,,,,,,,,,,,,,
16,18271,,-0.75%,,108.30,-0.82,108.30,12/08/16,109.90,106.59,,109.39,202.95m,1871984,,,,,,,,,,,,,,
17,18253,,1.82%,,109.12,1.95,109.12,12/07/16,109.75,106.76,,107.02,209.63m,1926973,,,,,,,,,,,,,,
18,14724,,1.77%,,107.17,1.86,107.17,12/06/16,107.58,104.40,,104.62,161.92m,1524927,,,,,,,,,,,,,,
19,16782,,0.44%,,105.31,0.46,105.31,12/05/16,106.42,104.87,,105.27,200.99m,1904005,,,,,,,,,,,,,,
20,21296,,0.54%,,104.85,0.56,104.85,12/02/16,105.57,103.251,,103.89,231.02m,2206761,,,,,,,,,,,,,,
21,33825,,3.15%,,104.29,3.18,104.29,12/01/16,105.70,101.245,,101.47,401.2m,3847652,,,,,,,,,,,,,,
22,26918,,4.99%,,101.11,4.81,101.11,11/30/16,101.87,98.51,,98.51,330.42m,3275398,,,,,,,,,,,,,,
23,15261,,0.11%,,96.30,0.11,96.30,11/29/16,97.29,94.20,,94.59,152.81m,1586882,,,,,,,,,,,,,,
24,18936,,-1.97%,,96.19,-1.93,96.19,11/28/16,97.93,94.83,,97.11,190.03m,1977582,,,,,,,,,,,,,,
25,20619,,3.50%,,97.35,3.29,97.35,11/23/16,97.67,94.23,,94.23,237.35m,2451183,,,,,,,,,,,,,,
26,12338,,0.21%,,94.06,0.20,94.06,11/22/16,94.60,93.28,,94.39,129.54m,1380926,,,,,,,,,,,,,,
27,17831,,3.20%,,93.86,2.91,93.86,11/21/16,94.15,91.72,,91.87,191.15m,2048436,,,,,,,,,,,,,,
28,14284,,-1.39%,,90.95,-1.28,90.95,11/18/16,92.80,90.77,,92.74,132.63m,1449679,,,,,,,,,,,,,,
29,11814,,0.12%,,92.23,0.11,92.23,11/17/16,92.88,91.51,,92.00,109.08m,1181109,,,,,,,,,,,,,,
30,18168,,-2.15%,,92.12,-2.02,92.12,11/16/16,93.20,90.78,,91.01,179.22m,1948065,,,,,,,,,,,,,,
31,18590,,-0.58%,,94.14,-0.55,94.14,11/15/16,94.18,91.57,,93.91,192.22m,2062710,,,,,,,,,,,,,,
32,31998,,3.83%,,94.69,3.49,94.69,11/14/16,96.60,91.28,,91.90,352.68m,3713596,,,,,,,,,,,,,,
33,27348,,1.90%,,91.20,1.70,91.20,11/11/16,91.23,88.17,,88.96,265.77m,2953164,,,,,,,,,,,,,,
34,44796,,0.72%,,89.50,0.64,89.50,11/10/16,92.80,88.46,,89.04,435.44m,4807380,,,,,,,,,,,,,,
35,69113,,17.12%,,88.86,12.99,88.86,11/09/16,90.07,82.70,,82.90,849.76m,9739027,,,,,,,,,,,,,,
36,18008,,-0.32%,,75.87,-0.24,75.87,11/08/16,76.24,74.43,,75.40,137.18m,1817198,,,,,,,,,,,,,,
37,15531,,5.47%,,76.11,3.95,76.11,11/07/16,76.16,74.24,,74.39,129.38m,1712246,,,,,,,,,,,,,,
38,16563,,-0.18%,,72.16,-0.13,72.16,11/04/16,73.75,71.55,,72.37,129.61m,1783799,,,,,,,,,,,,,,
39,20413,,1.93%,,72.29,1.37,72.29,11/03/16,73.03,70.74,,71.31,169m,2340051,,,,,,,,,,,,,,
40,21527,,-2.89%,,70.92,-2.11,70.92,11/02/16,73.36,70.58,,72.61,169.83m,2378402,,,,,,,,,,,,,,
41,18876,,-3.48%,,73.03,-2.63,73.03,11/01/16,76.06,72.261,,75.89,142.62m,1943089,,,,,,,,,,,,,,
42,13110,,0.36%,,75.66,0.27,75.66,10/31/16,75.95,74.90,,75.60,102.79m,1361533,,,,,,,,,,,,,,
43,13383,,-1.15%,,75.39,-0.88,75.39,10/28/16,76.72,74.86,,76.36,104.53m,1380997,,,,,,,,,,,,,,
44,13174,,0.11%,,76.27,0.08,76.27,10/27/16,76.78,75.40,,76.59,103.32m,1358518,,,,,,,,,,,,,,
45,16631,,-0.39%,,76.19,-0.30,76.19,10/26/16,76.82,75.31,,75.92,139.53m,1834452,,,,,,,,,,,,,,
46,16533,,-0.10%,,76.49,-0.08,76.49,10/25/16,77.48,75.60,,76.20,150.94m,1967652,,,,,,,,,,,,,,
47,20447,,-3.30%,,76.57,-2.61,76.57,10/24/16,78.65,76.35,,78.65,167.06m,2169788,,,,,,,,,,,,,,
48,14656,,0.06%,,79.18,0.05,79.18,10/21/16,79.80,78.04,,78.30,141.18m,1785395,,,,,,,,,,,,,,
49,35028,,4.70%,,79.13,3.55,79.13,10/20/16,81.50,77.04,,80.00,339.85m,4268736,,,,,,,,,,,,,,
50,24954,,-1.13%,,75.58,-0.86,75.58,10/19/16,76.85,75.44,,76.65,214.89m,2826333,,,,,,,,,,,,,,
51,15394,,0.98%,,76.44,0.74,76.44,10/18/16,77.22,76.06,,76.86,135.74m,1768583,,,,,,,,,,,,,,
52,16198,,0.57%,,75.70,0.43,75.70,10/17/16,76.02,74.31,,74.91,166.53m,2203747,,,,,,,,,,,,,,
53,23205,,-3.76%,,75.27,-2.94,75.27,10/14/16,76.90,75.05,,76.39,204.15m,2695566,,,,,,,,,,,,,,
54,14254,,-2.46%,,78.21,-1.97,78.21,10/13/16,79.16,77.17,,79.13,120.36m,1542540,,,,,,,,,,,,,,
55,10695,,0.86%,,80.18,0.68,80.18,10/12/16,80.555,79.18,,79.61,85.92m,1073938,,,,,,,,,,,,,,
56,12545,,-2.19%,,79.50,-1.78,79.50,10/11/16,81.28,78.94,,81.28,106.94m,1341809,,,,,,,,,,,,,,
57,12499,,0.64%,,81.28,0.52,81.28,10/10/16,82.24,80.69,,81.39,107.1m,1316823,,,,,,,,,,,,,,
58,18352,,-2.94%,,80.76,-2.45,80.76,10/07/16,82.83,80.415,,82.83,169.42m,2086308,,,,,,,,,,,,,,
59,23441,,3.26%,,83.21,2.63,83.21,10/06/16,83.56,80.64,,80.64,213.02m,2570612,,,,,,,,,,,,,,
60,15207,,1.79%,,80.58,1.42,80.58,10/05/16,81.54,79.63,,79.98,166.46m,2055415,,,,,,,,,,,,,,
61,18615,,0.29%,,79.16,0.23,79.16,10/04/16,80.88,78.83,,80.15,157.16m,1970021,,,,,,,,,,,,,,
62,15460,,0.56%,,78.93,0.44,78.93,10/03/16,79.54,78.02,,78.38,130.87m,1657868,,,,,,,,,,,,,,
63,20533,,2.82%,,78.49,2.15,78.49,09/30/16,78.91,76.86,,77.11,203.27m,2598349,,,,,,,,,,,,,,
64,23532,,1.60%,,76.34,1.20,76.34,09/29/16,76.98,74.7605,,75.00,192.72m,2522367,,,,,,,,,,,,,,
65,19800,,2.62%,,75.14,1.92,75.14,09/28/16,75.29,73.23,,73.47,188.35m,2529137,,,,,,,,,,,,,,
66,16441,,-0.99%,,73.22,-0.73,73.22,09/27/16,73.95,72.85,,73.52,140.33m,1916232,,,,,,,,,,,,,,
67,20036,,-2.12%,,73.95,-1.60,73.95,09/26/16,76.00,73.82,,75.36,148.43m,1994297,,,,,,,,,,,,,,
68,18880,,0.21%,,75.55,0.16,75.55,09/23/16,77.24,74.99,,75.28,163.92m,2158085,,,,,,,,,,,,,,
69,20371,,-0.36%,,75.39,-0.27,75.39,09/22/16,76.89,74.973,,76.42,176.1m,2330978,,,,,,,,,,,,,,
70,25428,,0.13%,,75.66,0.10,75.66,09/21/16,76.965,74.60,,76.34,198.86m,2638985,,,,,,,,,,,,,,
71,23166,,-4.57%,,75.56,-3.62,75.56,09/20/16,79.49,75.56,,79.49,188.95m,2470635,,,,,,,,,,,,,,
72,11645,,1.98%,,79.18,1.54,79.18,09/19/16,80.335,78.45,,78.77,93.05m,1172239,,,,,,,,,,,,,,
73,16552,,-2.11%,,77.64,-1.67,77.64,09/16/16,78.68,77.07,,78.32,166.25m,2139375,,,,,,,,,,,,,,
74,14393,,0.79%,,79.31,0.62,79.31,09/15/16,79.63,78.19,,78.72,106.06m,1341593,,,,,,,,,,,,,,
75,18020,,2.18%,,78.69,1.68,78.69,09/14/16,79.09,76.62,,77.17,143.16m,1829464,,,,,,,,,,,,,,
76,23488,,-3.59%,,77.01,-2.87,77.01,09/13/16,79.09,76.53,,78.66,182.02m,2349478,,,,,,,,,,,,,,
77,18404,,2.54%,,79.88,1.98,79.88,09/12/16,80.03,76.54,,77.03,158.27m,2000412,,,,,,,,,,,,,,
78,23996,,-7.13%,,77.90,-5.98,77.90,09/09/16,82.71,77.88,,82.40,207.45m,2616264,,,,,,,,,,,,,,
79,12071,,-0.05%,,83.88,-0.04,83.88,09/08/16,84.63,82.85,,83.88,111.97m,1333708,,,,,,,,,,,,,,
80,16318,,2.39%,,83.92,1.96,83.92,09/07/16,83.995,81.99,,82.52,155.86m,1869855,,,,,,,,,,,,,,
81,8106,,0.00%,,81.96,0.00,81.96,09/06/16,82.345,81.34,,81.96,80.14m,979105,,,,,,,,,,,,,,
82,9458,,0.99%,,81.96,0.80,81.96,09/02/16,83.04,81.681,,81.95,77.15m,937209,,,,,,,,,,,,,,
83,13830,,-1.40%,,81.16,-1.15,81.16,09/01/16,82.30,79.699,,82.00,111.94m,1384096,,,,,,,,,,,,,,
84,14269,,-0.62%,,82.31,-0.51,82.31,08/31/16,82.6015,80.78,,82.50,138.92m,1695488,,,,,,,,,,,,,,
85,10043,,-0.08%,,82.82,-0.07,82.82,08/30/16,83.67,82.2636,,82.91,84.39m,1019147,,,,,,,,,,,,,,
86,10049,,0.77%,,82.89,0.63,82.89,08/29/16,83.59,82.06,,82.25,88.6m,1067152,,,,,,,,,,,,,,
87,17688,,1.29%,,82.26,1.05,82.26,08/26/16,83.76,81.42,,81.57,154.25m,1867704,,,,,,,,,,,,,,
88,9465,,0.31%,,81.21,0.25,81.21,08/25/16,81.61,80.597,,80.73,75.7m,932966,,,,,,,,,,,,,,
89,12692,,-1.41%,,80.96,-1.16,80.96,08/24/16,82.83,80.68,,81.96,121.33m,1482302,,,,,,,,,,,,,,
90,14844,,2.48%,,82.12,1.99,82.12,08/23/16,82.50,80.69,,80.73,145.62m,1774621,,,,,,,,,,,,,,
91,10197,,-0.12%,,80.13,-0.10,80.13,08/22/16,80.51,79.01,,79.68,90.33m,1128417,,,,,,,,,,,,,,
92,12839,,-0.72%,,80.23,-0.58,80.23,08/19/16,80.57,79.12,,80.24,110.77m,1387940,,,,,,,,,,,,,,
93,16675,,4.11%,,80.81,3.19,80.81,08/18/16,81.37,78.16,,78.16,169.49m,2106073,,,,,,,,,,,,,,
94,9967,,-0.33%,,77.62,-0.26,77.62,08/17/16,78.05,77.16,,77.92,80.27m,1035164,,,,,,,,,,,,,,
95,10260,,-1.70%,,77.88,-1.35,77.88,08/16/16,79.25,77.77,,79.08,90.25m,1154230,,,,,,,,,,,,,,
96,10648,,1.10%,,79.23,0.86,79.23,08/15/16,79.69,78.635,,78.67,91.92m,1160184,,,,,,,,,,,,,,
97,11044,,-0.66%,,78.37,-0.52,78.37,08/12/16,79.47,77.85,,78.68,96.04m,1223268,,,,,,,,,,,,,,
98,12751,,1.32%,,78.89,1.03,78.89,08/11/16,79.42,78.01,,78.49,109.64m,1389729,,,,,,,,,,,,,,
99,10439,,-1.24%,,77.86,-0.98,77.86,08/10/16,79.30,77.74,,79.24,82.55m,1056394,,,,,,,,,,,,,,
100,13445,,-0.79%,,78.84,-0.63,78.84,08/09/16,80.815,78.53,,79.10,112.18m,1409766,,,,,,,,,,,,,,
101,9821,,0.03%,,79.47,0.02,79.47,08/08/16,80.76,79.08,,79.96,80.9m,1017708,,,,,,,,,,,,,,
102,16531,,3.28%,,79.45,2.52,79.45,08/05/16,79.785,77.23,,77.52,143.17m,1804054,,,,,,,,,,,,,,
103,12221,,0.43%,,76.93,0.33,76.93,08/04/16,77.215,75.93,,76.17,93.95m,1222879,,,,,,,,,,,,,,
104,11647,,1.70%,,76.60,1.28,76.60,08/03/16,76.71,75.32,,75.47,97.9m,1284724,,,,,,,,,,,,,,
105,20033,,-2.62%,,75.32,-2.03,75.32,08/02/16,78.05,74.33,,77.58,167.99m,2224609,,,,,,,,,,,,,,
106,23538,,-2.91%,,77.35,-2.32,77.35,08/01/16,79.65,76.79,,79.63,191.54m,2461763,,,,,,,,,,,,,,
107,14998,,-0.21%,,79.67,-0.17,79.67,07/29/16,80.00,78.66,,79.62,125.95m,1582570,,,,,,,,,,,,,,
108,16131,,-0.88%,,79.84,-0.71,79.84,07/28/16,80.595,78.94,,80.34,122.26m,1533315,,,,,,,,,,,,,,
109,16966,,0.64%,,80.55,0.51,80.55,07/27/16,81.50,79.48,,80.60,148.01m,1841123,,,,,,,,,,,,,,
110,21233,,2.17%,,80.04,1.70,80.04,07/26/16,80.35,78.245,,78.30,184.81m,2316329,,,,,,,,,,,,,,
111,21473,,0.15%,,78.34,0.12,78.34,07/25/16,79.33,77.89,,78.10,187.3m,2384025,,,,,,,,,,,,,,
112,31526,,2.58%,,78.22,1.97,78.22,07/22/16,78.58,75.51,,76.89,281.2m,3599976,,,,,,,,,,,,,,
113,73634,,9.15%,,76.25,6.39,76.25,07/21/16,80.68,75.41,,76.07,744.54m,9560155,,,,,,,,,,,,,,
114,22573,,2.84%,,69.86,1.93,69.86,07/20/16,70.09,67.64,,68.00,192.68m,2774352,,,,,,,,,,,,,,
115,15945,,-1.81%,,67.93,-1.25,67.93,07/19/16,68.63,67.09,,68.41,122.91m,1816240,,,,,,,,,,,,,,
116,13756,,-1.34%,,69.18,-0.94,69.18,07/18/16,69.87,68.65,,69.87,103.74m,1500363,,,,,,,,,,,,,,
117,13119,,0.76%,,70.12,0.53,70.12,07/15/16,70.96,69.53,,69.98,98.68m,1403265,,,,,,,,,,,,,,
118,12396,,0.51%,,69.59,0.35,69.59,07/14/16,70.06,67.81,,68.74,92.44m,1330152,,,,,,,,,,,,,,
119,15017,,-1.49%,,69.24,-1.05,69.24,07/13/16,70.89,68.46,,70.48,106.66m,1536358,,,,,,,,,,,,,,
120,16666,,2.97%,,70.29,2.03,70.29,07/12/16,70.56,69.22,,69.38,119.23m,1699905,,,,,,,,,,,,,,
121,10408,,1.22%,,68.26,0.82,68.26,07/11/16,69.22,68.0501,,68.09,66.16m,966370,,,,,,,,,,,,,,
122,12560,,4.35%,,67.44,2.81,67.44,07/08/16,67.60,65.59,,65.59,85.57m,1274635,,,,,,,,,,,,,,
123,20853,,1.52%,,64.63,0.97,64.63,07/07/16,65.74,63.795,,64.15,127.68m,1971489,,,,,,,,,,,,,,
124,17775,,0.30%,,63.66,0.19,63.66,07/06/16,63.86,61.92,,62.81,120.11m,1897498,,,,,,,,,,,,,,
125,17107,,-4.67%,,63.47,-3.11,63.47,07/05/16,66.34,62.63,,65.88,109.4m,1722885,,,,,,,,,,,,,,
126,19528,,-0.77%,,66.58,-0.52,66.58,07/01/16,67.50,65.81,,66.96,141.67m,2127368,,,,,,,,,,,,,,
127,15622,,2.46%,,67.10,1.61,67.10,06/30/16,67.12,64.68,,65.90,115.78m,1741264,,,,,,,,,,,,,,
128,16032,,4.00%,,65.49,2.52,65.49,06/29/16,66.00,63.50,,63.90,110.82m,1701143,,,,,,,,,,,,,,
129,19543,,1.12%,,62.97,0.70,62.97,06/28/16,64.085,61.83,,63.50,142.15m,2265860,,,,,,,,,,,,,,
130,20425,,-6.01%,,62.27,-3.98,62.27,06/27/16,65.665,61.78,,65.44,128.77m,2057986,,,,,,,,,,,,,,
131,24779,,-8.28%,,66.25,-5.98,66.25,06/24/16,69.8599,65.95,,68.42,197.7m,2940974,,,,,,,,,,,,,,
132,12531,,4.67%,,72.23,3.22,72.23,06/23/16,72.25,70.36,,70.36,104.09m,1452660,,,,,,,,,,,,,,
133,8482,,0.07%,,69.01,0.05,69.01,06/22/16,70.04,68.82,,69.46,76.59m,1105724,,,,,,,,,,,,,,
134,12009,,0.16%,,68.96,0.11,68.96,06/21/16,69.48,67.95,,69.20,84.35m,1224546,,,,,,,,,,,,,,
135,16315,,1.82%,,68.85,1.23,68.85,06/20/16,70.10,68.83,,69.50,135.66m,1958986,,,,,,,,,,,,,,
136,26240,,0.91%,,67.62,0.61,67.62,06/17/16,68.79,67.21,,67.64,210.92m,3108914,,,,,,,,,,,,,,
137,36262,,-4.05%,,67.01,-2.83,67.01,06/16/16,67.86,65.04,,67.54,282.81m,4257763,,,,,,,,,,,,,,
138,15264,,-0.23%,,69.84,-0.16,69.84,06/15/16,71.35,69.29,,70.29,94.8m,1346641,,,,,,,,,,,,,,
139,19242,,-0.44%,,70.00,-0.31,70.00,06/14/16,71.64,68.54,,70.21,140.97m,2021086,,,,,,,,,,,,,,
140,15698,,-1.68%,,70.31,-1.20,70.31,06/13/16,71.70,70.19,,71.18,99.24m,1402814,,,,,,,,,,,,,,
141,19812,,-3.51%,,71.51,-2.60,71.51,06/10/16,73.28,70.74,,72.85,150.82m,2099145,,,,,,,,,,,,,,
142,9537,,-1.08%,,74.11,-0.81,74.11,06/09/16,74.35,72.69,,73.86,69m,934855,,,,,,,,,,,,,,
143,12148,,0.59%,,74.92,0.44,74.92,06/08/16,76.04,74.46,,74.68,100.48m,1336809,,,,,,,,,,,,,,
144,11802,,1.10%,,74.48,0.81,74.48,06/07/16,74.75,73.09,,73.56,90.59m,1220040,,,,,,,,,,,,,,
145,15337,,3.37%,,73.67,2.40,73.67,06/06/16,73.91,71.13,,71.62,121.83m,1667304,,,,,,,,,,,,,,
146,16578,,0.25%,,71.27,0.18,71.27,06/03/16,71.64,69.07,,70.98,126.43m,1789450,,,,,,,,,,,,,,
147,14605,,2.36%,,71.09,1.64,71.09,06/02/16,71.18,68.68,,69.03,107.66m,1528553,,,,,,,,,,,,,,
148,19250,,-0.32%,,69.45,-0.22,69.45,06/01/16,69.47,67.69,,68.89,140.76m,2049084,,,,,,,,,,,,,,
149,12985,,1.86%,,69.67,1.27,69.67,05/31/16,69.79,68.16,,68.42,92.8m,1336356,,,,,,,,,,,,,,
150,10699,,0.29%,,68.40,0.20,68.40,05/27/16,68.58,67.57,,68.15,71.8m,1053115,,,,,,,,,,,,,,
1,14620,,0.16%,,68.20,0.11,68.20,05/26/16,70.09,67.65,,68.50,107.15m,1564115,,,,,,,,,,,,,,
2,16300,,3.56%,,68.09,2.34,68.09,05/25/16,68.32,65.76,,66.10,120.63m,1787470,,,,,,,,,,,,,,
3,10571,,1.22%,,65.75,0.79,65.75,05/24/16,66.03,64.54,,65.52,71.12m,1083947,,,,,,,,,,,,,,
4,10609,,-0.47%,,64.96,-0.31,64.96,05/23/16,65.45,64.21,,65.11,67.87m,1043496,,,,,,,,,,,,,,
5,12524,,1.83%,,65.27,1.17,65.27,05/20/16,65.66,64.36,,64.53,81.69m,1254919,,,,,,,,,,,,,,
6,19126,,-1.17%,,64.10,-0.76,64.10,05/19/16,64.72,62.65,,64.15,119.68m,1874691,,,,,,,,,,,,,,
7,23333,,0.90%,,64.86,0.58,64.86,05/18/16,66.27,63.55,,63.70,155.01m,2382262,,,,,,,,,,,,,,
8,33545,,5.48%,,64.28,3.34,64.28,05/17/16,66.47,61.67,,61.67,290.71m,4489998,,,,,,,,,,,,,,
9,12304,,1.86%,,60.94,1.11,60.94,05/16/16,61.79,60.195,,60.31,86.24m,1411450,,,,,,,,,,,,,,
10,13622,,-1.71%,,59.83,-1.04,59.83,05/13/16,61.34,59.43,,60.64,99m,1644158,,,,,,,,,,,,,,
11,15898,,-1.44%,,60.87,-0.89,60.87,05/12/16,62.88,60.57,,62.15,98.08m,1598944,,,,,,,,,,,,,,
12,15038,,-1.87%,,61.76,-1.18,61.76,05/11/16,63.28,61.10,,62.66,99.73m,1604642,,,,,,,,,,,,,,
13,13843,,3.15%,,62.94,1.92,62.94,05/10/16,63.37,61.08,,61.33,94.92m,1510647,,,,,,,,,,,,,,
14,14230,,-0.78%,,61.02,-0.48,61.02,05/09/16,61.70,60.76,,61.15,106.8m,1747260,,,,,,,,,,,,,,
15,23535,,0.75%,,61.50,0.46,61.50,05/06/16,61.73,58.83,,59.03,163.73m,2681071,,,,,,,,,,,,,,
16,17637,,-1.34%,,61.04,-0.83,61.04,05/05/16,62.82,60.88,,62.49,122.06m,1990750,,,,,,,,,,,,,,
17,20965,,-2.55%,,61.87,-1.62,61.87,05/04/16,64.00,61.50,,63.16,135.24m,2175176,,,,,,,,,,,,,,
18,20176,,-3.47%,,63.49,-2.28,63.49,05/03/16,65.48,62.95,,65.16,131.28m,2069850,,,,,,,,,,,,,,
19,14995,,-1.73%,,65.77,-1.16,65.77,05/02/16,67.44,64.985,,67.18,95.9m,1460755,,,,,,,,,,,,,,
20,14400,,0.18%,,66.93,0.12,66.93,04/29/16,67.835,65.88,,66.75,93.28m,1397255,,,,,,,,,,,,,,
21,13006,,-1.85%,,66.81,-1.26,66.81,04/28/16,68.84,66.66,,67.70,86.97m,1285297,,,,,,,,,,,,,,
22,16668,,1.75%,,68.07,1.17,68.07,04/27/16,68.37,66.43,,66.85,112.99m,1666508,,,,,,,,,,,,,,
23,17907,,3.21%,,66.90,2.08,66.90,04/26/16,67.06,65.30,,65.48,129.57m,1946699,,,,,,,,,,,,,,
24,20068,,-1.80%,,64.82,-1.19,64.82,04/25/16,67.14,64.36,,65.78,155.44m,2380954,,,,,,,,,,,,,,
25,36114,,1.76%,,66.01,1.14,66.01,04/22/16,66.06,62.52,,62.82,301.38m,4653938,,,,,,,,,,,,,,
26,57863,,7.86%,,64.87,4.73,64.87,04/21/16,65.74,56.01,,57.15,476.94m,7668990,,,,,,,,,,,,,,
27,28767,,-1.65%,,60.14,-1.01,60.14,04/20/16,61.19,60.00,,61.05,208.17m,3440812,,,,,,,,,,,,,,
28,18555,,-0.63%,,61.15,-0.39,61.15,04/19/16,62.33,60.65,,62.21,123.7m,2011851,,,,,,,,,,,,,,
29,12775,,0.89%,,61.54,0.54,61.54,04/18/16,62.11,60.13,,60.36,75.39m,1224850,,,,,,,,,,,,,,
30,11238,,-0.55%,,61.00,-0.34,61.00,04/15/16,61.24,59.95,,61.00,70.49m,1158909,,,,,,,,,,,,,,
31,10476,,-0.92%,,61.34,-0.57,61.34,04/14/16,62.55,61.29,,62.31,64.05m,1039784,,,,,,,,,,,,,,
32,15191,,3.25%,,61.91,1.95,61.91,04/13/16,62.38,60.32,,60.82,102.73m,1665374,,,,,,,,,,,,,,
33,9250,,0.64%,,59.96,0.38,59.96,04/12/16,60.28,58.72,,59.71,56.58m,946183,,,,,,,,,,,,,,
34,14521,,0.13%,,59.58,0.08,59.58,04/11/16,60.99,59.55,,59.88,88.37m,1468231,,,,,,,,,,,,,,
35,13326,,2.67%,,59.50,1.55,59.50,04/08/16,60.15,58.86,,59.01,81.88m,1377338,,,,,,,,,,,,,,
36,17082,,-1.78%,,57.95,-1.05,57.95,04/07/16,59.81,57.452,,58.27,103.3m,1771770,,,,,,,,,,,,,,
37,21703,,0.89%,,59.00,0.52,59.00,04/06/16,59.57,56.97,,58.74,132.88m,2268410,,,,,,,,,,,,,,
38,22720,,-1.66%,,58.48,-0.99,58.48,04/05/16,59.43,58.20,,58.40,135.58m,2309431,,,,,,,,,,,,,,
39,26162,,-2.20%,,59.47,-1.34,59.47,04/04/16,61.285,59.36,,60.54,159.66m,2650602,,,,,,,,,,,,,,
40,20941,,-2.22%,,60.81,-1.38,60.81,04/01/16,61.02,58.85,,60.45,151.1m,2500735,,,,,,,,,,,,,,
41,17877,,-0.96%,,62.19,-0.60,62.19,03/31/16,62.58,60.74,,62.58,131.29m,2119580,,,,,,,,,,,,,,
42,12813,,0.37%,,62.79,0.23,62.79,03/30/16,64.20,62.37,,63.07,72.64m,1151396,,,,,,,,,,,,,,
43,14996,,1.43%,,62.56,0.88,62.56,03/29/16,62.67,60.26,,61.20,87.99m,1421256,,,,,,,,,,,,,,
44,10992,,-0.50%,,61.68,-0.31,61.68,03/28/16,62.63,60.84,,62.20,82.22m,1332760,,,,,,,,,,,,,,
45,15445,,0.63%,,61.99,0.39,61.99,03/24/16,62.54,60.06,,61.03,85.37m,1385981,,,,,,,,,,,,,,
46,17855,,-3.40%,,61.60,-2.17,61.60,03/23/16,63.66,61.245,,63.25,100.56m,1626207,,,,,,,,,,,,,,
47,10563,,0.36%,,63.77,0.23,63.77,03/22/16,64.05,62.68,,62.83,69.53m,1092486,,,,,,,,,,,,,,
48,15637,,1.00%,,63.54,0.63,63.54,03/21/16,63.99,62.13,,62.75,94.46m,1497179,,,,,,,,,,,,,,
49,21270,,-0.73%,,62.91,-0.46,62.91,03/18/16,64.38,61.57,,63.86,165.31m,2627055,,,,,,,,,,,,,,
50,20805,,2.61%,,63.37,1.61,63.37,03/17/16,63.84,61.45,,61.84,133.85m,2119761,,,,,,,,,,,,,,
51,19623,,3.73%,,61.76,2.22,61.76,03/16/16,61.98,59.1475,,59.28,135.21m,2221522,,,,,,,,,,,,,,
52,0,,-0.78%,,59.54,-0.47,59.54,03/15/16,59.69,58.45,,58.75,92.98m,1573176,,,,,,,,,,,,,,
53,0,,0.60%,,60.01,0.36,60.01,03/14/16,60.41,58.27,,59.16,94.12m,1584300,,,,,,,,,,,,,,
54,0,,2.99%,,59.65,1.73,59.65,03/11/16,59.85,58.53,,58.89,87.78m,1479209,,,,,,,,,,,,,,
55,15648,,-0.55%,,57.92,-0.32,57.92,03/10/16,59.17,56.46,,58.32,85.35m,1483822,,,,,,,,,,,,,,
56,14894,,2.46%,,58.24,1.40,58.24,03/09/16,58.95,55.93,,57.12,77.95m,1347668,,,,,,,,,,,,,,
57,19226,,-5.03%,,56.84,-3.01,56.84,03/08/16,58.94,56.28,,58.69,124.78m,2179244,,,,,,,,,,,,,,
58,23078,,4.11%,,59.85,2.36,59.85,03/07/16,60.82,57.60,,57.60,146.48m,2453042,,,,,,,,,,,,,,
59,23078,,1.64%,,57.49,0.93,57.49,03/04/16,59.15,55.69,,57.05,145.59m,2521782,,,,,,,,,,,,,,
60,18597,,4.14%,,56.56,2.25,56.56,03/03/16,56.64,53.935,,54.41,112.66m,2016868,,,,,,,,,,,,,,
61,18870,,3.51%,,54.31,1.84,54.31,03/02/16,54.53,52.03,,52.31,109.97m,2054379,,,,,,,,,,,,,,
62,18066,,1.75%,,52.47,0.90,52.47,03/01/16,52.71,49.91,,52.10,108.7m,2105246,,,,,,,,,,,,,,
63,17348,,0.08%,,51.57,0.04,51.57,02/29/16,52.52,50.96,,51.58,99.18m,1915226,,,,,,,,,,,,,,
64,16800,,2.32%,,51.53,1.17,51.53,02/26/16,52.3199,50.67,,51.00,89.14m,1726151,,,,,,,,,,,,,,
65,12495,,1.37%,,50.36,0.68,50.36,02/25/16,50.42,47.88,,49.52,65.42m,1323418,,,,,,,,,,,,,,
66,19981,,-0.38%,,49.68,-0.19,49.68,02/24/16,49.77,47.02,,49.14,98.21m,2023646,,,,,,,,,,,,,,
67,17320,,-3.37%,,49.87,-1.74,49.87,02/23/16,51.14,49.38,,51.07,83.06m,1658792,,,,,,,,,,,,,,
68,19477,,6.63%,,51.61,3.21,51.61,02/22/16,52.17,49.65,,49.68,115.3m,2249180,,,,,,,,,,,,,,
69,20178,,-2.95%,,48.40,-1.47,48.40,02/19/16,49.28,46.65,,49.22,115.16m,2403615,,,,,,,,,,,,,,
70,25005,,3.51%,,49.87,1.69,49.87,02/18/16,50.45,47.73,,48.78,138.29m,2797871,,,,,,,,,,,,,,
71,19011,,1.30%,,48.18,0.62,48.18,02/17/16,49.19,47.31,,48.02,112.93m,2332619,,,,,,,,,,,,,,
72,20416,,4.64%,,47.56,2.11,47.56,02/16/16,47.77,45.59,,46.31,105.38m,2241731,,,,,,,,,,,,,,
73,18150,,4.87%,,45.45,2.11,45.45,02/12/16,45.85,43.53,,44.32,98.59m,2189701,,,,,,,,,,,,,,
74,23652,,-4.75%,,43.34,-2.16,43.34,02/11/16,44.83,41.90,,43.96,117.32m,2716851,,,,,,,,,,,,,,
75,17971,,1.61%,,45.50,0.72,45.50,02/10/16,46.72,44.64,,45.16,90.18m,1972282,,,,,,,,,,,,,,
76,24226,,-3.93%,,44.78,-1.83,44.78,02/09/16,46.09,43.61,,45.51,122.93m,2745191,,,,,,,,,,,,,,
77,21908,,-3.30%,,46.61,-1.59,46.61,02/08/16,47.76,45.17,,47.14,111.97m,2405612,,,,,,,,,,,,,,
78,20783,,-0.99%,,48.20,-0.48,48.20,02/05/16,50.06,47.51,,47.76,125.33m,2575796,,,,,,,,,,,,,,
79,25868,,0.52%,,48.68,0.25,48.68,02/04/16,51.08,47.98,,48.09,138.69m,2817240,,,,,,,,,,,,,,
80,38382,,5.83%,,48.43,2.67,48.43,02/03/16,48.46,44.88,,46.48,198.77m,4192540,,,,,,,,,,,,,,
81,34767,,-6.29%,,45.76,-3.07,45.76,02/02/16,47.73,44.61,,47.71,198.35m,4333234,,,,,,,,,,,,,,
82,31176,,1.92%,,48.83,0.92,48.83,02/01/16,49.46,46.65,,47.46,159.65m,3280920,,,,,,,,,,,,,,
83,35150,,5.11%,,47.91,2.33,47.91,01/29/16,48.395,44.59,,45.01,215.22m,4562049,,,,,,,,,,,,,,
84,80196,,-18.37%,,45.58,-10.26,45.58,01/28/16,50.20,44.60,,49.90,517.97m,11008249,,,,,,,,,,,,,,
85,32410,,-1.85%,,55.84,-1.05,55.84,01/27/16,57.90,54.73,,56.40,192.11m,3412637,,,,,,,,,,,,,,
86,22735,,4.12%,,56.89,2.25,56.89,01/26/16,56.93,54.71,,55.25,143.83m,2555818,,,,,,,,,,,,,,
87,25874,,-5.37%,,54.64,-3.10,54.64,01/25/16,57.12,54.51,,56.68,167.05m,3017282,,,,,,,,,,,,,,
88,24007,,4.39%,,57.74,2.43,57.74,01/22/16,59.65,55.87,,57.14,150.59m,2617808,,,,,,,,,,,,,,
89,25134,,1.65%,,55.31,0.90,55.31,01/21/16,56.93,53.70,,54.40,150.09m,2713155,,,,,,,,,,,,,,
90,26744,,0.76%,,54.41,0.41,54.41,01/20/16,55.01,50.25,,52.38,150.49m,2871353,,,,,,,,,,,,,,
91,23398,,-1.64%,,54.00,-0.90,54.00,01/19/16,56.69,52.97,,56.02,133.88m,2458851,,,,,,,,,,,,,,
92,29846,,-3.92%,,54.90,-2.24,54.90,01/15/16,56.00,53.6101,,55.56,172.23m,3140215,,,,,,,,,,,,,,
93,32051,,-1.04%,,57.14,-0.60,57.14,01/14/16,58.32,54.67,,58.23,202.3m,3572792,,,,,,,,,,,,,,
94,26982,,-5.78%,,57.74,-3.54,57.74,01/13/16,63.52,56.6001,,61.96,166.61m,2824932,,,,,,,,,,,,,,
95,20235,,0.52%,,61.28,0.32,61.28,01/12/16,63.85,59.66,,61.99,132.27m,2168239,,,,,,,,,,,,,,
96,15740,,-1.38%,,60.96,-0.85,60.96,01/11/16,62.3599,59.765,,62.17,102.39m,1678720,,,,,,,,,,,,,,
97,16941,,-0.88%,,61.81,-0.55,61.81,01/08/16,63.78,61.51,,63.05,126.18m,2025673,,,,,,,,,,,,,,
98,31243,,-6.51%,,62.36,-4.34,62.36,01/07/16,64.96,61.71,,64.89,213.67m,3385637,,,,,,,,,,,,,,
99,22263,,-4.78%,,66.70,-3.35,66.70,01/06/16,69.14,66.01,,68.75,184.43m,2748824,,,,,,,,,,,,,,
100,14497,,-1.00%,,70.05,-0.71,70.05,01/05/16,71.30,69.39,,70.85,112.4m,1605696,,,,,,,,,,,,,,
101,22604,,-2.45%,,70.76,-1.78,70.76,01/04/16,71.51,68.73,,71.11,158.16m,2257294,,,,,,,,,,,,,,
102,10890,,-0.19%,,72.54,-0.14,72.54,12/31/15,73.1244,71.99,,72.07,111.84m,1540385,,,,,,,,,,,,,,
103,9360,,-0.87%,,72.68,-0.64,72.68,12/30/15,73.60,72.40,,72.80,79.51m,1091269,,,,,,,,,,,,,,
104,10692,,1.17%,,73.32,0.85,73.32,12/29/15,73.8699,72.3054,,73.08,82.41m,1127150,,,,,,,,,,,,,,
105,13755,,-2.86%,,72.47,-2.13,72.47,12/28/15,73.75,71.055,,73.43,109.79m,1524568,,,,,,,,,,,,,,
106,,,0.00%,,74.60,,74.60,12/25/15,,,,,,0,,,,,,,,,,,,,,
107,6456,,-0.29%,,74.60,-0.22,74.60,12/24/15,75.44,74.50,,74.76,58.47m,779889,,,,,,,,,,,,,,
108,18069,,3.84%,,74.82,2.77,74.82,12/23/15,75.09,72.505,,72.78,157.48m,2115270,,,,,,,,,,,,,,
109,19516,,4.34%,,72.05,3.00,72.05,12/22/15,72.67,69.05,,69.31,152.55m,2131743,,,,,,,,,,,,,,
0,,17949.0,,2.78%,,,,,,,2.62609125148129,,,,69.05,False,1.87,69.05,2015-12-21,False,70.15,67.36,80.18,64.03,71.46304562574065,67.5,64.89781749703742,140.25m
1,,19516.0,,4.34%,,,,,,,2.6757866889072264,,,,72.05,False,3.0,72.05,2015-12-22,False,72.67,69.05,80.18,64.03,74.00789334445362,69.31,67.31842662218557,152.55m
2,,18069.0,,3.84%,,,,,,,2.6939973544618656,,,,74.82,False,2.77,74.82,2015-12-23,False,75.09,72.505,80.18,64.03,76.43699867723095,72.78,69.70200529107628,157.48m
3,,6456.0,,-0.29%,,,,,,,2.606297486738772,,,,74.6,False,-0.22,74.6,2015-12-24,False,75.44,74.5,80.18,64.03,76.74314874336939,74.76,70.22740502652246,58.47m
4,,13755.0,,-2.86%,,,,,,,2.653232612401833,,,,72.47,False,-2.13,72.47,2015-12-28,False,73.75,71.055,80.18,64.03,75.07661630620092,73.43,68.44353477519634,109.79m
5,,10692.0,,1.17%,,,,,,,2.5987959817817408,,,,73.32,False,0.85,73.32,2015-12-29,False,73.8699,72.3054,80.18,64.03,75.16929799089087,73.08,68.67230803643652,82.41m
6,,9360.0,,-0.87%,,,,,,,2.528856182692653,,,,72.68,False,-0.64,72.68,2015-12-30,False,73.6,72.4,80.18,64.03,74.86442809134633,72.8,68.54228763461471,79.51m
7,,10890.0,,-0.19%,,,,,,,2.4591333735580205,,,,72.54,False,-0.14,72.54,2015-12-31,False,73.1244,71.99,80.18,64.03,74.353966686779,72.07,68.20613325288396,111.84m
8,,,,0.00%,,,,,,,,,,,72.54,False,,72.54,2016-01-01,False,,,80.18,64.03,,,,
9,,22604.0,,-2.45%,,,,,,,,,,,70.76,False,-1.78,70.76,2016-01-04,False,71.51,68.73,,,,71.11,,158.16m
10,,14497.0,,-1.00%,,,,,,,,,,,70.05,False,-0.71,70.05,2016-01-05,False,71.3,69.39,,,,70.85,,112.4m
11,,22263.0,,-4.78%,,,,,,,,,,,66.7,False,-3.35,66.7,2016-01-06,False,69.14,66.01,,,,68.75,,184.43m
12,,31243.0,,-6.51%,,,,,,,,,,,62.36,False,-4.34,62.36,2016-01-07,False,64.96,61.71,,,,64.89,,213.67m
13,,16941.0,,-0.88%,,,,,,,,,,,61.81,False,-0.55,61.81,2016-01-08,False,63.78,61.51,,,,63.05,,126.18m
14,,15740.0,,-1.38%,,,,,,,,,,,60.96,False,-0.85,60.96,2016-01-11,False,62.3599,59.765,,,,62.17,,102.39m
15,,20235.0,,0.52%,,,,,,,,,,,61.28,False,0.32,61.28,2016-01-12,False,63.85,59.66,,,,61.99,,132.27m
16,,26982.0,,-5.78%,,,,,,,,,,,57.74,False,-3.54,57.74,2016-01-13,False,63.52,56.6001,,,,61.96,,166.61m
17,,32051.0,,-1.04%,,,,,,,,,,,57.14,False,-0.6,57.14,2016-01-14,False,58.32,54.67,,,,58.23,,202.3m
18,,29846.0,,-3.92%,,,,,,,,,,,54.9,False,-2.24,54.9,2016-01-15,False,56.0,53.6101,,,,55.56,,172.23m
19,,,,0.00%,,,,,,,,,,,54.9,False,,54.9,2016-01-18,False,,,,,,,,
20,,23398.0,,-1.64%,,,,,,,,,,,54.0,False,-0.9,54.0,2016-01-19,False,56.69,52.97,,,,56.02,,133.88m
21,,26744.0,,0.76%,,,,,,,,,,,54.41,False,0.41,54.41,2016-01-20,False,55.01,50.25,,,,52.38,,150.49m
22,,25134.0,,1.65%,,,,,,,,,,,55.31,False,0.9,55.31,2016-01-21,False,56.93,53.7,,,,54.4,,150.09m
23,,24007.0,,4.39%,,,,,,,,,,,57.74,False,2.43,57.74,2016-01-22,False,59.65,55.87,,,,57.14,,150.59m
24,,25874.0,,-5.37%,,,,,,,,,,,54.64,False,-3.1,54.64,2016-01-25,False,57.12,54.51,,,,56.68,,167.05m
25,,22735.0,,4.12%,,,,,,,,,,,56.89,False,2.25,56.89,2016-01-26,False,56.93,54.71,,,,55.25,,143.83m
26,,32410.0,,-1.85%,,,,,,,,,,,55.84,False,-1.05,55.84,2016-01-27,False,57.9,54.73,,,,56.4,,192.11m
27,,80196.0,,-18.37%,,,,,,,,,,,45.58,False,-10.26,45.58,2016-01-28,False,50.2,44.6,,,,49.9,,517.97m
28,,35150.0,,5.11%,,,,,,,,,,,47.91,False,2.33,47.91,2016-01-29,False,48.395,44.59,,,,45.01,,215.22m
29,,31176.0,,1.92%,,,,,,,,,,,48.83,False,0.92,48.83,2016-02-01,False,49.46,46.65,,,,47.46,,159.65m
30,,34767.0,,-6.29%,,,,,,,,,,,45.76,False,-3.07,45.76,2016-02-02,False,47.73,44.61,,,,47.71,,198.35m
31,,38382.0,,5.83%,,,,,,,,,,,48.43,False,2.67,48.43,2016-02-03,False,48.46,44.88,,,,46.48,,198.77m
32,,25868.0,,0.52%,,,,,,,,,,,48.68,False,0.25,48.68,2016-02-04,False,51.08,47.98,,,,48.09,,138.69m
33,,20783.0,,-0.99%,,,,,,,,,,,48.2,False,-0.48,48.2,2016-02-05,False,50.06,47.51,,,,47.76,,125.33m
34,,21908.0,,-3.30%,,,,,,,,,,,46.61,False,-1.59,46.61,2016-02-08,False,47.76,45.17,,,,47.14,,111.97m
35,,24226.0,,-3.93%,,,,,,,,,,,44.78,False,-1.83,44.78,2016-02-09,False,46.09,43.61,,,,45.51,,122.93m
36,,17971.0,,1.61%,,,,,,,,,,,45.5,False,0.72,45.5,2016-02-10,False,46.72,44.64,,,,45.16,,90.18m
37,,23652.0,,-4.75%,,,,,,,,,,,43.34,False,-2.16,43.34,2016-02-11,False,44.83,41.9,,,,43.96,,117.32m
38,,18150.0,,4.87%,,,,,,,,,,,45.45,False,2.11,45.45,2016-02-12,False,45.85,43.53,,,,44.32,,98.59m
39,,,,0.00%,,,,,,,,,,,45.45,False,,45.45,2016-02-15,False,,,,,,,,
40,,20416.0,,4.64%,,,,,,,,,,,47.56,False,2.11,47.56,2016-02-16,False,47.77,45.59,,,,46.31,,105.38m
41,,19011.0,,1.30%,,,,,,,,,,,48.18,False,0.62,48.18,2016-02-17,False,49.19,47.31,,,,48.02,,112.93m
42,,25005.0,,3.51%,,,,,,,,,,,49.87,False,1.69,49.87,2016-02-18,False,50.45,47.73,,,,48.78,,138.29m
43,,20178.0,,-2.95%,,,,,,,,,,,48.4,False,-1.47,48.4,2016-02-19,False,49.28,46.65,,,,49.22,,115.16m
44,,19477.0,,6.63%,,,,,,,,,,,51.61,False,3.21,51.61,2016-02-22,False,52.17,49.65,,,,49.68,,115.3m
45,,17320.0,,-3.37%,,,,,,,,,,,49.87,False,-1.74,49.87,2016-02-23,False,51.14,49.38,,,,51.07,,83.06m
46,,19981.0,,-0.38%,,,,,,,,,,,49.68,False,-0.19,49.68,2016-02-24,False,49.77,47.02,,,,49.14,,98.21m
47,,12495.0,,1.37%,,,,,,,,,,,50.36,False,0.68,50.36,2016-02-25,False,50.42,47.88,,,,49.52,,65.42m
48,,16800.0,,2.32%,,,,,,,,,,,51.53,False,1.17,51.53,2016-02-26,False,52.3199,50.67,,,,51.0,,89.14m
49,,17348.0,,0.08%,,,,,,,,,,,51.57,False,0.04,51.57,2016-02-29,False,52.52,50.96,,,,51.58,,99.18m
50,,18066.0,,1.75%,,,,,,,,,,,52.47,False,0.9,52.47,2016-03-01,False,52.71,49.91,,,,52.1,,108.7m
51,,18870.0,,3.51%,,,,,,,,,,,54.31,False,1.84,54.31,2016-03-02,False,54.53,52.03,,,,52.31,,109.97m
52,,18597.0,,4.14%,,,,,,,,,,,56.56,False,2.25,56.56,2016-03-03,False,56.64,53.935,,,,54.41,,112.66m
53,,23078.0,,1.64%,,,,,,,,,,,57.49,False,0.93,57.49,2016-03-04,False,59.15,55.69,,,,57.05,,145.59m
54,,23078.0,,4.11%,,,,,,,,,,,59.85,False,2.36,59.85,2016-03-07,False,60.82,57.6,,,,57.6,,146.48m
55,,19226.0,,-5.03%,,,,,,,,,,,56.84,False,-3.01,56.84,2016-03-08,False,58.94,56.28,,,,58.69,,124.78m
56,,14894.0,,2.46%,,,,,,,,,,,58.24,False,1.4,58.24,2016-03-09,False,58.95,55.93,,,,57.12,,77.95m
57,,15648.0,,-0.55%,,,,,,,,,,,57.92,False,-0.32,57.92,2016-03-10,False,59.17,56.46,,,,58.32,,85.35m
58,,0.0,,2.99%,,,,,,,,,,,59.65,False,1.73,59.65,2016-03-11,False,59.85,58.53,,,,58.89,,87.78m
59,,0.0,,0.60%,,,,,,,,,,,60.01,False,0.36,60.01,2016-03-14,False,60.41,58.27,,,,59.16,,94.12m
60,,0.0,,-0.78%,,,,,,,,,,,59.54,False,-0.47,59.54,2016-03-15,False,59.69,58.45,,45.59,,58.75,,92.98m
61,,19623.0,,3.73%,,,,,,,,,,,61.76,False,2.22,61.76,2016-03-16,False,61.98,59.1475,,46.65,,59.28,,135.21m
62,,20805.0,,2.61%,,,,,,,,,,,63.37,False,1.61,63.37,2016-03-17,False,63.84,61.45,,46.65,,61.84,,133.85m
63,,21270.0,,-0.73%,,,,,,,,,,,62.91,False,-0.46,62.91,2016-03-18,False,64.38,61.57,,46.65,,63.86,,165.31m
64,,15637.0,,1.00%,,,,,,,,,,,63.54,False,0.63,63.54,2016-03-21,False,63.99,62.13,,47.02,,62.75,,94.46m
65,,10563.0,,0.36%,,,,,,,,,,,63.77,False,0.23,63.77,2016-03-22,False,64.05,62.68,,47.02,,62.83,,69.53m
66,,17855.0,,-3.40%,,,,,,,,,,,61.6,False,-2.17,61.6,2016-03-23,False,63.66,61.245,,47.02,,63.25,,100.56m
67,,15445.0,,0.63%,,,,,,,,,,,61.99,False,0.39,61.99,2016-03-24,False,62.54,60.06,,47.88,,61.03,,85.37m
68,,,,0.00%,,,,,,,,,,,61.99,False,,61.99,2016-03-25,False,,,,49.91,,,,
69,,10992.0,,-0.50%,,,,,,,,,,,61.68,False,-0.31,61.68,2016-03-28,False,62.63,60.84,,,,62.2,,82.22m
70,,14996.0,,1.43%,,,,,,,,,,,62.56,False,0.88,62.56,2016-03-29,False,62.67,60.26,,,,61.2,,87.99m
71,,12813.0,,0.37%,,,,,,,,,,,62.79,False,0.23,62.79,2016-03-30,False,64.2,62.37,,,,63.07,,72.64m
72,,17877.0,,-0.96%,,,,,,,,,,,62.19,False,-0.6,62.19,2016-03-31,False,62.58,60.74,,,,62.58,,131.29m
73,,20941.0,,-2.22%,,,,,,,,,,,60.81,False,-1.38,60.81,2016-04-01,False,61.02,58.85,,,,60.45,,151.1m
74,,26162.0,,-2.20%,,,,,,,,,,,59.47,False,-1.34,59.47,2016-04-04,False,61.285,59.36,,,,60.54,,159.66m
75,,22720.0,,-1.66%,,,,,,,,,,,58.48,False,-0.99,58.48,2016-04-05,False,59.43,58.2,,,,58.4,,135.58m
76,,21703.0,,0.89%,,,,,,,,,,,59.0,False,0.52,59.0,2016-04-06,False,59.57,56.97,,,,58.74,,132.88m
77,,17082.0,,-1.78%,,,,,,,,,,,57.95,False,-1.05,57.95,2016-04-07,False,59.81,57.452,,,,58.27,,103.3m
78,,13326.0,,2.67%,,,,,,,,,,,59.5,False,1.55,59.5,2016-04-08,False,60.15,58.86,,,,59.01,,81.88m
79,,14521.0,,0.13%,,,,,,,,,,,59.58,False,0.08,59.58,2016-04-11,False,60.99,59.55,,,,59.88,,88.37m
80,,9250.0,,0.64%,,,,,,,,,,,59.96,False,0.38,59.96,2016-04-12,False,60.28,58.72,,,,59.71,,56.58m
81,,15191.0,,3.25%,,,,,,,,,,,61.91,False,1.95,61.91,2016-04-13,False,62.38,60.32,,,,60.82,,102.73m
82,,10476.0,,-0.92%,,,,,,,,,,,61.34,False,-0.57,61.34,2016-04-14,False,62.55,61.29,,,,62.31,,64.05m
83,,11238.0,,-0.55%,,,,,,,,,,,61.0,False,-0.34,61.0,2016-04-15,False,61.24,59.95,,,,61.0,,70.49m
84,,12775.0,,0.89%,,,,,,,,,,,61.54,False,0.54,61.54,2016-04-18,False,62.11,60.13,,,,60.36,,75.39m
85,,18555.0,,-0.63%,,,,,,,,,,,61.15,False,-0.39,61.15,2016-04-19,False,62.33,60.65,,,,62.21,,123.7m
86,,28767.0,,-1.65%,,,,,,,,,,,60.14,False,-1.01,60.14,2016-04-20,False,61.19,60.0,,,,61.05,,208.17m
87,,57863.0,,7.86%,,,,,,,,,,,64.87,False,4.73,64.87,2016-04-21,False,65.74,56.01,,,,57.15,,476.94m
88,,36114.0,,1.76%,,,,,,,,,,,66.01,False,1.14,66.01,2016-04-22,False,66.06,62.52,,,,62.82,,301.38m
89,,20068.0,,-1.80%,,,,,,,,,,,64.82,False,-1.19,64.82,2016-04-25,False,67.14,64.36,,56.01,,65.78,,155.44m
90,,17907.0,,3.21%,,,,,,,,,,,66.9,False,2.08,66.9,2016-04-26,False,67.06,65.3,,56.01,,65.48,,129.57m
91,,16668.0,,1.75%,,,,,,,,,,,68.07,False,1.17,68.07,2016-04-27,False,68.37,66.43,,56.01,,66.85,,112.99m
92,,13006.0,,-1.85%,,,,,,,,,,,66.81,False,-1.26,66.81,2016-04-28,False,68.84,66.66,,56.01,,67.7,,86.97m
93,,14400.0,,0.18%,,,,,,,,,,,66.93,False,0.12,66.93,2016-04-29,False,67.835,65.88,,56.01,,66.75,,93.28m
94,,14995.0,,-1.73%,,,,,,,,,,,65.77,False,-1.16,65.77,2016-05-02,False,67.44,64.985,,56.01,,67.18,,95.9m
95,,20176.0,,-3.47%,,,,,,,,,,,63.49,False,-2.28,63.49,2016-05-03,False,65.48,62.95,,56.01,,65.16,,131.28m
96,,20965.0,,-2.55%,,,,,,,,,,,61.87,False,-1.62,61.87,2016-05-04,False,64.0,61.5,,56.01,,63.16,,135.24m
97,,17637.0,,-1.34%,,,,,,,,,,,61.04,False,-0.83,61.04,2016-05-05,False,62.82,60.88,,56.01,,62.49,,122.06m
98,,23535.0,,0.75%,,,,,,,,,,,61.5,False,0.46,61.5,2016-05-06,False,61.73,58.83,,56.01,,59.03,,163.73m
99,,14230.0,,-0.78%,,,,,,,,,,,61.02,False,-0.48,61.02,2016-05-09,False,61.7,60.76,,56.01,,61.15,,106.8m
100,,13843.0,,3.15%,,,,,,,,,,,62.94,False,1.92,62.94,2016-05-10,False,63.37,61.08,,56.01,,61.33,,94.92m
101,,15038.0,,-1.87%,,,,,,,,,,,61.76,False,-1.18,61.76,2016-05-11,False,63.28,61.1,,56.01,,62.66,,99.73m
102,,15898.0,,-1.44%,,,,,,,,,,,60.87,False,-0.89,60.87,2016-05-12,False,62.88,60.57,,56.01,,62.15,,98.08m
103,,13622.0,,-1.71%,,,,,,,,,,,59.83,False,-1.04,59.83,2016-05-13,False,61.34,59.43,,56.01,,60.64,,99m
104,,12304.0,,1.86%,,,,,,,,,,,60.94,False,1.11,60.94,2016-05-16,False,61.79,60.195,,56.01,,60.31,,86.24m
105,,33545.0,,5.48%,,,,,,,,,,,64.28,False,3.34,64.28,2016-05-17,False,66.47,61.67,,56.01,,61.67,,290.71m
106,,23333.0,,0.90%,,,,,,,,,,,64.86,False,0.58,64.86,2016-05-18,False,66.27,63.55,,56.01,,63.7,,155.01m
107,,19126.0,,-1.17%,,,,,,,,,,,64.1,False,-0.76,64.1,2016-05-19,False,64.72,62.65,,56.01,,64.15,,119.68m
108,,12524.0,,1.83%,,,,,,,,,,,65.27,False,1.17,65.27,2016-05-20,False,65.66,64.36,,58.83,,64.53,,81.69m
109,,10609.0,,-0.47%,,,,,,,,,,,64.96,False,-0.31,64.96,2016-05-23,False,65.45,64.21,,58.83,,65.11,,67.87m
110,,10571.0,,1.22%,,,,,,,,,,,65.75,False,0.79,65.75,2016-05-24,False,66.03,64.54,,58.83,,65.52,,71.12m
111,,16300.0,,3.56%,,,,,,,,,,,68.09,False,2.34,68.09,2016-05-25,False,68.32,65.76,,58.83,,66.1,,120.63m
112,,14620.0,,0.16%,,,,,,,,,,,68.2,False,0.11,68.2,2016-05-26,False,70.09,67.65,,58.83,,68.5,,107.15m
113,,10699.0,,0.29%,,,,,,,,,,,68.4,False,0.2,68.4,2016-05-27,False,68.58,67.57,,58.83,,68.15,,71.8m
114,,,,0.00%,,,,,,,,,,,68.4,False,,68.4,2016-05-30,False,,,,58.83,,,,
115,,12985.0,,1.86%,,,,,,,,,,,69.67,False,1.27,69.67,2016-05-31,False,69.79,68.16,,,,68.42,,92.8m
116,,19250.0,,-0.32%,,,,,,,,,,,69.45,False,-0.22,69.45,2016-06-01,False,69.47,67.69,,,,68.89,,140.76m
117,,14605.0,,2.36%,,,,,,,,,,,71.09,False,1.64,71.09,2016-06-02,False,71.18,68.68,,,,69.03,,107.66m
118,,16578.0,,0.25%,,,,,,,,,,,71.27,False,0.18,71.27,2016-06-03,False,71.64,69.07,,,,70.98,,126.43m
119,,15337.0,,3.37%,,,,,,,,,,,73.67,False,2.4,73.67,2016-06-06,False,73.91,71.13,,,,71.62,,121.83m
120,,11802.0,,1.10%,,,,,,,,,,,74.48,False,0.81,74.48,2016-06-07,False,74.75,73.09,,,,73.56,,90.59m
121,,12148.0,,0.59%,,,,,,,,,,,74.92,False,0.44,74.92,2016-06-08,False,76.04,74.46,,,,74.68,,100.48m
122,,9537.0,,-1.08%,,,,,,,,,,,74.11,False,-0.81,74.11,2016-06-09,False,74.35,72.69,,,,73.86,,69m
123,,19812.0,,-3.51%,,,,,,,,,,,71.51,False,-2.6,71.51,2016-06-10,False,73.28,70.74,,,,72.85,,150.82m
124,,15698.0,,-1.68%,,,,,,,,,,,70.31,False,-1.2,70.31,2016-06-13,False,71.7,70.19,,,,71.18,,99.24m
125,,19242.0,,-0.44%,,,,,,,,,,,70.0,False,-0.31,70.0,2016-06-14,False,71.64,68.54,,,,70.21,,140.97m
126,,15264.0,,-0.23%,,,,,,,,,,,69.84,False,-0.16,69.84,2016-06-15,False,71.35,69.29,,,,70.29,,94.8m
127,,36262.0,,-4.05%,,,,,,,,,,,67.01,False,-2.83,67.01,2016-06-16,False,67.86,65.04,,,,67.54,,282.81m
128,,26240.0,,0.91%,,,,,,,,,,,67.62,False,0.61,67.62,2016-06-17,False,68.79,67.21,,,,67.64,,210.92m
129,,16315.0,,1.82%,,,,,,,,,,,68.85,False,1.23,68.85,2016-06-20,False,70.1,68.83,,,,69.5,,135.66m
130,,12009.0,,0.16%,,,,,,,,,,,68.96,False,0.11,68.96,2016-06-21,False,69.48,67.95,,,,69.2,,84.35m
131,,8482.0,,0.07%,,,,,,,,,,,69.01,False,0.05,69.01,2016-06-22,False,70.04,68.82,,,,69.46,,76.59m
132,,12531.0,,4.67%,,,,,,,,,,,72.23,False,3.22,72.23,2016-06-23,False,72.25,70.36,,,,70.36,,104.09m
133,,24779.0,,-8.28%,,,,,,,,,,,66.25,False,-5.98,66.25,2016-06-24,False,69.8599,65.95,,,,68.42,,197.7m
134,,20425.0,,-6.01%,,,,,,,,,,,62.27,False,-3.98,62.27,2016-06-27,False,65.665,61.78,,,,65.44,,128.77m
135,,19543.0,,1.12%,,,,,,,,,,,62.97,False,0.7,62.97,2016-06-28,False,64.085,61.83,,61.78,,63.5,,142.15m
136,,16032.0,,4.00%,,,,,,,,,,,65.49,False,2.52,65.49,2016-06-29,False,66.0,63.5,,61.78,,63.9,,110.82m
137,,15622.0,,2.46%,,,,,,,,,,,67.1,False,1.61,67.1,2016-06-30,False,67.12,64.68,,61.78,,65.9,,115.78m
138,,19528.0,,-0.77%,,,,,,,,,,,66.58,False,-0.52,66.58,2016-07-01,False,67.5,65.81,,61.78,,66.96,,141.67m
139,,,,0.00%,,,,,,,,,,,66.58,False,,66.58,2016-07-04,False,,,,61.78,,,,
140,,17107.0,,-4.67%,,,,,,,,,,,63.47,False,-3.11,63.47,2016-07-05,False,66.34,62.63,,,,65.88,,109.4m
141,,17775.0,,0.30%,,,,,,,,,,,63.66,False,0.19,63.66,2016-07-06,False,63.86,61.92,,,,62.81,,120.11m
142,,20853.0,,1.52%,,,,,,,,,,,64.63,False,0.97,64.63,2016-07-07,False,65.74,63.795,,,,64.15,,127.68m
143,,12560.0,,4.35%,,,,,,,,,,,67.44,False,2.81,67.44,2016-07-08,False,67.6,65.59,,,,65.59,,85.57m
144,,10408.0,,1.22%,,,,,,,,,,,68.26,False,0.82,68.26,2016-07-11,False,69.22,68.0501,,,,68.09,,66.16m
145,,16666.0,,2.97%,,,,,,,,,,,70.29,False,2.03,70.29,2016-07-12,False,70.56,69.22,,,,69.38,,119.23m
146,,15017.0,,-1.49%,,,,,,,,,,,69.24,False,-1.05,69.24,2016-07-13,False,70.89,68.46,,,,70.48,,106.66m
147,,12396.0,,0.51%,,,,,,,,,,,69.59,False,0.35,69.59,2016-07-14,False,70.06,67.81,,,,68.74,,92.44m
148,,13119.0,,0.76%,,,,,,,,,,,70.12,False,0.53,70.12,2016-07-15,False,70.96,69.53,,,,69.98,,98.68m
149,,13756.0,,-1.34%,,,,,,,,,,,69.18,False,-0.94,69.18,2016-07-18,False,69.87,68.65,,,,69.87,,103.74m
150,,15945.0,,-1.81%,,,,,,,,,,,67.93,False,-1.25,67.93,2016-07-19,False,68.63,67.09,,,,68.41,,122.91m
151,,22573.0,,2.84%,,,,,,,,,,,69.86,False,1.93,69.86,2016-07-20,False,70.09,67.64,,,,68.0,,192.68m
152,,73634.0,,9.15%,,,,,,,,,,,76.25,False,6.39,76.25,2016-07-21,False,80.68,75.41,,,,76.07,,744.54m
153,,31526.0,,2.58%,,,,,,,,,,,78.22,False,1.97,78.22,2016-07-22,False,78.58,75.51,,,,76.89,,281.2m
154,,21473.0,,0.15%,,,,,,,,,,,78.34,False,0.12,78.34,2016-07-25,False,79.33,77.89,,,,78.1,,187.3m
155,,21233.0,,2.17%,,,,,,,,,,,80.04,False,1.7,80.04,2016-07-26,False,80.35,78.245,,,,78.3,,184.81m
156,,16966.0,,0.64%,,,,,,,,,,,80.55,False,0.51,80.55,2016-07-27,False,81.5,79.48,,,,80.6,,148.01m
157,,16131.0,,-0.88%,,,,,,,,,,,79.84,False,-0.71,79.84,2016-07-28,False,80.595,78.94,,,,80.34,,122.26m
158,,14998.0,,-0.21%,,,,,,,,,,,79.67,False,-0.17,79.67,2016-07-29,False,80.0,78.66,,,,79.62,,125.95m
159,,23538.0,,-2.91%,,,,,,,,,,,77.35,False,-2.32,77.35,2016-08-01,False,79.65,76.79,,,,79.63,,191.54m
160,,20033.0,,-2.62%,,,,,,,,,,,75.32,False,-2.03,75.32,2016-08-02,False,78.05,74.33,,61.92,,77.58,,167.99m
161,,11647.0,,1.70%,,,,,,,,,,,76.6,False,1.28,76.6,2016-08-03,False,76.71,75.32,,61.92,,75.47,,97.9m
162,,12221.0,,0.43%,,,,,,,,,,,76.93,False,0.33,76.93,2016-08-04,False,77.215,75.93,,63.795,,76.17,,93.95m
163,,16531.0,,3.28%,,,,,,,,,,,79.45,False,2.52,79.45,2016-08-05,False,79.785,77.23,,65.59,,77.52,,143.17m
164,,9821.0,,0.03%,,,,,,,,,,,79.47,False,0.02,79.47,2016-08-08,False,80.76,79.08,,67.09,,79.96,,80.9m
165,,13445.0,,-0.79%,,,,,,,,,,,78.84,False,-0.63,78.84,2016-08-09,False,80.815,78.53,,67.09,,79.1,,112.18m
166,,10439.0,,-1.24%,,,,,,,,,,,77.86,False,-0.98,77.86,2016-08-10,False,79.3,77.74,,67.09,,79.24,,82.55m
167,,12751.0,,1.32%,,,,,,,,,,,78.89,False,1.03,78.89,2016-08-11,False,79.42,78.01,,67.09,,78.49,,109.64m
168,,11044.0,,-0.66%,,,,,,,,,,,78.37,False,-0.52,78.37,2016-08-12,False,79.47,77.85,,67.09,,78.68,,96.04m
169,,10648.0,,1.10%,,,,,,,,,,,79.23,False,0.86,79.23,2016-08-15,False,79.69,78.635,,67.09,,78.67,,91.92m
170,,10260.0,,-1.70%,,,,,,,,,,,77.88,False,-1.35,77.88,2016-08-16,False,79.25,77.77,,67.09,,79.08,,90.25m
171,,9967.0,,-0.33%,,,,,,,,,,,77.62,False,-0.26,77.62,2016-08-17,False,78.05,77.16,,67.64,,77.92,,80.27m
172,,16675.0,,4.11%,,,,,,,,,,,80.81,False,3.19,80.81,2016-08-18,False,81.37,78.16,,74.33,,78.16,,169.49m
173,,12839.0,,-0.72%,,,,,,,,,,,80.23,False,-0.58,80.23,2016-08-19,False,80.57,79.12,,74.33,,80.24,,110.77m
174,,10197.0,,-0.12%,,,,,,,,,,,80.13,False,-0.1,80.13,2016-08-22,False,80.51,79.01,,74.33,,79.68,,90.33m
175,,14844.0,,2.48%,,,,,,,,,,,82.12,False,1.99,82.12,2016-08-23,False,82.5,80.69,,74.33,,80.73,,145.62m
176,,12692.0,,-1.41%,,,,,,,,,,,80.96,False,-1.16,80.96,2016-08-24,False,82.83,80.68,,74.33,,81.96,,121.33m
177,,9465.0,,0.31%,,,,,,,,,,,81.21,False,0.25,81.21,2016-08-25,False,81.61,80.597,,74.33,,80.73,,75.7m
178,,17688.0,,1.29%,,,,,,,,,,,82.26,False,1.05,82.26,2016-08-26,False,83.76,81.42,,74.33,,81.57,,154.25m
179,,10049.0,,0.77%,,,,,,,,,,,82.89,False,0.63,82.89,2016-08-29,False,83.59,82.06,,74.33,,82.25,,88.6m
180,,10043.0,,-0.08%,,,,,,,,,,,82.82,False,-0.07,82.82,2016-08-30,False,83.67,82.2636,,74.33,,82.91,,84.39m
181,,14269.0,,-0.62%,,,,,,,,,,,82.31,False,-0.51,82.31,2016-08-31,False,82.6015,80.78,,75.32,,82.5,,138.92m
182,,13830.0,,-1.40%,,,,,,,,,,,81.16,False,-1.15,81.16,2016-09-01,False,82.3,79.699,,75.93,,82.0,,111.94m
183,,9458.0,,0.99%,,,,,,,,,,,81.96,False,0.8,81.96,2016-09-02,False,83.04,81.681,,77.16,,81.95,,77.15m
184,,,,0.00%,,,,,,,,,,,81.96,False,,81.96,2016-09-05,False,,,,77.16,,,,
185,,8106.0,,0.00%,,,,,,,,,,,81.96,False,0.0,81.96,2016-09-06,False,82.345,81.34,,,,81.96,,80.14m
186,,16318.0,,2.39%,,,,,,,,,,,83.92,False,1.96,83.92,2016-09-07,False,83.995,81.99,,,,82.52,,155.86m
187,,12071.0,,-0.05%,,,,,,,,,,,83.88,False,-0.04,83.88,2016-09-08,False,84.63,82.85,,,,83.88,,111.97m
188,,23996.0,,-7.13%,,,,,,,,,,,77.9,False,-5.98,77.9,2016-09-09,False,82.71,77.88,,,,82.4,,207.45m
189,,18404.0,,2.54%,,,,,,,,,,,79.88,False,1.98,79.88,2016-09-12,False,80.03,76.54,,,,77.03,,158.27m
190,,23488.0,,-3.59%,,,,,,,,,,,77.01,False,-2.87,77.01,2016-09-13,False,79.09,76.53,,,,78.66,,182.02m
191,,18020.0,,2.18%,,,,,,,,,,,78.69,False,1.68,78.69,2016-09-14,False,79.09,76.62,,,,77.17,,143.16m
192,,14393.0,,0.79%,,,,,,,,,,,79.31,False,0.62,79.31,2016-09-15,False,79.63,78.19,,,,78.72,,106.06m
193,,16552.0,,-2.11%,,,,,,,,,,,77.64,False,-1.67,77.64,2016-09-16,False,78.68,77.07,,,,78.32,,166.25m
194,,11645.0,,1.98%,,,,,,,,,,,79.18,False,1.54,79.18,2016-09-19,False,80.335,78.45,,,,78.77,,93.05m
195,,23166.0,,-4.57%,,,,,,,,,,,75.56,False,-3.62,75.56,2016-09-20,False,79.49,75.56,,,,79.49,,188.95m
196,,25428.0,,0.13%,,,,,,,,,,,75.66,False,0.1,75.66,2016-09-21,False,76.965,74.6,,,,76.34,,198.86m
197,,20371.0,,-0.36%,,,,,,,,,,,75.39,False,-0.27,75.39,2016-09-22,False,76.89,74.973,,,,76.42,,176.1m
198,,18880.0,,0.21%,,,,,,,,,,,75.55,False,0.16,75.55,2016-09-23,False,77.24,74.99,,,,75.28,,163.92m
199,,20036.0,,-2.12%,,,,,,,,,,,73.95,False,-1.6,73.95,2016-09-26,False,76.0,73.82,,,,75.36,,148.43m
200,,16441.0,,-0.99%,,,,,,,,,,,73.22,False,-0.73,73.22,2016-09-27,False,73.95,72.85,,,,73.52,,140.33m
201,,19800.0,,2.62%,,,,,,,,,,,75.14,False,1.92,75.14,2016-09-28,False,75.29,73.23,,,,73.47,,188.35m
202,,23532.0,,1.60%,,,,,,,,,,,76.34,False,1.2,76.34,2016-09-29,False,76.98,74.7605,,,,75.0,,192.72m
203,,20533.0,,2.82%,,,,,,,,,,,78.49,False,2.15,78.49,2016-09-30,False,78.91,76.86,,,,77.11,,203.27m
204,,15460.0,,0.56%,,,,,,,,,,,78.93,False,0.44,78.93,2016-10-03,False,79.54,78.02,,,,78.38,,130.87m
205,,18615.0,,0.29%,,,,,,,,,,,79.16,False,0.23,79.16,2016-10-04,False,80.88,78.83,,72.85,,80.15,,157.16m
206,,15207.0,,1.79%,,,,,,,,,,,80.58,False,1.42,80.58,2016-10-05,False,81.54,79.63,,72.85,,79.98,,166.46m
207,,23441.0,,3.26%,,,,,,,,,,,83.21,False,2.63,83.21,2016-10-06,False,83.56,80.64,,72.85,,80.64,,213.02m
208,,18352.0,,-2.94%,,,,,,,,,,,80.76,False,-2.45,80.76,2016-10-07,False,82.83,80.415,,72.85,,82.83,,169.42m
209,,12499.0,,0.64%,,,,,,,,,,,81.28,False,0.52,81.28,2016-10-10,False,82.24,80.69,,72.85,,81.39,,107.1m
210,,12545.0,,-2.19%,,,,,,,,,,,79.5,False,-1.78,79.5,2016-10-11,False,81.28,78.94,,72.85,,81.28,,106.94m
211,,10695.0,,0.86%,,,,,,,,,,,80.18,False,0.68,80.18,2016-10-12,False,80.555,79.18,,72.85,,79.61,,85.92m
212,,14254.0,,-2.46%,,,,,,,,,,,78.21,False,-1.97,78.21,2016-10-13,False,79.16,77.17,,72.85,,79.13,,120.36m
213,,23205.0,,-3.76%,,,,,,,,,,,75.27,False,-2.94,75.27,2016-10-14,False,76.9,75.05,,72.85,,76.39,,204.15m
214,,16198.0,,0.57%,,,,,,,,,,,75.7,False,0.43,75.7,2016-10-17,False,76.02,74.31,,72.85,,74.91,,166.53m
215,,15394.0,,0.98%,,,,,,,,,,,76.44,False,0.74,76.44,2016-10-18,False,77.22,76.06,,72.85,,76.86,,135.74m
216,,24954.0,,-1.13%,,,,,,,,,,,75.58,False,-0.86,75.58,2016-10-19,False,76.85,75.44,,72.85,,76.65,,214.89m
217,,35028.0,,4.70%,,,,,,,,,,,79.13,False,3.55,79.13,2016-10-20,False,81.5,77.04,,72.85,,80.0,,339.85m
218,,14656.0,,0.06%,,,,,,,,,,,79.18,False,0.05,79.18,2016-10-21,False,79.8,78.04,,72.85,,78.3,,141.18m
219,,20447.0,,-3.30%,,,,,,,,,,,76.57,False,-2.61,76.57,2016-10-24,False,78.65,76.35,,72.85,,78.65,,167.06m
220,,16533.0,,-0.10%,,,,,,,,,,,76.49,False,-0.08,76.49,2016-10-25,False,77.48,75.6,,72.85,,76.2,,150.94m
221,,16631.0,,-0.39%,,,,,,,,,,,76.19,False,-0.3,76.19,2016-10-26,False,76.82,75.31,,73.23,,75.92,,139.53m
222,,13174.0,,0.11%,,,,,,,,,,,76.27,False,0.08,76.27,2016-10-27,False,76.78,75.4,,74.31,,76.59,,103.32m
223,,13383.0,,-1.15%,,,,,,,,,,,75.39,False,-0.88,75.39,2016-10-28,False,76.72,74.86,,74.31,,76.36,,104.53m
224,,13110.0,,0.36%,,,,,,,,,,,75.66,False,0.27,75.66,2016-10-31,False,75.95,74.9,,74.31,,75.6,,102.79m
225,,18876.0,,-3.48%,,,,,,,,,,,73.03,False,-2.63,73.03,2016-11-01,True,76.06,72.26100000000002,,74.31,,75.89,,142.62m
226,,21527.0,,-2.89%,,,,,,,,,,,70.92,False,-2.11,70.92,2016-11-02,True,73.36,70.58,,72.26100000000002,,72.61,,169.83m
227,,20413.0,,1.93%,,,,,,,,,,,72.29,False,1.37,72.29,2016-11-03,False,73.03,70.74,,70.58,,71.31,,169m
228,,16563.0,,-0.18%,,,,,,,,,,,72.16,False,-0.13,72.16,2016-11-04,False,73.75,71.55,,70.58,,72.37,,129.61m
229,,15531.0,,5.47%,,,,,,,,,,,76.11,False,3.95,76.11,2016-11-07,False,76.16,74.24,,70.58,,74.39,,129.38m
230,,18008.0,,-0.32%,,,,,,,,,,,75.87,False,-0.24,75.87,2016-11-08,False,76.24,74.43,,70.58,,75.4,,137.18m
231,,69113.0,,17.12%,,,,,,,,,,,88.86,False,12.99,88.86,2016-11-09,False,90.07,82.7,,70.58,,82.9,,849.76m
232,,44796.0,,0.72%,,,,,,,,,,,89.5,False,0.64,89.5,2016-11-10,False,92.8,88.46,,70.58,,89.04,,435.44m
233,,27348.0,,1.90%,,,,,,,,,,,91.2,False,1.7,91.2,2016-11-11,False,91.23,88.17,,70.58,,88.96,,265.77m
234,,31998.0,,3.83%,,,,,,,,,,,94.69,False,3.49,94.69,2016-11-14,False,96.6,91.28,,70.58,,91.9,,352.68m
235,,18590.0,,-0.58%,,,,,,,,,,,94.14,False,-0.55,94.14,2016-11-15,False,94.18,91.57,96.6,70.58,,93.91,,192.22m
236,,18168.0,,-2.15%,,,,,,,,,,,92.12,False,-2.02,92.12,2016-11-16,False,93.2,90.78,96.6,70.58,,91.01,,179.22m
237,,11814.0,,0.12%,,,,,,,,,,,92.23,False,0.11,92.23,2016-11-17,False,92.88,91.51,96.6,70.58,,92.0,,109.08m
238,,14284.0,,-1.39%,,,,,,,,,,,90.95,False,-1.28,90.95,2016-11-18,False,92.8,90.77,96.6,70.58,,92.74,,132.63m
239,,17831.0,,3.20%,,,,,,,,,,,93.86,False,2.91,93.86,2016-11-21,False,94.15,91.72,96.6,70.58,,91.87,,191.15m
240,,12338.0,,0.21%,,,,,,,,,,,94.06,False,0.2,94.06,2016-11-22,False,94.6,93.28,96.6,70.58,,94.39,,129.54m
241,,20619.0,,3.50%,,,,,,,,,,,97.35,True,3.29,97.35,2016-11-23,False,97.67,94.23,96.6,70.58,,94.23,,237.35m
242,,18936.0,,-1.97%,,,,,,,,,,,96.19,True,-1.93,96.19,2016-11-28,False,97.93,94.83,97.67,70.58,,97.11,,190.03m
243,,15261.0,,0.11%,,,,,,,,,,,96.3,False,0.11,96.3,2016-11-29,False,97.29,94.2,97.93,70.58,,94.59,,152.81m
244,,26918.0,,4.99%,,,,,,,,,,,101.11,True,4.81,101.11,2016-11-30,False,101.87,98.51,97.93,70.58,,98.51,,330.42m
245,,33825.0,,3.15%,,,,,,,,,,,104.29,True,3.18,104.29,2016-12-01,False,105.7,101.245,101.87,70.58,,101.47,,401.2m
246,,21296.0,,0.54%,,,,,,,,,,,104.85,False,0.56,104.85,2016-12-02,False,105.57,103.251,105.7,70.58,,103.89,,231.02m
247,,16782.0,,0.44%,,,,,,,,,,,105.31,True,0.46,105.31,2016-12-05,False,106.42,104.87,105.7,70.74,,105.27,,200.99m
248,,14724.0,,1.77%,,,,,,,,,,,107.17,True,1.86,107.17,2016-12-06,False,107.58,104.4,106.42,71.55,,104.62,,161.92m
249,,18253.0,,1.82%,,,,,,,,,,,109.12,True,1.95,109.12,2016-12-07,False,109.75,106.76,107.58,74.24,,107.02,,209.63m
250,,18271.0,,-0.75%,,,,,,,,,,,108.3,True,-0.82,108.3,2016-12-08,False,109.9,106.59,109.75,74.43,,109.39,,202.95m
251,,14672.0,,-0.28%,,,,,,,,,,,108.0,False,-0.3,108.0,2016-12-09,False,109.63,107.25,109.9,82.7,,108.68,,165.11m
252,,17597.0,,-0.90%,,,,,,,,,,,107.03,False,-0.97,107.03,2016-12-12,False,108.83,103.71,109.9,88.17,,108.68,,197.62m
253,,14503.0,,-0.68%,,,,,,,,,,,106.3,False,-0.73,106.3,2016-12-13,False,107.4,105.361,109.9,88.17,,106.88,,170.36m
254,,15435.0,,-1.18%,,,,,,,,,,,105.05,False,-1.25,105.05,2016-12-14,False,107.16,104.65,109.9,90.77,,105.59,,147.81m
255,,17453.0,,1.99%,,,,,,,,,,,107.14,False,2.09,107.14,2016-12-15,False,108.24,104.22,109.9,90.77,,104.88,,203.91m
256,,13216.0,,-1.33%,,,,,,,,,,,105.71,False,-1.43,105.71,2016-12-16,False,107.49,105.56,109.9,90.77,,107.42,,212.25m
257,,10619.0,,0.53%,,,,,,,,,,,106.27,False,0.56,106.27,2016-12-19,False,107.68,105.64,109.9,90.77,,106.18,,104.73m
258,,10096.0,,0.92%,,,,,,,,,,,107.25,False,0.98,107.25,2016-12-20,False,108.06,106.14,109.9,90.77,,106.46,,108.77m
259,,16879.0,,1.15%,,,,,,,,,,,108.48,False,1.23,108.48,2016-12-21,False,108.62,106.95,109.9,91.72,,107.06,,159.98m
260,,9931.0,,-1.49%,,,,,,,,,,,106.86,False,-1.62,106.86,2016-12-22,False,108.98,106.11,109.9,93.28,,108.26,,112.23m
261,,6190.0,,1.12%,,,,,,,,,,,108.06,False,1.2,108.06,2016-12-23,False,108.53,107.46,109.9,94.2,,107.46,,58.28m
262,,6656.0,,0.48%,,,,,,,,,,,108.58,False,0.52,108.58,2016-12-27,False,109.31,108.25,109.9,94.2,,108.5,,63.5m
263,,12005.0,,-2.18%,,,,,,,,,,,106.21,False,-2.37,106.21,2016-12-28,False,109.55,105.73,109.9,94.2,,108.76,,124.82m
264,,7641.0,,0.46%,,,,,,,,,,,106.7,False,0.49,106.7,2016-12-29,False,107.77,105.87,109.9,98.51,,106.58,,80.08m
265,,10691.0,,-1.05%,,,,,,,,,,,105.58,False,-1.12,105.58,2016-12-30,False,107.5499,104.699,109.9,101.245,,107.1,,123.56m
266,,18438.0,,3.53%,,,,,,,,,,,109.31,True,3.73,109.31,2017-01-03,False,110.79,107.3,109.9,103.251,,107.88,,207.09m
267,,12391.0,,0.51%,,,,,,,,,,,109.87,False,0.56,109.87,2017-01-04,False,110.5,108.4,110.79,103.71,,109.5,,119.24m
268,,11429.0,,0.25%,,,,,,,,,,,110.15,True,0.28,110.15,2017-01-05,False,111.81,108.215,110.79,103.71,,109.9,,148.4m
269,,11706.0,,-0.70%,,,,,,,,,,,109.38,False,-0.77,109.38,2017-01-06,False,111.0,108.91,111.81,103.71,,110.29,,126.33m
270,,16480.0,,-2.94%,,,,,,,,,,,106.16,False,-3.22,106.16,2017-01-09,False,108.9,106.12,111.81,103.71,,108.12,,193.79m
271,,21189.0,,2.58%,,,,,,,,,,,108.9,False,2.74,108.9,2017-01-10,False,110.609,106.81,111.81,103.71,,106.81,,233.15m
272,,15196.0,,0.33%,,,,,,,,,,,109.26,False,0.36,109.26,2017-01-11,False,109.99,107.69,111.81,103.71,,108.91,,167.58m
273,,14950.0,,-2.49%,,,,,,,,,,,106.54,False,-2.72,106.54,2017-01-12,False,109.35,105.33,111.81,104.22,,109.0,,158.92m
274,,10157.0,,0.48%,,,,,,,,,,,107.05,False,0.51,107.05,2017-01-13,False,108.3,106.24,111.81,104.22,,106.5,,102.21m
275,,12231.0,,0.17%,,,,,,,,,,,107.23,False,0.18,107.23,2017-01-17,False,108.11,105.65,111.81,104.22,,106.72,,130.44m
276,,19227.0,,3.53%,,,,,,,,,,,111.02,False,3.79,111.02,2017-01-18,False,111.3,107.09,111.81,104.699,,107.47,,227.3m
277,,16591.0,,-0.51%,,,,,,,,,,,110.45,True,-0.57,110.45,2017-01-19,False,112.5,109.61,111.81,104.699,,110.71,,179.54m
278,,12231.0,,0.67%,,,,,,,,,,,111.19,False,0.74,111.19,2017-01-20,False,111.945,110.44,112.5,104.699,,110.98,,139.19m
279,,13067.0,,-0.97%,,,,,,,,,,,110.11,False,-1.08,110.11,2017-01-23,False,111.25,109.41,112.5,104.699,,110.98,,144.61m
280,,18521.0,,3.18%,,,,,,,,,,,113.61,True,3.5,113.61,2017-01-24,False,114.47,110.525,112.5,104.699,,111.15,,202.32m
281,,25011.0,,0.57%,,,,,,,,,,,114.26,True,0.65,114.26,2017-01-25,False,115.61,112.5901,114.47,104.699,,115.0,,347.34m
282,,51954.0,,11.20%,,,,,,,,,,,127.06,True,12.8,127.06,2017-01-26,False,129.39,122.05,115.61,104.699,,123.42,,828.93m
283,,23166.0,,0.94%,,,,,,,,,,,128.26,False,1.2,128.26,2017-01-27,False,128.64,125.2,129.39,104.699,,126.6,,315.26m
284,,24689.0,,0.40%,,,,,,,,,,,128.77,False,0.51,128.77,2017-01-30,False,128.93,124.72,129.39,104.699,,128.74,,350.85m
285,,28738.0,,-1.76%,,,,,,,,,,,126.51,True,-2.26,126.51,2017-01-31,False,129.6,124.13,129.39,104.699,,129.0,,461.9m
286,,25253.0,,2.67%,,,,,,,,,,,129.89,True,3.38,129.89,2017-02-01,False,131.19,127.53,129.6,105.33,,127.53,,371.12m
287,,16426.0,,-2.16%,,,,,,,,,,,127.09,False,-2.8,127.09,2017-02-02,False,128.9009,126.281,131.19,105.33,,127.34,,224.56m
288,,14705.0,,1.23%,,,,,,,,,,,128.65,False,1.56,128.65,2017-02-03,False,129.6,127.82,131.19,105.33,,127.82,,202.69m
289,,13677.0,,-1.82%,,,,,,,,,,,126.31,False,-2.34,126.31,2017-02-06,False,128.7183,125.88,131.19,105.33,,127.8,,175.33m
290,,13083.0,,-0.06%,,,,,,,,,,,126.24,False,-0.07,126.24,2017-02-07,False,127.49,125.3975,131.19,105.33,,126.68,,158.3m
291,,18366.0,,-1.26%,,,,,,,,,,,124.65,False,-1.59,124.65,2017-02-08,False,125.89,123.06,131.19,105.33,,125.89,,231.19m
292,,15883.0,,0.63%,,,,,,,,,,,125.44,False,0.79,125.44,2017-02-09,False,126.64,123.77,131.19,105.33,,125.0,,192.18m
293,,13783.0,,1.34%,,,,,,,,,,,127.12,False,1.68,127.12,2017-02-10,False,127.54,125.3948,131.19,105.33,,126.15,,166.16m
294,,16813.0,,0.52%,,,,,,,,,,,127.78,False,0.66,127.78,2017-02-13,False,128.91,127.15,131.19,105.65,,127.31,,229.1m
295,,10491.0,,0.79%,,,,,,,,,,,128.79,False,1.01,128.79,2017-02-14,False,129.0,126.06,131.19,105.65,,127.24,,122.14m
296,,11805.0,,0.30%,,,,,,,,,,,129.18,False,0.39,129.18,2017-02-15,False,129.57,127.185,131.19,107.09,,128.5,,146.04m
297,,10530.0,,-1.02%,,,,,,,,,,,127.86,False,-1.32,127.86,2017-02-16,False,129.2788,126.43,131.19,109.41,,128.67,,126.23m
298,,11594.0,,-1.43%,,,,,,,,,,,126.03,False,-1.83,126.03,2017-02-17,False,126.95,125.02,131.19,109.41,,126.95,,140.95m
299,,11713.0,,2.30%,,,,,,,,,,,128.93,False,2.9,128.93,2017-02-21,False,129.52,126.44,131.19,109.41,,126.65,,168.7m
300,,10377.0,,-0.67%,,,,,,,,,,,128.06,False,-0.87,128.06,2017-02-22,False,128.14,126.35,131.19,110.525,,127.84,,143.52m
301,,25706.0,,-5.59%,,,,,,,,,,,120.9,False,-7.16,120.9,2017-02-23,False,129.86,120.34,131.19,112.5901,,129.06,,376.06m
302,,19422.0,,2.69%,,,,,,,,,,,124.15,False,3.25,124.15,2017-02-24,True,124.7,119.11,131.19,120.34,,119.36,,278.56m
303,,16609.0,,3.27%,,,,,,,,,,,128.21,False,4.06,128.21,2017-02-27,False,128.86,124.21,131.19,119.11,,124.71,,223.16m
304,,14287.0,,-0.14%,,,,,,,,,,,128.03,False,-0.18,128.03,2017-02-28,False,128.69,126.0,131.19,119.11,,126.81,,196.91m
305,,22842.0,,4.16%,,,,,,,,,,,133.36,True,5.33,133.36,2017-03-01,False,134.28,130.77,131.19,119.11,,130.79,,331.85m
306,,17876.0,,-3.26%,,,,,,,,,,,129.01,False,-4.35,129.01,2017-03-02,False,133.24,128.65,134.28,119.11,,133.11,,255.65m
307,,13727.0,,-0.22%,,,,,,,,,,,128.72,False,-0.29,128.72,2017-03-03,False,130.15,126.92,134.28,119.11,,129.01,,188.79m
308,,12963.0,,0.82%,,,,,,,,,,,129.78,False,1.06,129.78,2017-03-06,False,130.16,126.9,134.28,119.11,,127.22,,186.08m
309,,14700.0,,-1.26%,,,,,,,,,,,128.15,False,-1.63,128.15,2017-03-07,False,130.5,127.46,134.28,119.11,,129.37,,192.81m
310,,18966.0,,-3.00%,,,,,,,,,,,124.3,False,-3.85,124.3,2017-03-08,False,129.975,124.16,134.28,119.11,,128.84,,253.57m
311,,25553.0,,-1.87%,,,,,,,,,,,121.98,False,-2.32,121.98,2017-03-09,False,125.22,120.59,134.28,119.11,,124.0,,376.53m
312,,15092.0,,0.80%,,,,,,,,,,,122.95,False,0.97,122.95,2017-03-10,False,124.8,121.34,134.28,119.11,,123.62,,178.49m
313,,13079.0,,1.02%,,,,,,,,,,,124.2,False,1.25,124.2,2017-03-13,False,125.06,122.98,134.28,119.11,,122.98,,169.52m
314,,17872.0,,-1.67%,,,,,,,,,,,122.12,False,-2.08,122.12,2017-03-14,False,122.18,119.3,134.28,119.11,,122.16,,247.6m
315,,17683.0,,3.46%,,,,,,,,,,,126.35,False,4.23,126.35,2017-03-15,False,127.04,122.76,134.28,119.11,,123.2,,267.97m
316,,12520.0,,-0.85%,,,,,,,,,,,125.28,False,-1.07,125.28,2017-03-16,False,128.46,124.92,134.28,119.11,,127.0,,172.6m
317,,8181.0,,-0.07%,,,,,,,,,,,125.19,False,-0.09,125.19,2017-03-17,False,126.78,125.15,134.28,119.11,,125.72,,122.87m
318,,8501.0,,-0.16%,,,,,,,,,,,124.99,False,-0.2,124.99,2017-03-20,False,125.84,123.01,134.28,119.11,,124.47,,118.6m
319,,17228.0,,-3.98%,,,,,,,,,,,120.01,False,-4.98,120.01,2017-03-21,False,125.75,119.59,134.28,119.11,,125.33,,216.96m
320,,14140.0,,0.31%,,,,,,,,,,,120.38,False,0.37,120.38,2017-03-22,True,121.48,118.14,134.28,119.11,,119.33,,167.83m
321,,11638.0,,0.37%,,,,,,,,,,,120.82,False,0.44,120.82,2017-03-23,False,122.48,119.43,134.28,118.14,,119.7,,128.48m
322,,13045.0,,-0.11%,,,,,,,,,,,120.69,False,-0.13,120.69,2017-03-24,False,122.75,119.53,134.28,118.14,,121.33,,152.5m
323,,13772.0,,-0.94%,,,,,,,,,,,119.56,False,-1.13,119.56,2017-03-27,True,120.01,115.1,134.28,118.14,,117.455,,168.11m
324,,16352.0,,3.08%,,,,,,,,,,,123.24,False,3.68,123.24,2017-03-28,False,124.66,119.22,134.28,115.1,,119.59,,201.12m
325,,12104.0,,0.32%,,,,,,,,,,,123.64,False,0.4,123.64,2017-03-29,False,125.03,122.57,134.28,115.1,,123.06,,132.51m
326,,9246.0,,0.43%,,,,,,,,,,,124.17,False,0.53,124.17,2017-03-30,False,124.55,122.97,134.28,115.1,,123.66,,108.21m
327,,11816.0,,0.71%,,,,,,,,,,,125.05,False,0.88,125.05,2017-03-31,False,126.19,123.18,134.28,115.1,,123.35,,122.57m
328,,13797.0,,-0.98%,,,,,,,,,,,123.83,False,-1.22,123.83,2017-04-03,False,125.28,121.62,134.28,115.1,,125.11,,155.29m
329,,9431.0,,-0.05%,,,,,,,,,,,123.77,False,-0.06,123.77,2017-04-04,False,124.89,122.73,134.28,115.1,,123.12,,103.01m
330,,16535.0,,-2.19%,,,,,,,,,,,121.06,False,-2.71,121.06,2017-04-05,False,126.765,120.28,134.28,115.1,,125.0,,204.68m
331,,12404.0,,2.43%,,,,,,,,,,,124.0,False,2.94,124.0,2017-04-06,False,124.96,121.2,134.28,115.1,,121.51,,156.32m
332,,11995.0,,-0.48%,,,,,,,,,,,123.41,False,-0.59,123.41,2017-04-07,False,125.43,123.0801,134.28,115.1,,123.59,,156.52m
333,,13740.0,,2.07%,,,,,,,,,,,125.96,False,2.55,125.96,2017-04-10,False,126.57,123.94,134.28,115.1,,124.37,,181.54m
334,,10413.0,,-0.02%,,,,,,,,,,,125.93,False,-0.03,125.93,2017-04-11,False,126.56,124.02,134.28,115.1,,125.99,,119.72m
335,,14975.0,,-3.81%,,,,,,,,,,,121.13,False,-4.8,121.13,2017-04-12,False,126.06,120.816,134.28,115.1,,125.56,,183.66m
336,,12863.0,,-1.52%,,,,,,,,,,,119.29,False,-1.84,119.29,2017-04-13,False,123.21,119.25,134.28,115.1,,121.32,,159.7m
337,,12943.0,,1.39%,,,,,,,,,,,120.95,False,1.66,120.95,2017-04-17,False,120.97,119.05,134.28,115.1,,120.01,,156.7m
338,,14583.0,,-0.90%,,,,,,,,,,,119.86,False,-1.09,119.86,2017-04-18,False,120.505,117.93,134.28,115.1,,119.77,,159.97m
339,,26935.0,,-0.34%,,,,,,,,,,,119.45,False,-0.41,119.45,2017-04-19,False,122.59,118.979,134.28,115.1,,120.96,,342.59m
340,,57229.0,,-5.20%,,,,,,,,,,,113.24,False,-6.21,113.24,2017-04-20,True,114.635,110.6,134.28,115.1,,113.74,,780.37m
341,,32528.0,,-1.57%,,,,,,,,,,,111.46,False,-1.78,111.46,2017-04-21,True,113.25,108.82,134.28,110.6,,112.9,,415.2m
342,,22704.0,,1.88%,,,,,,,,,,,113.56,False,2.1,113.56,2017-04-24,False,114.79,113.11,134.28,108.82,,113.71,,295m
343,,19879.0,,-0.23%,,,,,,,,,,,113.3,False,-0.26,113.3,2017-04-25,False,115.23,112.53,134.28,108.82,,114.35,,229.57m
344,,15340.0,,0.09%,,,,,,,,,,,113.4,False,0.1,113.4,2017-04-26,False,114.86,113.17,134.28,108.82,,113.3,,174.9m
345,,26463.0,,-3.42%,,,,,,,,,,,109.52,False,-3.88,109.52,2017-04-27,True,113.4,108.01,134.28,108.82,,112.89,,306.58m
346,,23575.0,,0.13%,,,,,,,,,,,109.66,False,0.14,109.66,2017-04-28,False,112.88,109.2252,134.28,108.01,,111.94,,283.72m
347,,15594.0,,-0.71%,,,,,,,,,,,108.88,False,-0.78,108.88,2017-05-01,True,110.0,107.06,134.28,108.01,,109.81,,177.77m
348,,14151.0,,-0.24%,,,,,,,,,,,108.62,False,-0.26,108.62,2017-05-02,False,109.78,107.62,134.28,107.06,,108.98,,151.64m
349,,13497.0,,-0.85%,,,,,,,,,,,107.7,False,-0.92,107.7,2017-05-03,True,108.77,106.61,134.28,107.06,,107.67,,154.18m
350,,16076.0,,-0.32%,,,,,,,,,,,107.36,False,-0.34,107.36,2017-05-04,True,107.93,105.73,134.28,106.61,,107.7,,171.93m
351,,13538.0,,1.49%,,,,,,,,,,,108.96,False,1.6,108.96,2017-05-05,False,109.05,106.8482,134.28,105.73,,107.57,,147.92m
352,,20705.0,,2.50%,,,,,,,,,,,111.68,False,2.72,111.68,2017-05-08,False,112.15,110.68,134.28,105.73,,110.74,,246.82m
353,,13679.0,,0.02%,,,,,,,,,,,111.7,False,0.02,111.7,2017-05-09,False,112.55,111.07,134.28,105.73,,112.02,,147.94m
354,,17475.0,,2.26%,,,,,,,,,,,114.23,False,2.53,114.23,2017-05-10,False,114.95,111.3673,134.28,105.73,,111.75,,202.56m
355,,16144.0,,0.18%,,,,,,,,,,,114.43,False,0.2,114.43,2017-05-11,False,115.17,111.38,134.28,105.73,,113.8,,169.98m
356,,13165.0,,-1.98%,,,,,,,,,,,112.16,False,-2.27,112.16,2017-05-12,False,113.6592,111.24,133.24,105.73,,113.6,,134.46m
357,,11874.0,,1.49%,,,,,,,,,,,113.83,False,1.67,113.83,2017-05-15,False,114.75,112.65,130.5,105.73,,113.1344,,151.98m
358,,14595.0,,-1.85%,,,,,,,,,,,111.72,False,-2.11,111.72,2017-05-16,False,114.02,110.62,130.5,105.73,,113.68,,151.83m
359,,23670.0,,-5.93%,,,,,,,,,,,105.1,False,-6.62,105.1,2017-05-17,True,110.5,104.72,130.5,105.73,,109.94,,254.65m
360,,24390.0,,1.33%,,,,,,,,,,,106.5,False,1.4,106.5,2017-05-18,True,107.4,102.73,129.975,104.72,,104.21,,273.18m
361,,17109.0,,3.38%,,,,,,,,,,,110.1,False,3.6,110.1,2017-05-19,False,110.59,106.91,128.46,102.73,,106.92,,186.65m
362,,10089.0,,0.45%,,,,,,,,,,,110.6,False,0.5,110.6,2017-05-22,False,111.26,109.19,128.46,102.73,,110.68,,111.03m
363,,7507.0,,0.63%,,,,,,,,,,,111.3,False,0.7,111.3,2017-05-23,False,111.31,109.26,128.46,102.73,,110.58,,115.94m
364,,13635.0,,-0.44%,,,,,,,,,,,110.81,False,-0.49,110.81,2017-05-24,False,113.35,110.27,128.46,102.73,,111.21,,162.53m
365,,15735.0,,0.53%,,,,,,,,,,,111.4,False,0.59,111.4,2017-05-25,False,113.93,110.26,128.46,102.73,,110.86,,189.22m
366,,8575.0,,-0.21%,,,,,,,,,,,111.17,False,-0.23,111.17,2017-05-26,False,111.86,109.95,128.46,102.73,,111.0,,87.24m
367,,9717.0,,-0.47%,,,,,,,,,,,110.65,False,-0.52,110.65,2017-05-30,False,112.07,109.97,126.78,102.73,,110.73,,124.4m
368,,16164.0,,-1.74%,,,,,,,,,,,108.73,False,-1.92,108.73,2017-05-31,False,111.07,106.32,126.765,102.73,,110.35,,229.68m
369,,17493.0,,1.14%,,,,,,,,,,,109.97,False,1.24,109.97,2017-06-01,False,112.36,109.0049,126.765,102.73,,109.58,,194.59m
370,,16502.0,,-1.35%,,,,,,,,,,,108.49,False,-1.48,108.49,2017-06-02,False,109.71,108.16,126.765,102.73,,109.66,,172.36m
371,,25808.0,,-2.53%,,,,,,,,,,,105.74,False,-2.75,105.74,2017-06-05,False,108.4,104.24,126.765,102.73,,108.4,,302.03m
372,,18815.0,,0.55%,,,,,,,,,,,106.32,False,0.58,106.32,2017-06-06,False,106.59,103.48,126.765,102.73,,105.05,,210.49m
373,,13697.0,,-1.00%,,,,,,,,,,,105.26,False,-1.06,105.26,2017-06-07,False,106.81,104.58,126.765,102.73,,106.67,,157.81m
374,,11523.0,,1.22%,,,,,,,,,,,106.54,False,1.28,106.54,2017-06-08,False,108.08,104.87,126.765,102.73,,105.13,,132.87m
375,,20288.0,,3.45%,,,,,,,,,,,110.22,False,3.68,110.22,2017-06-09,False,110.8,106.61,126.765,102.73,,106.84,,232.12m
376,,20696.0,,1.45%,,,,,,,,,,,111.82,False,1.6,111.82,2017-06-12,False,112.5,109.92,126.765,102.73,,110.67,,217.13m
377,,14882.0,,-0.14%,,,,,,,,,,,111.66,False,-0.16,111.66,2017-06-13,False,111.95,109.64,126.765,102.73,,111.35,,179.07m
378,,26618.0,,-6.13%,,,,,,,,,,,104.81,False,-6.85,104.81,2017-06-14,False,111.24,104.07,126.765,102.73,,111.24,,322.16m
379,,19598.0,,-1.26%,,,,,,,,,,,103.49,False,-1.32,103.49,2017-06-15,False,105.6743,102.86,126.765,102.73,,103.76,,222.08m
380,,15751.0,,1.65%,,,,,,,,,,,105.2,False,1.71,105.2,2017-06-16,False,105.22,102.73,126.765,102.73,,103.66,,196.71m
381,,10406.0,,1.66%,,,,,,,,,,,106.95,False,1.75,106.95,2017-06-19,False,107.45,105.38,126.57,102.73,,105.64,,108.74m
382,,16531.0,,-2.84%,,,,,,,,,,,103.91,False,-3.04,103.91,2017-06-20,True,106.22,102.42,126.57,102.73,,106.22,,216.81m
383,,14654.0,,-2.20%,,,,,,,,,,,101.62,False,-2.29,101.62,2017-06-21,True,104.74,100.621,126.57,102.42,,104.26,,194.59m
384,,12851.0,,2.16%,,,,,,,,,,,103.82,False,2.2,103.82,2017-06-22,False,104.35,101.3,126.56,100.621,,102.17,,142.55m
385,,11597.0,,0.99%,,,,,,,,,,,104.85,False,1.03,104.85,2017-06-23,False,105.755,103.28,126.06,100.621,,104.0,,165.41m
386,,8754.0,,1.20%,,,,,,,,,,,106.11,False,1.26,106.11,2017-06-26,False,107.18,104.96,123.21,100.621,,104.96,,91.34m
387,,13111.0,,-0.31%,,,,,,,,,,,105.78,False,-0.33,105.78,2017-06-27,False,108.65,105.75,122.59,100.621,,106.79,,138.47m
388,,12344.0,,2.56%,,,,,,,,,,,108.49,False,2.71,108.49,2017-06-28,False,109.09,106.82,122.59,100.621,,107.09,,136.98m
389,,20322.0,,1.12%,,,,,,,,,,,109.7,False,1.21,109.7,2017-06-29,False,113.66,108.79,122.59,100.621,,109.71,,268.81m
390,,18198.0,,2.74%,,,,,,,,,,,112.71,False,3.01,112.71,2017-06-30,False,113.87,110.515,115.23,100.621,,110.71,,232.42m
391,,16413.0,,0.94%,,,,,,,,,,,114.27,True,1.06,114.27,2017-07-05,False,117.55,112.76,115.23,100.621,,113.76,,218.05m
392,,20939.0,,-1.68%,,,,,,,,,,,112.35,False,-1.92,112.35,2017-07-06,False,115.395,111.92,117.55,100.621,,114.18,,255.87m
393,,10420.0,,0.18%,,,,,,,,,,,112.55,False,0.2,112.55,2017-07-07,False,113.02,111.105,117.55,100.621,,112.39,,115.09m
394,,10554.0,,0.88%,,,,,,,,,,,113.54,False,0.99,113.54,2017-07-10,False,114.65,111.09,117.55,100.621,,112.06,,126.04m
395,,8569.0,,0.13%,,,,,,,,,,,113.69,False,0.15,113.69,2017-07-11,False,114.08,111.92,117.55,100.621,,113.83,,92.79m
396,,12998.0,,0.50%,,,,,,,,,,,114.26,False,0.57,114.26,2017-07-12,False,117.32,114.06,117.55,100.621,,114.73,,144.95m
397,,12977.0,,0.42%,,,,,,,,,,,114.74,False,0.48,114.74,2017-07-13,False,116.1,113.34,117.55,100.621,,116.1,,211.19m
398,,11168.0,,2.15%,,,,,,,,,,,117.21,True,2.47,117.21,2017-07-14,False,117.65,114.33,117.55,100.621,,115.07,,147.21m
399,,13824.0,,0.49%,,,,,,,,,,,117.79,True,0.58,117.79,2017-07-17,False,119.44,117.16,117.65,100.621,,118.62,,177.88m
400,,16590.0,,-0.26%,,,,,,,,,,,117.48,False,-0.31,117.48,2017-07-18,False,117.84,116.3,119.44,100.621,,117.34,,201.94m
401,,16014.0,,1.04%,,,,,,,,,,,118.7,False,1.22,118.7,2017-07-19,False,119.19,117.04,119.44,100.621,,117.48,,210.75m
402,,34313.0,,3.24%,,,,,,,,,,,122.54,True,3.84,122.54,2017-07-20,False,126.26,121.39,119.44,100.621,,124.0,,441.26m
403,,17350.0,,-2.64%,,,,,,,,,,,119.31,False,-3.23,119.31,2017-07-21,False,121.53,119.25,126.26,100.621,,120.75,,213.88m
404,,15743.0,,-0.77%,,,,,,,,,,,118.39,False,-0.92,118.39,2017-07-24,False,120.46,117.53,126.26,101.3,,119.5,,160.49m
405,,17336.0,,2.36%,,,,,,,,,,,121.18,False,2.79,121.18,2017-07-25,False,122.96,119.69,126.26,103.28,,119.77,,212.29m
406,,10354.0,,-0.83%,,,,,,,,,,,120.17,False,-1.01,120.17,2017-07-26,False,122.17,119.761,126.26,104.96,,122.17,,114.37m
407,,12412.0,,0.50%,,,,,,,,,,,120.77,False,0.6,120.77,2017-07-27,False,121.23,118.71,126.26,105.75,,120.19,,130.77m
408,,11448.0,,-0.86%,,,,,,,,,,,119.73,False,-1.04,119.73,2017-07-28,False,120.94,119.03,126.26,106.82,,120.61,,133.1m
409,,9889.0,,-0.64%,,,,,,,,,,,118.96,False,-0.77,118.96,2017-07-31,False,120.25,118.42,126.26,108.79,,119.92,,103.57m
410,,9825.0,,-0.50%,,,,,,,,,,,118.37,False,-0.59,118.37,2017-08-01,False,118.66,117.01,126.26,110.515,,117.2,,108.79m
411,,12706.0,,-2.82%,,,,,,,,,,,115.03,False,-3.34,115.03,2017-08-02,False,117.0396,114.06,126.26,111.09,,115.87,,150.37m
412,,12583.0,,1.11%,,,,,,,,,,,116.31,False,1.28,116.31,2017-08-03,False,117.08,115.2061,126.26,111.09,,115.48,,136.73m
413,,9825.0,,1.77%,,,,,,,,,,,118.37,False,2.06,118.37,2017-08-04,False,118.66,117.01,126.26,111.09,,117.2,,108.79m
414,,8394.0,,-0.23%,,,,,,,,,,,118.1,False,-0.27,118.1,2017-08-07,False,118.835,117.44,126.26,111.09,,118.52,,98.12m
415,,9690.0,,-0.61%,,,,,,,,,,,117.38,False,-0.72,117.38,2017-08-08,False,119.419,116.88,126.26,111.92,,117.4,,100.24m
